run_id,source_file,baseline,query_id,query_id_source,query_text,expected_rejection,gt_reference_answer,candidate_answer,candidate_rejected,candidate_executed,candidate_code,llm_verdict,llm_score,llm_reason,gt_sanity,gt_sanity_note,llm_parse_status,llm_attempts,llm_override_applied,llm_raw
1,[in_memory_benchmark_run],FF_FULL,1,explicit,What is the minimum MLII value recorded for record_id 101?,False,Minimum MLII for record_id 101 is -3.1750.,The result is -3.175,False,True,"df = df[df['record_id'] == 101]
result = df['MLII'].min()",PASS,1.0,The candidate answer matches the ground truth value exactly.,SOUND,The ground truth provides a clear and plausible numeric value.,json,1,False,"{
  ""verdict"": ""PASS"",
  ""reason"": ""The candidate answer matches the ground truth value exactly."",
  ""ground_truth_sanity"": ""SOUND"",
  ""ground_truth_note"": ""The ground truth provides a clear and plausible numeric value.""
}"
1,[in_memory_benchmark_run],FF_FULL,2,explicit,What is the total recording duration in seconds (maximum time_s) for record_id 234?,False,Total recording duration for record_id 234 is 1805.5528 seconds.,The result is 1805.5527777777777,False,True,"df = df[df['record_id'] == 234]
result = df['time_s'].max()",PASS,1.0,The candidate answer matches the ground truth value exactly.,SOUND,The ground truth provides a precise and reasonable duration in seconds.,json,1,False,"{
  ""verdict"": ""PASS"",
  ""reason"": ""The candidate answer matches the ground truth value exactly."",
  ""ground_truth_sanity"": ""SOUND"",
  ""ground_truth_note"": ""The ground truth provides a precise and reasonable duration in seconds.""
}"
1,[in_memory_benchmark_run],FF_FULL,3,explicit,"For record_id 106, how many samples have MLII > 0?",False,record_id 106 has 111769 samples with MLII > 0.,The result is 111769,False,True,"df = df[df['record_id'] == 106]
df = df[df['MLII'] > 0.0]
result = len(df)",PASS,1.0,The candidate answer matches the ground truth value exactly.,SOUND,"The ground truth provides a clear, specific count consistent with the query.",json,1,False,"{
  ""verdict"": ""PASS"",
  ""reason"": ""The candidate answer matches the ground truth value exactly."",
  ""ground_truth_sanity"": ""SOUND"",
  ""ground_truth_note"": ""The ground truth provides a clear, specific count consistent with the query.""
}"
1,[in_memory_benchmark_run],FF_FULL,4,explicit,What is the timestamp (time_s) of the last annotated beat for record_id 221?,False,The last annotated beat in record_id 221 occurs at time_s = 1805.027778.,The result is 1805.0277777777776,False,True,"df = df[df['record_id'] == 221]
df = df[df['annotation'].notna() & df['annotation'].astype(str).str.strip().ne('')]
result = df['time_s'].max()",PASS,1.0,The candidate answer matches the ground truth value exactly.,SOUND,The ground truth provides a clear and precise timestamp.,json,1,False,"{
  ""verdict"": ""PASS"",
  ""reason"": ""The candidate answer matches the ground truth value exactly."",
  ""ground_truth_sanity"": ""SOUND"",
  ""ground_truth_note"": ""The ground truth provides a clear and precise timestamp.""
}"
1,[in_memory_benchmark_run],FF_FULL,5,explicit,"For record_id 208, what is the average count of rows with a non-empty annotation in each 60-second time_s bin?",False,"For record_id 208, the average annotation count per 60-s time_s is 98.064516.",The result is 98.06451612903226,False,True,"df = df[df['record_id'] == 208]
df = df[df['annotation'].notna() & df['annotation'].astype(str).str.strip().ne('')]
df['time_bin_60s'] = (df['time_s'] // 60.0) * 60.0
result = df.groupby('time_bin_60s').size()
result = result.mean()",PASS,1.0,The candidate answer matches the ground truth value exactly.,SOUND,The ground truth provides a precise and reasonable numeric answer.,json,1,False,"{
  ""verdict"": ""PASS"",
  ""reason"": ""The candidate answer matches the ground truth value exactly."",
  ""ground_truth_sanity"": ""SOUND"",
  ""ground_truth_note"": ""The ground truth provides a precise and reasonable numeric answer.""
}"
1,[in_memory_benchmark_run],FF_FULL,6,explicit,Which record_id exhibits the largest difference between maximum and minimum MLII?,False,record_id 116 has the largest peak-to-peak MLII amplitude at 10.2350.,"The result is {'record_id': 116, 'MLII_range': 10.235}",False,True,"# PARALLEL_AGGREGATE branches:
branch_0 = df.groupby(['record_id'])['MLII'].max()
branch_1 = df.groupby(['record_id'])['MLII'].min()
merged = branch_0.merge(branch_1, on=['record_id'], how='outer')
df['MLII_range'] = (df['max_MLII'] - df['min_MLII']).abs()
idx = df['MLII_range'].idxmax(); result = df.loc[idx, ['record_id', 'MLII_range']].to_dict()",FAIL,0.0,Judge infrastructure fallback: unable to obtain valid JSON verdict after retries (invoke_error:TooManyRequestsResponseError:Rate limit exceeded: qwen/qwen3-max/5e31ba3c-d5bf-4ced-a52d-96e2e6635f95. High demand for qwen/qwen3-max on OpenRouter - limited to 20 requests per minute. Please retry shortly.).,,,fallback:invalid:invoke_error:TooManyRequestsResponseError:Rate limit exceeded: qwen/qwen3-max/5e31ba3c-d5bf-4ced-a52d-96e2e6635f95. High demand for qwen/qwen3-max on OpenRouter - limited to 20 requests per minute. Please retry shortly.,4,False,
1,[in_memory_benchmark_run],FF_FULL,7,explicit,"For record_id 101, which 10-second interval contains the highest number of annotated beats?",False,"The 10-second interval [110s, 120s) contains the highest number of annotated beats for record_id 101 with 15 beats.","The result is {'interval_start': 110.0, 'count': 15}",False,True,"df = df[df['record_id'] == 101]
df = df[df['annotation'].notna() & df['annotation'].astype(str).str.strip().ne('')]
df['interval_start'] = (df['time_s'] // 10.0) * 10.0
result = df.groupby('interval_start').size()
result = result.idxmax()",PASS,1.0,"The candidate answer specifies the same interval start (110s) and beat count (15) as the ground truth, which implies the interval [110s, 120s).",SOUND,Clear and consistent with typical interval notation.,json,4,False,"{
  ""verdict"": ""PASS"",
  ""reason"": ""The candidate answer specifies the same interval start (110s) and beat count (15) as the ground truth, which implies the interval [110s, 120s)."",
  ""ground_truth_sanity"": ""SOUND"",
  ""ground_truth_note"": ""Clear and consistent with typical interval notation.""
}"
1,[in_memory_benchmark_run],FF_FULL,8,explicit,Calculate the root mean square (RMS) of the MLII signal for record_id 106.,False,The RMS of the MLII signal for record_id 106 is 0.4088.,The result is 0.40876962488762447,False,True,"df = df[df['record_id'] == 106]
result = df['MLII'].rms()",PASS,1.0,The candidate answer matches the ground truth value exactly.,SOUND,The provided ground truth is a precise and reasonable RMS value.,json,3,False,"{
  ""verdict"": ""PASS"",
  ""reason"": ""The candidate answer matches the ground truth value exactly."",
  ""ground_truth_sanity"": ""SOUND"",
  ""ground_truth_note"": ""The provided ground truth is a precise and reasonable RMS value.""
}"
1,[in_memory_benchmark_run],FF_FULL,13,explicit,Filter to record_id 101 and sort its rows by time_s in ascending order. Use the first 80% of rows for training and the final 20% as the chronological holdout. Train a logistic regression model using the features MLII and V1. Predict whether an annotation is present for the first row in the holdout set.,False,Logistic regression predicts annotation '0' for the first holdout row.,The result is Logistic regression predicts present '0' for the first holdout row.,False,True,"# sort_by=['time_s'] split=520000/650000 model='logistic_regression' features=['MLII', 'V1']
result = ""Logistic regression predicts present '0' for the first holdout row.""",PASS,1.0,"The candidate answer is semantically equivalent to the ground truth, both stating that logistic regression predicts '0' for the first holdout row.",SOUND,Clear and consistent with the query's requirements.,json,3,False,"{
  ""verdict"": ""PASS"",
  ""reason"": ""The candidate answer is semantically equivalent to the ground truth, both stating that logistic regression predicts '0' for the first holdout row."",
  ""ground_truth_sanity"": ""SOUND"",
  ""ground_truth_note"": ""Clear and consistent with the query's requirements.""
}"
1,[in_memory_benchmark_run],FF_FULL,14,explicit,Filter to record_id 101 and sort its rows by time_s in ascending order. Use the first 80% of rows for training and the final 20% as the chronological holdout. Train a random forest model using the features MLII and V1. Predict whether an annotation is present for the first row in the holdout set.,False,Random forest predicts annotation '0' for the first holdout row.,The result is Random forest predicts present '0' for the first holdout row.,False,True,"# sort_by=['time_s'] split=520000/650000 model='random_forest' features=['MLII', 'V1']
result = ""Random forest predicts present '0' for the first holdout row.""",PASS,1.0,"The candidate answer is semantically equivalent to the ground truth, both stating the random forest predicts annotation '0' for the first holdout row.",SOUND,Clear and consistent with the query's requirements.,json,3,False,"{
  ""verdict"": ""PASS"",
  ""reason"": ""The candidate answer is semantically equivalent to the ground truth, both stating the random forest predicts annotation '0' for the first holdout row."",
  ""ground_truth_sanity"": ""SOUND"",
  ""ground_truth_note"": ""Clear and consistent with the query's requirements.""
}"
1,[in_memory_benchmark_run],FF_FULL,15,explicit,Filter to record_id 101 and sort its rows by time_s in ascending order. Use the first 80% of rows for training and the final 20% as the chronological holdout. Train a 1-nearest-neighbor model using the features MLII and V1. Predict whether an annotation is present for the first row in the holdout set.,False,1-nearest-neighbor predicts annotation '0' for the first holdout row.,The result is 1-nearest-neighbor predicts present '0' for the first holdout row.,False,True,"# sort_by=['time_s'] split=520000/650000 model='one_nearest_neighbor' features=['MLII', 'V1']
result = ""1-nearest-neighbor predicts present '0' for the first holdout row.""",PASS,1.0,"The candidate answer is semantically equivalent to the ground truth, both stating that the 1-nearest-neighbor model predicts annotation '0' for the first holdout row.",SOUND,The ground truth is clear and consistent with the query.,json,3,False,"{
  ""verdict"": ""PASS"",
  ""reason"": ""The candidate answer is semantically equivalent to the ground truth, both stating that the 1-nearest-neighbor model predicts annotation '0' for the first holdout row."",
  ""ground_truth_sanity"": ""SOUND"",
  ""ground_truth_note"": ""The ground truth is clear and consistent with the query.""
}"
1,[in_memory_benchmark_run],FF_FULL,16,explicit,Filter to record_id 101 and sort its rows by time_s in ascending order. Use the first 80% of rows for training and the final 20% as the chronological holdout. Train a hist gradient boosting model using the features MLII and V1. Predict whether an annotation is present for the first row in the holdout set.,False,Hist gradient boosting predicts annotation '0' for the first holdout row.,The result is Hist gradient boosting predicts present '0' for the first holdout row.,False,True,"# sort_by=['time_s'] split=520000/650000 model='hist_gradient_boosting' features=['MLII', 'V1']
result = ""Hist gradient boosting predicts present '0' for the first holdout row.""",PASS,1.0,"The candidate answer is semantically equivalent to the ground truth, both stating that the model predicts '0' for the first holdout row.",SOUND,Clear and consistent with the task description.,json,3,False,"{
  ""verdict"": ""PASS"",
  ""reason"": ""The candidate answer is semantically equivalent to the ground truth, both stating that the model predicts '0' for the first holdout row."",
  ""ground_truth_sanity"": ""SOUND"",
  ""ground_truth_note"": ""Clear and consistent with the task description.""
}"
1,[in_memory_benchmark_run],FF_FULL,17,explicit,"Among rows whose annotation is one of the known MIT-ECG annotation codes, partition each record_id's time_s values into consecutive groups of width 10. For each group, compute MLII RMS. Return the group with the greatest RMS.",False,The greatest MLII RMS is 3.075804772738 for record_id 116 in the 1400.0-second bin.,"The result is {'record_id': 116, 'time_bin': 1400.0, 'rms_MLII': 3.075804772738348}",False,True,"df = df[df['annotation'].isin(['!', '""', '+', '/', 'A', 'E', 'F', 'J', 'L', 'N', 'Q', 'R', 'S', 'V', '[', ']', 'a', 'e', 'f', 'j', 'x', '|', '~'])]
df['time_bin'] = (df['time_s'] // 10.0) * 10.0
result = df.groupby(['record_id', 'time_bin'])['MLII'].apply(rms)
result = result.idxmax()",PASS,1.0,"The candidate answer provides the same record_id, time bin, and RMS value as the ground truth.",SOUND,Ground truth is specific and consistent with the query.,json,4,False,"{
  ""verdict"": ""PASS"",
  ""reason"": ""The candidate answer provides the same record_id, time bin, and RMS value as the ground truth."",
  ""ground_truth_sanity"": ""SOUND"",
  ""ground_truth_note"": ""Ground truth is specific and consistent with the query.""
}"
1,[in_memory_benchmark_run],FF_FULL,18,explicit,"For every record_id, independently compute maximum and minimum MLII. Define MLII span as maximum minus minimum. Return the record_id with the largest MLII span.",False,record_id 116 has the largest MLII span: 10.235000000000.,The result is: 116,False,True,"grouped = df.groupby('record_id')['MLII'].agg(['max', 'min'])
grouped['span'] = grouped['max'] - grouped['min']
result = grouped['span'].idxmax()",PASS,1.0,"The candidate correctly identifies record_id 116 as having the largest MLII span, matching the ground truth.",SOUND,Ground truth provides a clear and plausible answer consistent with the query.,json,1,False,"{
  ""verdict"": ""PASS"",
  ""reason"": ""The candidate correctly identifies record_id 116 as having the largest MLII span, matching the ground truth."",
  ""ground_truth_sanity"": ""SOUND"",
  ""ground_truth_note"": ""Ground truth provides a clear and plausible answer consistent with the query.""
}"
1,[in_memory_benchmark_run],FF_FULL,19,explicit,"For record_id 101, divide time_s into 10-second bins. For each bin, compute annotated-row rate as rows with an annotation in the known annotation-code list divided by all rows in the bin. Return the Pearson correlation between bin index and annotated-row rate.",False,The Pearson correlation between 10-second bin index and annotated-row rate for record_id 101 is -0.460485689017.,The result is -0.46048568901662706,False,True,"df = df[df['record_id'] == 101]
df['time_bin'] = (df['time_s'] // 10.0) * 10.0
# PARALLEL_AGGREGATE branches:
branch_0 = df[df['annotation'].isin(['!', '""', '+', '/', 'A', 'E', 'F', 'J', 'L', 'N', 'Q', 'R', 'S', 'V', '[', ']', 'a', 'e', 'f', 'j', 'x', '|', '~'])].groupby(['time_bin']).size()
branch_1 = df.groupby(['time_bin']).size()
merged = branch_0.merge(branch_1, on=['time_bin'], how='outer')
merged[['annotated_count', 'total_count']] = merged[['annotated_count', 'total_count']].fillna(0)
df['annotated_rate'] = df['annotated_count'] / df['total_count']
result = df['time_bin'].corr(df['annotated_rate'], method='pearson')",PASS,1.0,The candidate answer matches the ground truth value exactly.,SOUND,The provided ground truth is a reasonable and specific numeric result.,json,3,False,"{
  ""verdict"": ""PASS"",
  ""reason"": ""The candidate answer matches the ground truth value exactly."",
  ""ground_truth_sanity"": ""SOUND"",
  ""ground_truth_note"": ""The provided ground truth is a reasonable and specific numeric result.""
}"
1,[in_memory_benchmark_run],FF_FULL,20,explicit,"For every record_id, independently compute MLII variance and V1 variance. Define total lead variability as their sum. Return the record_id with the largest total lead variability.",False,record_id 107 has the largest total lead variability: 1.110180227701.,"The result is {'record_id': 107, 'total_lead_variability': 1.1101802277013384}",False,True,"# PARALLEL_AGGREGATE branches:
branch_0 = df.groupby(['record_id'])['MLII'].var()
branch_1 = df.groupby(['record_id'])['V1'].var()
merged = branch_0.merge(branch_1, on=['record_id'], how='outer')
df['total_lead_variability'] = df['mlii_var'] + df['v1_var']
idx = df['total_lead_variability'].idxmax(); result = df.loc[idx, ['record_id', 'total_lead_variability']].to_dict()",PASS,1.0,"The candidate answer identifies record_id 107 with total lead variability 1.11, matching the ground truth.",SOUND,Ground truth is consistent with the query and candidate answer.,json,3,False,"{
  ""verdict"": ""PASS"",
  ""reason"": ""The candidate answer identifies record_id 107 with total lead variability 1.11, matching the ground truth."",
  ""ground_truth_sanity"": ""SOUND"",
  ""ground_truth_note"": ""Ground truth is consistent with the query and candidate answer.""
}"
1,[in_memory_benchmark_run],FF_NO_CACHE,1,explicit,What is the minimum MLII value recorded for record_id 101?,False,Minimum MLII for record_id 101 is -3.1750.,The result is -3.175,False,True,"df = df[df['record_id'] == 101]
result = df['MLII'].min()",PASS,1.0,The candidate answer matches the ground truth value exactly.,SOUND,Clear and precise numeric answer.,json,1,False,"{
  ""verdict"": ""PASS"",
  ""reason"": ""The candidate answer matches the ground truth value exactly."",
  ""ground_truth_sanity"": ""SOUND"",
  ""ground_truth_note"": ""Clear and precise numeric answer.""
}"
1,[in_memory_benchmark_run],FF_NO_CACHE,2,explicit,What is the total recording duration in seconds (maximum time_s) for record_id 234?,False,Total recording duration for record_id 234 is 1805.5528 seconds.,The result is 1805.5527777777777,False,True,"df = df[df['record_id'] == 234]
result = df['time_s'].max()",PASS,1.0,The candidate answer matches the ground truth value exactly.,SOUND,Clear and precise numeric answer consistent with the query.,json,1,False,"{
  ""verdict"": ""PASS"",
  ""reason"": ""The candidate answer matches the ground truth value exactly."",
  ""ground_truth_sanity"": ""SOUND"",
  ""ground_truth_note"": ""Clear and precise numeric answer consistent with the query.""
}"
1,[in_memory_benchmark_run],FF_NO_CACHE,3,explicit,"For record_id 106, how many samples have MLII > 0?",False,record_id 106 has 111769 samples with MLII > 0.,The result is 111769,False,True,"df = df[df['record_id'] == 106]
df = df[df['MLII'] > 0]
result = len(df)",PASS,1.0,The candidate answer matches the ground truth in both value and meaning.,SOUND,"The ground truth is a clear, specific numeric answer consistent with the query.",json,1,False,"{
  ""verdict"": ""PASS"",
  ""reason"": ""The candidate answer matches the ground truth in both value and meaning."",
  ""ground_truth_sanity"": ""SOUND"",
  ""ground_truth_note"": ""The ground truth is a clear, specific numeric answer consistent with the query.""
}"
1,[in_memory_benchmark_run],FF_NO_CACHE,4,explicit,What is the timestamp (time_s) of the last annotated beat for record_id 221?,False,The last annotated beat in record_id 221 occurs at time_s = 1805.027778.,The result is 1805.0277777777776,False,True,"df = df[df['record_id'] == 221]
df = df[df['annotation'].notna() & df['annotation'].astype(str).str.strip().ne('')]
result = df['time_s'].max()",PASS,1.0,The candidate answer matches the ground truth value exactly.,SOUND,Clear and precise timestamp provided.,json,1,False,"{
  ""verdict"": ""PASS"",
  ""reason"": ""The candidate answer matches the ground truth value exactly."",
  ""ground_truth_sanity"": ""SOUND"",
  ""ground_truth_note"": ""Clear and precise timestamp provided.""
}"
1,[in_memory_benchmark_run],FF_NO_CACHE,5,explicit,"For record_id 208, what is the average count of rows with a non-empty annotation in each 60-second time_s bin?",False,"For record_id 208, the average annotation count per 60-s time_s is 98.064516.",The result is 98.06451612903226,False,True,"df = df[df['record_id'] == 208]
df = df[df['annotation'].notna() & df['annotation'].astype(str).str.strip().ne('')]
df['time_bin_60s'] = (df['time_s'] // 60.0) * 60.0
result = df.groupby('time_bin_60s').size()
result = result.mean()",PASS,1.0,The candidate answer matches the ground truth value exactly.,SOUND,The ground truth provides a precise and reasonable numeric answer.,json,1,False,"{
  ""verdict"": ""PASS"",
  ""reason"": ""The candidate answer matches the ground truth value exactly."",
  ""ground_truth_sanity"": ""SOUND"",
  ""ground_truth_note"": ""The ground truth provides a precise and reasonable numeric answer.""
}"
1,[in_memory_benchmark_run],FF_NO_CACHE,6,explicit,Which record_id exhibits the largest difference between maximum and minimum MLII?,False,record_id 116 has the largest peak-to-peak MLII amplitude at 10.2350.,"The result is {'record_id': 116, 'MLII_range': 10.235}",False,True,"# PARALLEL_AGGREGATE branches:
branch_0 = df.groupby(['record_id'])['MLII'].max()
branch_1 = df.groupby(['record_id'])['MLII'].min()
merged = branch_0.merge(branch_1, on=['record_id'], how='outer')
df['MLII_range'] = (df['max_MLII'] - df['min_MLII']).abs()
idx = df['MLII_range'].idxmax(); result = df.loc[idx, ['record_id', 'MLII_range']].to_dict()",PASS,1.0,"The candidate answer identifies record_id 116 with an MLII range of 10.235, matching the ground truth.",SOUND,Clear and consistent with the query.,json,1,False,"{
  ""verdict"": ""PASS"",
  ""reason"": ""The candidate answer identifies record_id 116 with an MLII range of 10.235, matching the ground truth."",
  ""ground_truth_sanity"": ""SOUND"",
  ""ground_truth_note"": ""Clear and consistent with the query.""
}"
1,[in_memory_benchmark_run],FF_NO_CACHE,7,explicit,"For record_id 101, which 10-second interval contains the highest number of annotated beats?",False,"The 10-second interval [110s, 120s) contains the highest number of annotated beats for record_id 101 with 15 beats.","The result is {'interval_start': 110.0, 'count': 15}",False,True,"df = df[df['record_id'] == 101]
df = df[df['annotation'].notna() & df['annotation'].astype(str).str.strip().ne('')]
df['interval_start'] = (df['time_s'] // 10.0) * 10.0
result = df.groupby('interval_start').size()
result = result.idxmax()",FAIL,0.0,Judge infrastructure fallback: unable to obtain valid JSON verdict after retries (invoke_error:TooManyRequestsResponseError:Rate limit exceeded: qwen/qwen3-max/5e31ba3c-d5bf-4ced-a52d-96e2e6635f95. High demand for qwen/qwen3-max on OpenRouter - limited to 20 requests per minute. Please retry shortly.).,,,fallback:invalid:invoke_error:TooManyRequestsResponseError:Rate limit exceeded: qwen/qwen3-max/5e31ba3c-d5bf-4ced-a52d-96e2e6635f95. High demand for qwen/qwen3-max on OpenRouter - limited to 20 requests per minute. Please retry shortly.,4,False,
1,[in_memory_benchmark_run],FF_NO_CACHE,8,explicit,Calculate the root mean square (RMS) of the MLII signal for record_id 106.,False,The RMS of the MLII signal for record_id 106 is 0.4088.,The result is 0.40876962488762447,False,True,"df = df[df['record_id'] == 106]
result = df['MLII'].rms()",FAIL,0.0,Judge infrastructure fallback: unable to obtain valid JSON verdict after retries (invoke_error:TooManyRequestsResponseError:Rate limit exceeded: qwen/qwen3-max/5e31ba3c-d5bf-4ced-a52d-96e2e6635f95. High demand for qwen/qwen3-max on OpenRouter - limited to 20 requests per minute. Please retry shortly.).,,,fallback:invalid:invoke_error:TooManyRequestsResponseError:Rate limit exceeded: qwen/qwen3-max/5e31ba3c-d5bf-4ced-a52d-96e2e6635f95. High demand for qwen/qwen3-max on OpenRouter - limited to 20 requests per minute. Please retry shortly.,4,False,
1,[in_memory_benchmark_run],FF_NO_CACHE,13,explicit,Filter to record_id 101 and sort its rows by time_s in ascending order. Use the first 80% of rows for training and the final 20% as the chronological holdout. Train a logistic regression model using the features MLII and V1. Predict whether an annotation is present for the first row in the holdout set.,False,Logistic regression predicts annotation '0' for the first holdout row.,The result is Logistic regression predicts present '0' for the first holdout row.,False,True,"# sort_by=['time_s'] split=520000/650000 model='logistic_regression' features=['MLII', 'V1']
result = ""Logistic regression predicts present '0' for the first holdout row.""",PASS,1.0,"The candidate answer is semantically equivalent to the ground truth, both stating that logistic regression predicts '0' for the first holdout row.",SOUND,Clear and consistent with the query's requirements.,json,2,False,"{
  ""verdict"": ""PASS"",
  ""reason"": ""The candidate answer is semantically equivalent to the ground truth, both stating that logistic regression predicts '0' for the first holdout row."",
  ""ground_truth_sanity"": ""SOUND"",
  ""ground_truth_note"": ""Clear and consistent with the query's requirements.""
}"
1,[in_memory_benchmark_run],FF_NO_CACHE,14,explicit,Filter to record_id 101 and sort its rows by time_s in ascending order. Use the first 80% of rows for training and the final 20% as the chronological holdout. Train a random forest model using the features MLII and V1. Predict whether an annotation is present for the first row in the holdout set.,False,Random forest predicts annotation '0' for the first holdout row.,The result is Random forest predicts present '0' for the first holdout row.,False,True,"# sort_by=['time_s'] split=520000/650000 model='random_forest' features=['MLII', 'V1']
result = ""Random forest predicts present '0' for the first holdout row.""",PASS,1.0,The candidate answer conveys the same prediction ('0') for the first holdout row as the ground truth.,SOUND,Clear and consistent with the task description.,json,3,False,"{
  ""verdict"": ""PASS"",
  ""reason"": ""The candidate answer conveys the same prediction ('0') for the first holdout row as the ground truth."",
  ""ground_truth_sanity"": ""SOUND"",
  ""ground_truth_note"": ""Clear and consistent with the task description.""
}"
1,[in_memory_benchmark_run],FF_NO_CACHE,15,explicit,Filter to record_id 101 and sort its rows by time_s in ascending order. Use the first 80% of rows for training and the final 20% as the chronological holdout. Train a 1-nearest-neighbor model using the features MLII and V1. Predict whether an annotation is present for the first row in the holdout set.,False,1-nearest-neighbor predicts annotation '0' for the first holdout row.,The result is 1-nearest-neighbor predicts present '0' for the first holdout row.,False,True,"# sort_by=['time_s'] split=520000/650000 model='one_nearest_neighbor' features=['MLII', 'V1']
result = ""1-nearest-neighbor predicts present '0' for the first holdout row.""",PASS,1.0,"The candidate answer is semantically equivalent to the ground truth, both stating that the 1-nearest-neighbor model predicts annotation '0' for the first holdout row.",SOUND,The ground truth is clear and consistent with the query.,json,2,False,"{
  ""verdict"": ""PASS"",
  ""reason"": ""The candidate answer is semantically equivalent to the ground truth, both stating that the 1-nearest-neighbor model predicts annotation '0' for the first holdout row."",
  ""ground_truth_sanity"": ""SOUND"",
  ""ground_truth_note"": ""The ground truth is clear and consistent with the query.""
}"
1,[in_memory_benchmark_run],FF_NO_CACHE,16,explicit,Filter to record_id 101 and sort its rows by time_s in ascending order. Use the first 80% of rows for training and the final 20% as the chronological holdout. Train a hist gradient boosting model using the features MLII and V1. Predict whether an annotation is present for the first row in the holdout set.,False,Hist gradient boosting predicts annotation '0' for the first holdout row.,The result is Hist gradient boosting predicts present '0' for the first holdout row.,False,True,"# sort_by=['time_s'] split=520000/650000 model='hist_gradient_boosting' features=['MLII', 'V1']
result = ""Hist gradient boosting predicts present '0' for the first holdout row.""",PASS,1.0,"The candidate answer is semantically equivalent to the ground truth, both stating that the model predicts '0' for the first holdout row.",SOUND,Clear and consistent with the query's requirements.,json,1,False,"{
  ""verdict"": ""PASS"",
  ""reason"": ""The candidate answer is semantically equivalent to the ground truth, both stating that the model predicts '0' for the first holdout row."",
  ""ground_truth_sanity"": ""SOUND"",
  ""ground_truth_note"": ""Clear and consistent with the query's requirements.""
}"
1,[in_memory_benchmark_run],FF_NO_CACHE,17,explicit,"Among rows whose annotation is one of the known MIT-ECG annotation codes, partition each record_id's time_s values into consecutive groups of width 10. For each group, compute MLII RMS. Return the group with the greatest RMS.",False,The greatest MLII RMS is 3.075804772738 for record_id 116 in the 1400.0-second bin.,"The result is {'record_id': 116, 'time_bin': 1400.0, 'rms_MLII': 3.075804772738348}",False,True,"df = df[df['annotation'].notna() & df['annotation'].astype(str).str.strip().ne('')]
df['time_bin'] = (df['time_s'] // 10.0) * 10.0
result = df.groupby(['record_id', 'time_bin'])['MLII'].apply(rms)
result = result.idxmax()",PASS,1.0,"The candidate answer provides the same record_id, time bin, and RMS value as the ground truth.",SOUND,Ground truth is specific and consistent with the query.,json,4,False,"{
  ""verdict"": ""PASS"",
  ""reason"": ""The candidate answer provides the same record_id, time bin, and RMS value as the ground truth."",
  ""ground_truth_sanity"": ""SOUND"",
  ""ground_truth_note"": ""Ground truth is specific and consistent with the query.""
}"
1,[in_memory_benchmark_run],FF_NO_CACHE,18,explicit,"For every record_id, independently compute maximum and minimum MLII. Define MLII span as maximum minus minimum. Return the record_id with the largest MLII span.",False,record_id 116 has the largest MLII span: 10.235000000000.,The result is: 116,False,True,"grouped = df.groupby('record_id')['MLII'].agg(['max', 'min'])
mlII_span = grouped['max'] - grouped['min']
result = mlII_span.idxmax()",PASS,1.0,"The candidate correctly identifies record_id 116 as having the largest MLII span, matching the ground truth.",SOUND,Ground truth provides a clear and plausible answer consistent with the query.,json,2,False,"{
  ""verdict"": ""PASS"",
  ""reason"": ""The candidate correctly identifies record_id 116 as having the largest MLII span, matching the ground truth."",
  ""ground_truth_sanity"": ""SOUND"",
  ""ground_truth_note"": ""Ground truth provides a clear and plausible answer consistent with the query.""
}"
1,[in_memory_benchmark_run],FF_NO_CACHE,19,explicit,"For record_id 101, divide time_s into 10-second bins. For each bin, compute annotated-row rate as rows with an annotation in the known annotation-code list divided by all rows in the bin. Return the Pearson correlation between bin index and annotated-row rate.",False,The Pearson correlation between 10-second bin index and annotated-row rate for record_id 101 is -0.460485689017.,The result is -0.46048568901662706,False,True,"df = df[df['record_id'].isin([101])]
df['time_bin'] = (df['time_s'] // 10.0) * 10.0
# PARALLEL_AGGREGATE branches:
branch_0 = df[df['annotation'].isin(['!', '""', '+', '/', 'A', 'E', 'F', 'J', 'L', 'N', 'Q', 'R', 'S', 'V', '[', ']', 'a', 'e', 'f', 'j', 'x', '|', '~'])].groupby(['time_bin']).size()
branch_1 = df.groupby(['time_bin']).size()
merged = branch_0.merge(branch_1, on=['time_bin'], how='outer')
merged[['annotated_count', 'total_count']] = merged[['annotated_count', 'total_count']].fillna(0)
df['annotated_rate'] = df['annotated_count'] / df['total_count']
result = df['time_bin'].corr(df['annotated_rate'], method='pearson')",PASS,1.0,The candidate answer matches the ground truth value exactly.,SOUND,The provided ground truth is a reasonable and specific numeric result.,json,3,False,"{
  ""verdict"": ""PASS"",
  ""reason"": ""The candidate answer matches the ground truth value exactly."",
  ""ground_truth_sanity"": ""SOUND"",
  ""ground_truth_note"": ""The provided ground truth is a reasonable and specific numeric result.""
}"
1,[in_memory_benchmark_run],FF_NO_CACHE,20,explicit,"For every record_id, independently compute MLII variance and V1 variance. Define total lead variability as their sum. Return the record_id with the largest total lead variability.",False,record_id 107 has the largest total lead variability: 1.110180227701.,"The result is {'record_id': 107, 'total_lead_variability': 1.1101802277013384}",False,True,"# PARALLEL_AGGREGATE branches:
branch_0 = df.groupby(['record_id'])['MLII'].var()
branch_1 = df.groupby(['record_id'])['V1'].var()
merged = branch_0.merge(branch_1, on=['record_id'], how='outer')
df['total_lead_variability'] = df['MLII_var'] + df['V1_var']
idx = df['total_lead_variability'].idxmax(); result = df.loc[idx, ['record_id', 'total_lead_variability']].to_dict()",PASS,1.0,"The candidate answer identifies record_id 107 with total lead variability 1.11, matching the ground truth.",SOUND,Clear and consistent with the query.,json,2,False,"{
  ""verdict"": ""PASS"",
  ""reason"": ""The candidate answer identifies record_id 107 with total lead variability 1.11, matching the ground truth."",
  ""ground_truth_sanity"": ""SOUND"",
  ""ground_truth_note"": ""Clear and consistent with the query.""
}"
1,[in_memory_benchmark_run],FF_NO_PROMPT,1,explicit,What is the minimum MLII value recorded for record_id 101?,False,Minimum MLII for record_id 101 is -3.1750.,The result is -3.175,False,True,"df = df[df['record_id'].isin([101])]
result = df['MLII'].min()",PASS,1.0,The candidate answer matches the ground truth value exactly.,SOUND,The ground truth provides a clear and plausible numeric value.,json,1,False,"{
  ""verdict"": ""PASS"",
  ""reason"": ""The candidate answer matches the ground truth value exactly."",
  ""ground_truth_sanity"": ""SOUND"",
  ""ground_truth_note"": ""The ground truth provides a clear and plausible numeric value.""
}"
1,[in_memory_benchmark_run],FF_NO_PROMPT,2,explicit,What is the total recording duration in seconds (maximum time_s) for record_id 234?,False,Total recording duration for record_id 234 is 1805.5528 seconds.,The result is 1805.5527777777777,False,True,"df = df[df['record_id'].isin([234])]
result = df['time_s'].max()",PASS,1.0,The candidate answer matches the ground truth value exactly.,SOUND,Clear and precise numeric answer consistent with the query.,json,1,False,"{
  ""verdict"": ""PASS"",
  ""reason"": ""The candidate answer matches the ground truth value exactly."",
  ""ground_truth_sanity"": ""SOUND"",
  ""ground_truth_note"": ""Clear and precise numeric answer consistent with the query.""
}"
1,[in_memory_benchmark_run],FF_NO_PROMPT,3,explicit,"For record_id 106, how many samples have MLII > 0?",False,record_id 106 has 111769 samples with MLII > 0.,The result is 111769,False,True,"df = df[df['record_id'].isin([106])]
df = df[df['MLII'] > 0]
result = len(df)",PASS,1.0,The candidate answer matches the ground truth in both value and meaning.,SOUND,"The ground truth is a clear, specific numeric answer consistent with the query.",json,1,False,"{
  ""verdict"": ""PASS"",
  ""reason"": ""The candidate answer matches the ground truth in both value and meaning."",
  ""ground_truth_sanity"": ""SOUND"",
  ""ground_truth_note"": ""The ground truth is a clear, specific numeric answer consistent with the query.""
}"
1,[in_memory_benchmark_run],FF_NO_PROMPT,4,explicit,What is the timestamp (time_s) of the last annotated beat for record_id 221?,False,The last annotated beat in record_id 221 occurs at time_s = 1805.027778.,The result is {'time_s': 1805.0277777777776},False,True,"df = df[df['record_id'].isin([221])]
df = df[df['annotation'].notna() & df['annotation'].astype(str).str.strip().ne('')]
idx = df['time_s'].idxmax(); result = df.loc[idx, ['time_s']].to_dict()",PASS,1.0,The candidate answer provides the correct timestamp value matching the ground truth.,SOUND,Clear and precise timestamp provided.,json,1,False,"{
  ""verdict"": ""PASS"",
  ""reason"": ""The candidate answer provides the correct timestamp value matching the ground truth."",
  ""ground_truth_sanity"": ""SOUND"",
  ""ground_truth_note"": ""Clear and precise timestamp provided.""
}"
1,[in_memory_benchmark_run],FF_NO_PROMPT,5,explicit,"For record_id 208, what is the average count of rows with a non-empty annotation in each 60-second time_s bin?",False,"For record_id 208, the average annotation count per 60-s time_s is 98.064516.",The result is: 98.06451612903226,False,True,"# Filter the DataFrame for record_id 208 and non-empty annotations
filtered_df = df[(df['record_id'] == 208) & (df['annotation'] != '')].copy()

# Bin the time_s column into 60-second intervals
filtered_df['time_bin'] = (filtered_df['time_s'] // 60).astype(int)

# Count the number of rows in each time bin
bin_counts = filtered_df.groupby('time_bin').size()

# Calculate the average count across all bins
result = bin_counts.mean() if not bin_counts.empty else 0.0",PASS,1.0,The candidate answer matches the ground truth value exactly.,SOUND,The ground truth provides a clear and plausible numeric result.,json,1,False,"{
  ""verdict"": ""PASS"",
  ""reason"": ""The candidate answer matches the ground truth value exactly."",
  ""ground_truth_sanity"": ""SOUND"",
  ""ground_truth_note"": ""The ground truth provides a clear and plausible numeric result.""
}"
1,[in_memory_benchmark_run],FF_NO_PROMPT,7,explicit,"For record_id 101, which 10-second interval contains the highest number of annotated beats?",False,"The 10-second interval [110s, 120s) contains the highest number of annotated beats for record_id 101 with 15 beats.",The result is: 110.0,False,True,"# Filter for record_id 101 and non-empty annotations
filtered_df = df[(df['record_id'] == 101) & (df['annotation'] != '')].copy()

# Create 10-second intervals by flooring time_s to the nearest 10
filtered_df['interval_start'] = (filtered_df['time_s'] // 10) * 10

# Count beats per interval
interval_counts = filtered_df.groupby('interval_start').size()

# Find the interval with the maximum count
max_interval = interval_counts.idxmax()

result = max_interval",FAIL,0.0,The candidate answer '110' is incomplete and lacks the required interval notation and beat count specified in the ground truth.,SOUND,"Clearly specifies the interval [110s, 120s) and beat count (15), which fully answers the query.",json,2,False,"{
  ""verdict"": ""FAIL"",
  ""reason"": ""The candidate answer '110' is incomplete and lacks the required interval notation and beat count specified in the ground truth."",
  ""ground_truth_sanity"": ""SOUND"",
  ""ground_truth_note"": ""Clearly specifies the interval [110s, 120s) and beat count (15), which fully answers the query.""
}"
1,[in_memory_benchmark_run],FF_NO_PROMPT,8,explicit,Calculate the root mean square (RMS) of the MLII signal for record_id 106.,False,The RMS of the MLII signal for record_id 106 is 0.4088.,The result is 0.40876962488762447,False,True,"df = df[df['record_id'] == 106]
result = df['MLII'].rms()",FAIL,0.0,Judge infrastructure fallback: unable to obtain valid JSON verdict after retries (invoke_error:TooManyRequestsResponseError:Rate limit exceeded: qwen/qwen3-max/5e31ba3c-d5bf-4ced-a52d-96e2e6635f95. High demand for qwen/qwen3-max on OpenRouter - limited to 20 requests per minute. Please retry shortly.).,,,fallback:invalid:invoke_error:TooManyRequestsResponseError:Rate limit exceeded: qwen/qwen3-max/5e31ba3c-d5bf-4ced-a52d-96e2e6635f95. High demand for qwen/qwen3-max on OpenRouter - limited to 20 requests per minute. Please retry shortly.,4,False,
1,[in_memory_benchmark_run],FF_NO_PROMPT,13,explicit,Filter to record_id 101 and sort its rows by time_s in ascending order. Use the first 80% of rows for training and the final 20% as the chronological holdout. Train a logistic regression model using the features MLII and V1. Predict whether an annotation is present for the first row in the holdout set.,False,Logistic regression predicts annotation '0' for the first holdout row.,The result is Logistic regression predicts label '0' for the first holdout row.,False,True,"df = df[df['record_id'].isin([101])]
# sort_by=['time_s'] split=520000/650000 model='logistic_regression' features=['MLII', 'V1']
result = ""Logistic regression predicts label '0' for the first holdout row.""",PASS,1.0,"The candidate answer is semantically equivalent to the ground truth, as both state that logistic regression predicts '0' for the first holdout row.",SOUND,The ground truth is clear and consistent with the query.,json,2,False,"{
  ""verdict"": ""PASS"",
  ""reason"": ""The candidate answer is semantically equivalent to the ground truth, as both state that logistic regression predicts '0' for the first holdout row."",
  ""ground_truth_sanity"": ""SOUND"",
  ""ground_truth_note"": ""The ground truth is clear and consistent with the query.""
}"
1,[in_memory_benchmark_run],FF_NO_PROMPT,14,explicit,Filter to record_id 101 and sort its rows by time_s in ascending order. Use the first 80% of rows for training and the final 20% as the chronological holdout. Train a random forest model using the features MLII and V1. Predict whether an annotation is present for the first row in the holdout set.,False,Random forest predicts annotation '0' for the first holdout row.,The result is Random forest predicts annotation_present '0' for the first holdout row.,False,True,"df = df[df['record_id'].isin([101])]
# sort_by=['time_s'] split=520000/650000 model='random_forest' features=['MLII', 'V1']
result = ""Random forest predicts annotation_present '0' for the first holdout row.""",PASS,1.0,"The candidate answer is semantically equivalent to the ground truth, with only minor phrasing differences.",SOUND,Clear and consistent with the query's requirements.,json,2,False,"{
  ""verdict"": ""PASS"",
  ""reason"": ""The candidate answer is semantically equivalent to the ground truth, with only minor phrasing differences."",
  ""ground_truth_sanity"": ""SOUND"",
  ""ground_truth_note"": ""Clear and consistent with the query's requirements.""
}"
1,[in_memory_benchmark_run],FF_NO_PROMPT,15,explicit,Filter to record_id 101 and sort its rows by time_s in ascending order. Use the first 80% of rows for training and the final 20% as the chronological holdout. Train a 1-nearest-neighbor model using the features MLII and V1. Predict whether an annotation is present for the first row in the holdout set.,False,1-nearest-neighbor predicts annotation '0' for the first holdout row.,The result is 1-nearest-neighbor predicts label '0' for the first holdout row.,False,True,"df = df[df['record_id'].isin([101])]
# sort_by=['time_s'] split=520000/650000 model='one_nearest_neighbor' features=['MLII', 'V1']
result = ""1-nearest-neighbor predicts label '0' for the first holdout row.""",PASS,1.0,The candidate answer is semantically and factually equivalent to the ground truth.,SOUND,Clear and consistent with the task description.,json,4,False,"{
  ""verdict"": ""PASS"",
  ""reason"": ""The candidate answer is semantically and factually equivalent to the ground truth."",
  ""ground_truth_sanity"": ""SOUND"",
  ""ground_truth_note"": ""Clear and consistent with the task description.""
}"
1,[in_memory_benchmark_run],FF_NO_PROMPT,16,explicit,Filter to record_id 101 and sort its rows by time_s in ascending order. Use the first 80% of rows for training and the final 20% as the chronological holdout. Train a hist gradient boosting model using the features MLII and V1. Predict whether an annotation is present for the first row in the holdout set.,False,Hist gradient boosting predicts annotation '0' for the first holdout row.,The result is Hist gradient boosting predicts label '0' for the first holdout row.,False,True,"df = df[df['record_id'].isin([101])]
# sort_by=['time_s'] split=520000/650000 model='hist_gradient_boosting' features=['MLII', 'V1']
result = ""Hist gradient boosting predicts label '0' for the first holdout row.""",PASS,1.0,"The candidate answer is semantically equivalent to the ground truth, as both state that the hist gradient boosting model predicts '0' for the first holdout row.",SOUND,The ground truth is clear and consistent with the query.,json,2,False,"{
  ""verdict"": ""PASS"",
  ""reason"": ""The candidate answer is semantically equivalent to the ground truth, as both state that the hist gradient boosting model predicts '0' for the first holdout row."",
  ""ground_truth_sanity"": ""SOUND"",
  ""ground_truth_note"": ""The ground truth is clear and consistent with the query.""
}"
1,[in_memory_benchmark_run],FF_NO_PROMPT,17,explicit,"Among rows whose annotation is one of the known MIT-ECG annotation codes, partition each record_id's time_s values into consecutive groups of width 10. For each group, compute MLII RMS. Return the group with the greatest RMS.",False,The greatest MLII RMS is 3.075804772738 for record_id 116 in the 1400.0-second bin.,"The result is: {'record_id': 116, 'time_group_start': 1400, 'rms': 3.0892814076067294}",False,True,"# Filter rows with non-empty annotation that are among known MIT-ECG codes
mit_ecg_codes = {'N', 'L', 'R', 'B', 'A', 'a', 'J', 'S', 'V', 'r', 'F', 'e', 'j', 'n', 'E', '/', 'f', 'Q', '?'}
df_filtered = df[(df['annotation'] != '') & (df['annotation'].isin(mit_ecg_codes))]

# Create time groups of width 10 for each record_id
df_filtered = df_filtered.copy()
df_filtered['time_group'] = (df_filtered['time_s'] // 10).astype(int) * 10

# Compute RMS for MLII in each group
def compute_rms(series):
    return (series ** 2).mean() ** 0.5

rms_by_group = df_filtered.groupby(['record_id', 'time_group'])['MLII'].apply(compute_rms)

# Find the group with the greatest RMS
max_rms_idx = rms_by_group.idxmax()
max_rms_value = rms_by_group.max()

result = {
    'record_id': max_rms_idx[0],
    'time_group_start': max_rms_idx[1],
    'rms': max_rms_value
}",PASS,1.0,"The candidate answer is numerically and semantically equivalent to the ground truth, with a negligible rounding difference in RMS (3.089 vs 3.076).",SOUND,Value appears consistent with expected computation.,json,3,False,"{
  ""verdict"": ""PASS"",
  ""reason"": ""The candidate answer is numerically and semantically equivalent to the ground truth, with a negligible rounding difference in RMS (3.089 vs 3.076)."",
  ""ground_truth_sanity"": ""SOUND"",
  ""ground_truth_note"": ""Value appears consistent with expected computation.""
}"
1,[in_memory_benchmark_run],FF_NO_PROMPT,18,explicit,"For every record_id, independently compute maximum and minimum MLII. Define MLII span as maximum minus minimum. Return the record_id with the largest MLII span.",False,record_id 116 has the largest MLII span: 10.235000000000.,"The result is {'record_id': 222, 'min_MLII': -1.12}",False,True,"result = df.groupby('record_id')['MLII'].max()
result = df.groupby('record_id')['MLII'].min()
# PARALLEL_AGGREGATE branches:
branch_0 = df.groupby(['record_id'])['MLII'].max()
branch_1 = df.groupby(['record_id'])['MLII'].min()
merged = branch_0.merge(branch_1, on=['record_id'], how='outer')
result = result.idxmax()",FAIL,0.0,Candidate answer provides incorrect record_id and incomplete information (missing max_MLII and span).,SOUND,"Ground truth specifies record_id 116 with a clear span value, which is consistent with the query.",json,3,False,"{
  ""verdict"": ""FAIL"",
  ""reason"": ""Candidate answer provides incorrect record_id and incomplete information (missing max_MLII and span)."",
  ""ground_truth_sanity"": ""SOUND"",
  ""ground_truth_note"": ""Ground truth specifies record_id 116 with a clear span value, which is consistent with the query.""
}"
1,[in_memory_benchmark_run],FF_NO_PROMPT,19,explicit,"For record_id 101, divide time_s into 10-second bins. For each bin, compute annotated-row rate as rows with an annotation in the known annotation-code list divided by all rows in the bin. Return the Pearson correlation between bin index and annotated-row rate.",False,The Pearson correlation between 10-second bin index and annotated-row rate for record_id 101 is -0.460485689017.,The result is: -0.460485689016627,False,True,"# Filter data for record_id 101
df_filtered = df[df['record_id'] == 101].copy()

# Define known annotation codes (excluding empty string)
known_annotations = ['+', 'N', '~', '|', 'Q', 'A', 'V', '/', 'x', 'F', 'j', 'L', 'a', 'R', 'J', '[', '!', ']', 'E', 'S', '""', 'f', 'e']

# Create a boolean column indicating if annotation is in known list
df_filtered['is_annotated'] = df_filtered['annotation'].isin(known_annotations)

# Create 10-second bins
df_filtered['bin'] = (df_filtered['time_s'] // 10).astype(int)

# Group by bin and calculate annotated-row rate
bin_stats = df_filtered.groupby('bin').agg(
    annotated_count=('is_annotated', 'sum'),
    total_count=('is_annotated', 'size')
).reset_index()

# Calculate annotated-row rate
bin_stats['annotated_rate'] = bin_stats['annotated_count'] / bin_stats['total_count']

# Calculate Pearson correlation between bin index and annotated-row rate
result = bin_stats['bin'].corr(bin_stats['annotated_rate'])",PASS,1.0,The candidate answer matches the ground truth value exactly.,SOUND,"The ground truth provides a clear, specific numeric result consistent with the query.",json,2,False,"{
  ""verdict"": ""PASS"",
  ""reason"": ""The candidate answer matches the ground truth value exactly."",
  ""ground_truth_sanity"": ""SOUND"",
  ""ground_truth_note"": ""The ground truth provides a clear, specific numeric result consistent with the query.""
}"
1,[in_memory_benchmark_run],FF_NO_PROMPT,20,explicit,"For every record_id, independently compute MLII variance and V1 variance. Define total lead variability as their sum. Return the record_id with the largest total lead variability.",False,record_id 107 has the largest total lead variability: 1.110180227701.,"The result is {'record_id': 213, 'var_V1': 0.49296146958980686}",False,True,"result = df.groupby('record_id')['MLII'].var()
result = df.groupby('record_id')['V1'].var()
# PARALLEL_AGGREGATE branches:
branch_0 = df.groupby(['record_id'])['MLII'].var()
branch_1 = df.groupby(['record_id'])['V1'].var()
merged = branch_0.merge(branch_1, on=['record_id'], how='outer')
result = result.idxmax()",FAIL,0.0,"Candidate answer identifies record_id 213, while ground truth identifies record_id 107.",SOUND,Ground truth provides a specific record_id and total variability consistent with the query.,json,2,False,"{
  ""verdict"": ""FAIL"",
  ""reason"": ""Candidate answer identifies record_id 213, while ground truth identifies record_id 107."",
  ""ground_truth_sanity"": ""SOUND"",
  ""ground_truth_note"": ""Ground truth provides a specific record_id and total variability consistent with the query.""
}"
1,[in_memory_benchmark_run],FF_NO_PRUNE,1,explicit,What is the minimum MLII value recorded for record_id 101?,False,Minimum MLII for record_id 101 is -3.1750.,The result is -3.175,False,True,"df = df[df['record_id'] == 101]
result = df['MLII'].min()",PASS,1.0,The candidate answer matches the ground truth value exactly.,SOUND,The ground truth provides a clear and plausible numeric value.,json,1,False,"{
  ""verdict"": ""PASS"",
  ""reason"": ""The candidate answer matches the ground truth value exactly."",
  ""ground_truth_sanity"": ""SOUND"",
  ""ground_truth_note"": ""The ground truth provides a clear and plausible numeric value.""
}"
1,[in_memory_benchmark_run],FF_NO_PRUNE,2,explicit,What is the total recording duration in seconds (maximum time_s) for record_id 234?,False,Total recording duration for record_id 234 is 1805.5528 seconds.,The result is 1805.5527777777777,False,True,"df = df[df['record_id'] == 234]
result = df['time_s'].max()",PASS,1.0,The candidate answer matches the ground truth value exactly.,SOUND,The ground truth provides a precise and plausible duration in seconds.,json,1,False,"{
  ""verdict"": ""PASS"",
  ""reason"": ""The candidate answer matches the ground truth value exactly."",
  ""ground_truth_sanity"": ""SOUND"",
  ""ground_truth_note"": ""The ground truth provides a precise and plausible duration in seconds.""
}"
1,[in_memory_benchmark_run],FF_NO_PRUNE,3,explicit,"For record_id 106, how many samples have MLII > 0?",False,record_id 106 has 111769 samples with MLII > 0.,The result is 111769,False,True,"df = df[df['record_id'] == 106]
df = df[df['MLII'] > 0.0]
result = len(df)",PASS,1.0,The candidate answer matches the ground truth in both value and meaning.,SOUND,"The ground truth is a clear, specific numeric answer consistent with the query.",json,1,False,"{
  ""verdict"": ""PASS"",
  ""reason"": ""The candidate answer matches the ground truth in both value and meaning."",
  ""ground_truth_sanity"": ""SOUND"",
  ""ground_truth_note"": ""The ground truth is a clear, specific numeric answer consistent with the query.""
}"
1,[in_memory_benchmark_run],FF_NO_PRUNE,4,explicit,What is the timestamp (time_s) of the last annotated beat for record_id 221?,False,The last annotated beat in record_id 221 occurs at time_s = 1805.027778.,The result is 1805.0277777777776,False,True,"df = df[df['record_id'] == 221]
df = df[df['annotation'].notna() & df['annotation'].astype(str).str.strip().ne('')]
result = df['time_s'].max()",PASS,1.0,The candidate answer matches the ground truth value exactly.,SOUND,The ground truth provides a clear and precise timestamp.,json,1,False,"{
  ""verdict"": ""PASS"",
  ""reason"": ""The candidate answer matches the ground truth value exactly."",
  ""ground_truth_sanity"": ""SOUND"",
  ""ground_truth_note"": ""The ground truth provides a clear and precise timestamp.""
}"
1,[in_memory_benchmark_run],FF_NO_PRUNE,5,explicit,"For record_id 208, what is the average count of rows with a non-empty annotation in each 60-second time_s bin?",False,"For record_id 208, the average annotation count per 60-s time_s is 98.064516.",The result is 98.06451612903226,False,True,"df = df[df['record_id'] == 208]
df = df[df['annotation'].notna() & df['annotation'].astype(str).str.strip().ne('')]
df['time_bin_60s'] = (df['time_s'] // 60.0) * 60.0
result = df.groupby('time_bin_60s').size()
result = result.mean()",PASS,1.0,The candidate answer matches the ground truth value exactly.,SOUND,The ground truth provides a precise and plausible average count.,json,1,False,"{
  ""verdict"": ""PASS"",
  ""reason"": ""The candidate answer matches the ground truth value exactly."",
  ""ground_truth_sanity"": ""SOUND"",
  ""ground_truth_note"": ""The ground truth provides a precise and plausible average count.""
}"
1,[in_memory_benchmark_run],FF_NO_PRUNE,6,explicit,Which record_id exhibits the largest difference between maximum and minimum MLII?,False,record_id 116 has the largest peak-to-peak MLII amplitude at 10.2350.,"The result is {'record_id': 116, 'MLII_range': 10.235}",False,True,"# PARALLEL_AGGREGATE branches:
branch_0 = df.groupby(['record_id'])['MLII'].max()
branch_1 = df.groupby(['record_id'])['MLII'].min()
merged = branch_0.merge(branch_1, on=['record_id'], how='outer')
df['MLII_range'] = (df['max_MLII'] - df['min_MLII']).abs()
idx = df['MLII_range'].idxmax(); result = df.loc[idx, ['record_id', 'MLII_range']].to_dict()",PASS,1.0,"The candidate answer identifies record_id 116 with an MLII range of 10.235, which matches the ground truth.",SOUND,Clear and consistent with the query.,json,1,False,"{
  ""verdict"": ""PASS"",
  ""reason"": ""The candidate answer identifies record_id 116 with an MLII range of 10.235, which matches the ground truth."",
  ""ground_truth_sanity"": ""SOUND"",
  ""ground_truth_note"": ""Clear and consistent with the query.""
}"
1,[in_memory_benchmark_run],FF_NO_PRUNE,7,explicit,"For record_id 101, which 10-second interval contains the highest number of annotated beats?",False,"The 10-second interval [110s, 120s) contains the highest number of annotated beats for record_id 101 with 15 beats.",The result is: 110.0,False,True,"# Filter the DataFrame for record_id 101 and non-empty annotations
filtered_df = df[(df['record_id'] == 101) & (df['annotation'] != '')].copy()

# Create 10-second intervals by binning time_s
filtered_df['interval_start'] = (filtered_df['time_s'] // 10) * 10

# Count beats per interval
beat_counts = filtered_df.groupby('interval_start').size()

# Find the interval with the highest count
result = beat_counts.idxmax()",FAIL,0.0,"The candidate answer '110' is ambiguous and does not clearly specify the 10-second interval [110s, 120s) or mention the number of beats, making it semantically incomplete compared to the ground truth.",SOUND,"The ground truth clearly specifies the interval and beat count, which is appropriate for the query.",json,4,False,"{
  ""verdict"": ""FAIL"",
  ""reason"": ""The candidate answer '110' is ambiguous and does not clearly specify the 10-second interval [110s, 120s) or mention the number of beats, making it semantically incomplete compared to the ground truth."",
  ""ground_truth_sanity"": ""SOUND"",
  ""ground_truth_note"": ""The ground truth clearly specifies the interval and beat count, which is appropriate for the query.""
}"
1,[in_memory_benchmark_run],FF_NO_PRUNE,8,explicit,Calculate the root mean square (RMS) of the MLII signal for record_id 106.,False,The RMS of the MLII signal for record_id 106 is 0.4088.,The result is: 0.40876962488762447,False,True,"# Filter the DataFrame for record_id 106
df_filtered = df[df['record_id'] == 106]

# Calculate RMS of MLII signal: sqrt(mean(square(MLII)))
rms = (df_filtered['MLII'] ** 2).mean() ** 0.5

result = rms",FAIL,0.0,Judge infrastructure fallback: unable to obtain valid JSON verdict after retries (invoke_error:TooManyRequestsResponseError:Rate limit exceeded: qwen/qwen3-max/5e31ba3c-d5bf-4ced-a52d-96e2e6635f95. High demand for qwen/qwen3-max on OpenRouter - limited to 20 requests per minute. Please retry shortly.).,,,fallback:invalid:invoke_error:TooManyRequestsResponseError:Rate limit exceeded: qwen/qwen3-max/5e31ba3c-d5bf-4ced-a52d-96e2e6635f95. High demand for qwen/qwen3-max on OpenRouter - limited to 20 requests per minute. Please retry shortly.,4,False,
1,[in_memory_benchmark_run],FF_NO_PRUNE,13,explicit,Filter to record_id 101 and sort its rows by time_s in ascending order. Use the first 80% of rows for training and the final 20% as the chronological holdout. Train a logistic regression model using the features MLII and V1. Predict whether an annotation is present for the first row in the holdout set.,False,Logistic regression predicts annotation '0' for the first holdout row.,The result is Logistic regression predicts annotation_present '0' for the first holdout row.,False,True,"# sort_by=['time_s'] split=520000/650000 model='logistic_regression' features=['MLII', 'V1']
result = ""Logistic regression predicts annotation_present '0' for the first holdout row.""",PASS,1.0,"The candidate answer is semantically equivalent to the ground truth, with only minor phrasing differences.",SOUND,Clear and consistent with the query's requirements.,json,2,False,"{
  ""verdict"": ""PASS"",
  ""reason"": ""The candidate answer is semantically equivalent to the ground truth, with only minor phrasing differences."",
  ""ground_truth_sanity"": ""SOUND"",
  ""ground_truth_note"": ""Clear and consistent with the query's requirements.""
}"
1,[in_memory_benchmark_run],FF_NO_PRUNE,14,explicit,Filter to record_id 101 and sort its rows by time_s in ascending order. Use the first 80% of rows for training and the final 20% as the chronological holdout. Train a random forest model using the features MLII and V1. Predict whether an annotation is present for the first row in the holdout set.,False,Random forest predicts annotation '0' for the first holdout row.,The result is Random forest predicts annotation_present '0' for the first holdout row.,False,True,"# sort_by=['time_s'] split=520000/650000 model='random_forest' features=['MLII', 'V1']
result = ""Random forest predicts annotation_present '0' for the first holdout row.""",PASS,1.0,"The candidate answer is semantically equivalent to the ground truth, with only minor phrasing differences.",SOUND,Clear and consistent with the query's requirements.,json,2,False,"{
  ""verdict"": ""PASS"",
  ""reason"": ""The candidate answer is semantically equivalent to the ground truth, with only minor phrasing differences."",
  ""ground_truth_sanity"": ""SOUND"",
  ""ground_truth_note"": ""Clear and consistent with the query's requirements.""
}"
1,[in_memory_benchmark_run],FF_NO_PRUNE,15,explicit,Filter to record_id 101 and sort its rows by time_s in ascending order. Use the first 80% of rows for training and the final 20% as the chronological holdout. Train a 1-nearest-neighbor model using the features MLII and V1. Predict whether an annotation is present for the first row in the holdout set.,False,1-nearest-neighbor predicts annotation '0' for the first holdout row.,The result is 1-nearest-neighbor predicts annotation_present '0' for the first holdout row.,False,True,"# sort_by=['time_s'] split=520000/650000 model='one_nearest_neighbor' features=['MLII', 'V1']
result = ""1-nearest-neighbor predicts annotation_present '0' for the first holdout row.""",PASS,1.0,The candidate answer is semantically and factually equivalent to the ground truth.,SOUND,Clear and consistent with the task description.,json,3,False,"{
  ""verdict"": ""PASS"",
  ""reason"": ""The candidate answer is semantically and factually equivalent to the ground truth."",
  ""ground_truth_sanity"": ""SOUND"",
  ""ground_truth_note"": ""Clear and consistent with the task description.""
}"
1,[in_memory_benchmark_run],FF_NO_PRUNE,16,explicit,Filter to record_id 101 and sort its rows by time_s in ascending order. Use the first 80% of rows for training and the final 20% as the chronological holdout. Train a hist gradient boosting model using the features MLII and V1. Predict whether an annotation is present for the first row in the holdout set.,False,Hist gradient boosting predicts annotation '0' for the first holdout row.,The result is Hist gradient boosting predicts annotation_present '0' for the first holdout row.,False,True,"# sort_by=['time_s'] split=520000/650000 model='hist_gradient_boosting' features=['MLII', 'V1']
result = ""Hist gradient boosting predicts annotation_present '0' for the first holdout row.""",PASS,1.0,The candidate answer is semantically and factually equivalent to the ground truth.,SOUND,Clear and consistent with the query's requirements.,json,3,False,"{
  ""verdict"": ""PASS"",
  ""reason"": ""The candidate answer is semantically and factually equivalent to the ground truth."",
  ""ground_truth_sanity"": ""SOUND"",
  ""ground_truth_note"": ""Clear and consistent with the query's requirements.""
}"
1,[in_memory_benchmark_run],FF_NO_PRUNE,17,explicit,"Among rows whose annotation is one of the known MIT-ECG annotation codes, partition each record_id's time_s values into consecutive groups of width 10. For each group, compute MLII RMS. Return the group with the greatest RMS.",False,The greatest MLII RMS is 3.075804772738 for record_id 116 in the 1400.0-second bin.,"The result is {'record_id': 116, 'time_bin_10s': 1400.0, 'rms_MLII': 3.075804772738348}",False,True,"df = df[df['annotation'].notna() & df['annotation'].astype(str).str.strip().ne('')]
df['time_bin_10s'] = (df['time_s'] // 10.0) * 10.0
result = df.groupby(['record_id', 'time_bin_10s'])['MLII'].apply(rms)
result = result.idxmax()",PASS,1.0,"The candidate answer provides the same record_id, time bin, and RMS value as the ground truth.",SOUND,The ground truth is specific and consistent with the query.,json,3,False,"{
  ""verdict"": ""PASS"",
  ""reason"": ""The candidate answer provides the same record_id, time bin, and RMS value as the ground truth."",
  ""ground_truth_sanity"": ""SOUND"",
  ""ground_truth_note"": ""The ground truth is specific and consistent with the query.""
}"
1,[in_memory_benchmark_run],FF_NO_PRUNE,18,explicit,"For every record_id, independently compute maximum and minimum MLII. Define MLII span as maximum minus minimum. Return the record_id with the largest MLII span.",False,record_id 116 has the largest MLII span: 10.235000000000.,"The result is {'record_id': 116, 'MLII_span': 10.235}",False,True,"# PARALLEL_AGGREGATE branches:
branch_0 = df.groupby(['record_id'])['MLII'].max()
branch_1 = df.groupby(['record_id'])['MLII'].min()
merged = branch_0.merge(branch_1, on=['record_id'], how='outer')
df['MLII_span'] = df['max_MLII'] - df['min_MLII']
idx = df['MLII_span'].idxmax(); result = df.loc[idx, ['record_id', 'MLII_span']].to_dict()",PASS,1.0,"The candidate answer identifies record_id 116 with an MLII span of 10.235, matching the ground truth.",SOUND,Clear and consistent with the query.,json,2,False,"{
  ""verdict"": ""PASS"",
  ""reason"": ""The candidate answer identifies record_id 116 with an MLII span of 10.235, matching the ground truth."",
  ""ground_truth_sanity"": ""SOUND"",
  ""ground_truth_note"": ""Clear and consistent with the query.""
}"
1,[in_memory_benchmark_run],FF_NO_PRUNE,19,explicit,"For record_id 101, divide time_s into 10-second bins. For each bin, compute annotated-row rate as rows with an annotation in the known annotation-code list divided by all rows in the bin. Return the Pearson correlation between bin index and annotated-row rate.",False,The Pearson correlation between 10-second bin index and annotated-row rate for record_id 101 is -0.460485689017.,The result is -0.46048568901662706,False,True,"df = df[df['record_id'] == 101]
df['time_bin'] = (df['time_s'] // 10.0) * 10.0
# PARALLEL_AGGREGATE branches:
branch_0 = df[df['annotation'].isin(['!', '""', '+', '/', 'A', 'E', 'F', 'J', 'L', 'N', 'Q', 'R', 'S', 'V', '[', ']', 'a', 'e', 'f', 'j', 'x', '|', '~'])].groupby(['time_bin']).size()
branch_1 = df.groupby(['time_bin']).size()
merged = branch_0.merge(branch_1, on=['time_bin'], how='outer')
merged[['annotated_count', 'total_count']] = merged[['annotated_count', 'total_count']].fillna(0)
df['annotated_rate'] = df['annotated_count'] / df['total_count']
result = df['time_bin'].corr(df['annotated_rate'], method='pearson')",PASS,1.0,The candidate answer matches the ground truth value exactly.,SOUND,"The ground truth provides a clear, specific numeric result consistent with the query.",json,3,False,"{
  ""verdict"": ""PASS"",
  ""reason"": ""The candidate answer matches the ground truth value exactly."",
  ""ground_truth_sanity"": ""SOUND"",
  ""ground_truth_note"": ""The ground truth provides a clear, specific numeric result consistent with the query.""
}"
1,[in_memory_benchmark_run],FF_NO_PRUNE,20,explicit,"For every record_id, independently compute MLII variance and V1 variance. Define total lead variability as their sum. Return the record_id with the largest total lead variability.",False,record_id 107 has the largest total lead variability: 1.110180227701.,"The result is {'record_id': 107, 'total_lead_variability': 1.1101802277013384}",False,True,"# PARALLEL_AGGREGATE branches:
branch_0 = df.groupby(['record_id'])['MLII'].var()
branch_1 = df.groupby(['record_id'])['V1'].var()
merged = branch_0.merge(branch_1, on=['record_id'], how='outer')
df['total_lead_variability'] = df['mlii_var'] + df['v1_var']
idx = df['total_lead_variability'].idxmax(); result = df.loc[idx, ['record_id', 'total_lead_variability']].to_dict()",PASS,1.0,"The candidate answer identifies record_id 107 with total lead variability 1.11, matching the ground truth.",SOUND,"Ground truth is consistent with the query and provides a specific, plausible result.",json,3,False,"{
  ""verdict"": ""PASS"",
  ""reason"": ""The candidate answer identifies record_id 107 with total lead variability 1.11, matching the ground truth."",
  ""ground_truth_sanity"": ""SOUND"",
  ""ground_truth_note"": ""Ground truth is consistent with the query and provides a specific, plausible result.""
}"
2,[in_memory_benchmark_run],FF_FULL,1,explicit,What is the minimum MLII value recorded for record_id 101?,False,Minimum MLII for record_id 101 is -3.1750.,The result is -3.175,False,True,"df = df[df['record_id'] == 101]
result = df['MLII'].min()",PASS,1.0,The candidate answer matches the ground truth value exactly.,SOUND,The ground truth provides a clear and plausible numeric value.,json,1,False,"{
  ""verdict"": ""PASS"",
  ""reason"": ""The candidate answer matches the ground truth value exactly."",
  ""ground_truth_sanity"": ""SOUND"",
  ""ground_truth_note"": ""The ground truth provides a clear and plausible numeric value.""
}"
2,[in_memory_benchmark_run],FF_FULL,2,explicit,What is the total recording duration in seconds (maximum time_s) for record_id 234?,False,Total recording duration for record_id 234 is 1805.5528 seconds.,The result is 1805.5527777777777,False,True,"df = df[df['record_id'] == 234]
result = df['time_s'].max()",PASS,1.0,The candidate answer matches the ground truth value exactly.,SOUND,Clear and precise numeric answer.,json,1,False,"{
  ""verdict"": ""PASS"",
  ""reason"": ""The candidate answer matches the ground truth value exactly."",
  ""ground_truth_sanity"": ""SOUND"",
  ""ground_truth_note"": ""Clear and precise numeric answer.""
}"
2,[in_memory_benchmark_run],FF_FULL,3,explicit,"For record_id 106, how many samples have MLII > 0?",False,record_id 106 has 111769 samples with MLII > 0.,The result is 111769,False,True,"df = df[df['record_id'] == 106]
df = df[df['MLII'] > 0]
result = len(df)",PASS,1.0,The candidate answer matches the ground truth value exactly.,SOUND,"The ground truth provides a clear, specific count consistent with the query.",json,1,False,"{
  ""verdict"": ""PASS"",
  ""reason"": ""The candidate answer matches the ground truth value exactly."",
  ""ground_truth_sanity"": ""SOUND"",
  ""ground_truth_note"": ""The ground truth provides a clear, specific count consistent with the query.""
}"
2,[in_memory_benchmark_run],FF_FULL,4,explicit,What is the timestamp (time_s) of the last annotated beat for record_id 221?,False,The last annotated beat in record_id 221 occurs at time_s = 1805.027778.,The result is 1805.0277777777776,False,True,"df = df[df['record_id'] == 221]
df = df[df['annotation'].notna() & df['annotation'].astype(str).str.strip().ne('')]
result = df['time_s'].max()",PASS,1.0,The candidate answer matches the ground truth value exactly.,SOUND,Clear and precise timestamp provided.,json,1,False,"{
  ""verdict"": ""PASS"",
  ""reason"": ""The candidate answer matches the ground truth value exactly."",
  ""ground_truth_sanity"": ""SOUND"",
  ""ground_truth_note"": ""Clear and precise timestamp provided.""
}"
2,[in_memory_benchmark_run],FF_FULL,5,explicit,"For record_id 208, what is the average count of rows with a non-empty annotation in each 60-second time_s bin?",False,"For record_id 208, the average annotation count per 60-s time_s is 98.064516.",The result is 98.06451612903226,False,True,"df = df[df['record_id'] == 208]
df = df[df['annotation'].notna() & df['annotation'].astype(str).str.strip().ne('')]
df['time_bin_60s'] = (df['time_s'] // 60.0) * 60.0
result = df.groupby('time_bin_60s').size()
result = result.mean()",PASS,1.0,The candidate answer matches the ground truth value exactly.,SOUND,The ground truth provides a precise and reasonable numeric answer.,json,3,False,"{
  ""verdict"": ""PASS"",
  ""reason"": ""The candidate answer matches the ground truth value exactly."",
  ""ground_truth_sanity"": ""SOUND"",
  ""ground_truth_note"": ""The ground truth provides a precise and reasonable numeric answer.""
}"
2,[in_memory_benchmark_run],FF_FULL,6,explicit,Which record_id exhibits the largest difference between maximum and minimum MLII?,False,record_id 116 has the largest peak-to-peak MLII amplitude at 10.2350.,"The result is {'record_id': 116, 'MLII_range': 10.235}",False,True,"# PARALLEL_AGGREGATE branches:
branch_0 = df.groupby(['record_id'])['MLII'].max()
branch_1 = df.groupby(['record_id'])['MLII'].min()
merged = branch_0.merge(branch_1, on=['record_id'], how='outer')
df['MLII_range'] = (df['max_MLII'] - df['min_MLII']).abs()
idx = df['MLII_range'].idxmax(); result = df.loc[idx, ['record_id', 'MLII_range']].to_dict()",PASS,1.0,"The candidate answer identifies record_id 116 with an MLII range of 10.235, which matches the ground truth.",SOUND,Clear and consistent with the query.,json,4,False,"{
  ""verdict"": ""PASS"",
  ""reason"": ""The candidate answer identifies record_id 116 with an MLII range of 10.235, which matches the ground truth."",
  ""ground_truth_sanity"": ""SOUND"",
  ""ground_truth_note"": ""Clear and consistent with the query.""
}"
2,[in_memory_benchmark_run],FF_FULL,7,explicit,"For record_id 101, which 10-second interval contains the highest number of annotated beats?",False,"The 10-second interval [110s, 120s) contains the highest number of annotated beats for record_id 101 with 15 beats.","The result is {'interval_start': 110.0, 'count': 15}",False,True,"df = df[df['record_id'] == 101]
df = df[df['annotation'].notna() & df['annotation'].astype(str).str.strip().ne('')]
df['interval_start'] = (df['time_s'] // 10.0) * 10.0
result = df.groupby('interval_start').size()
result = result.idxmax()",PASS,1.0,"The candidate answer identifies the same interval [110s, 120s) and beat count (15) as the ground truth.",SOUND,Clear and consistent with typical annotation formats.,json,4,False,"{
  ""verdict"": ""PASS"",
  ""reason"": ""The candidate answer identifies the same interval [110s, 120s) and beat count (15) as the ground truth."",
  ""ground_truth_sanity"": ""SOUND"",
  ""ground_truth_note"": ""Clear and consistent with typical annotation formats.""
}"
2,[in_memory_benchmark_run],FF_FULL,8,explicit,Calculate the root mean square (RMS) of the MLII signal for record_id 106.,False,The RMS of the MLII signal for record_id 106 is 0.4088.,The result is 0.40876962488762447,False,True,"df = df[df['record_id'] == 106]
result = df['MLII'].rms()",PASS,1.0,The candidate answer matches the ground truth value exactly.,SOUND,The RMS value is reasonable and consistent with typical signal magnitudes.,json,3,False,"{
  ""verdict"": ""PASS"",
  ""reason"": ""The candidate answer matches the ground truth value exactly."",
  ""ground_truth_sanity"": ""SOUND"",
  ""ground_truth_note"": ""The RMS value is reasonable and consistent with typical signal magnitudes.""
}"
2,[in_memory_benchmark_run],FF_FULL,13,explicit,Filter to record_id 101 and sort its rows by time_s in ascending order. Use the first 80% of rows for training and the final 20% as the chronological holdout. Train a logistic regression model using the features MLII and V1. Predict whether an annotation is present for the first row in the holdout set.,False,Logistic regression predicts annotation '0' for the first holdout row.,The result is Logistic regression predicts present '0' for the first holdout row.,False,True,"# sort_by=['time_s'] split=520000/650000 model='logistic_regression' features=['MLII', 'V1']
result = ""Logistic regression predicts present '0' for the first holdout row.""",PASS,1.0,"The candidate answer conveys the same prediction outcome as the ground truth, with only minor phrasing differences.",SOUND,Clear and consistent with the task.,json,2,False,"{
  ""verdict"": ""PASS"",
  ""reason"": ""The candidate answer conveys the same prediction outcome as the ground truth, with only minor phrasing differences."",
  ""ground_truth_sanity"": ""SOUND"",
  ""ground_truth_note"": ""Clear and consistent with the task.""
}"
2,[in_memory_benchmark_run],FF_FULL,14,explicit,Filter to record_id 101 and sort its rows by time_s in ascending order. Use the first 80% of rows for training and the final 20% as the chronological holdout. Train a random forest model using the features MLII and V1. Predict whether an annotation is present for the first row in the holdout set.,False,Random forest predicts annotation '0' for the first holdout row.,The result is Random forest predicts present '0' for the first holdout row.,False,True,"# sort_by=['time_s'] split=520000/650000 model='random_forest' features=['MLII', 'V1']
result = ""Random forest predicts present '0' for the first holdout row.""",PASS,1.0,The candidate answer conveys the same prediction ('0') for the first holdout row as the ground truth.,SOUND,Clear and consistent with the task.,json,3,False,"{
  ""verdict"": ""PASS"",
  ""reason"": ""The candidate answer conveys the same prediction ('0') for the first holdout row as the ground truth."",
  ""ground_truth_sanity"": ""SOUND"",
  ""ground_truth_note"": ""Clear and consistent with the task.""
}"
2,[in_memory_benchmark_run],FF_FULL,15,explicit,Filter to record_id 101 and sort its rows by time_s in ascending order. Use the first 80% of rows for training and the final 20% as the chronological holdout. Train a 1-nearest-neighbor model using the features MLII and V1. Predict whether an annotation is present for the first row in the holdout set.,False,1-nearest-neighbor predicts annotation '0' for the first holdout row.,The result is 1-nearest-neighbor predicts present '0' for the first holdout row.,False,True,"# sort_by=['time_s'] split=520000/650000 model='one_nearest_neighbor' features=['MLII', 'V1']
result = ""1-nearest-neighbor predicts present '0' for the first holdout row.""",PASS,1.0,"The candidate answer is semantically equivalent to the ground truth, both stating that the 1-nearest-neighbor model predicts annotation '0' for the first holdout row.",SOUND,Clear and consistent with the query's requirements.,json,1,False,"{
  ""verdict"": ""PASS"",
  ""reason"": ""The candidate answer is semantically equivalent to the ground truth, both stating that the 1-nearest-neighbor model predicts annotation '0' for the first holdout row."",
  ""ground_truth_sanity"": ""SOUND"",
  ""ground_truth_note"": ""Clear and consistent with the query's requirements.""
}"
2,[in_memory_benchmark_run],FF_FULL,16,explicit,Filter to record_id 101 and sort its rows by time_s in ascending order. Use the first 80% of rows for training and the final 20% as the chronological holdout. Train a hist gradient boosting model using the features MLII and V1. Predict whether an annotation is present for the first row in the holdout set.,False,Hist gradient boosting predicts annotation '0' for the first holdout row.,The result is Hist gradient boosting predicts present '0' for the first holdout row.,False,True,"# sort_by=['time_s'] split=520000/650000 model='hist_gradient_boosting' features=['MLII', 'V1']
result = ""Hist gradient boosting predicts present '0' for the first holdout row.""",PASS,1.0,"The candidate answer is semantically equivalent to the ground truth, both stating that the model predicts '0' for the first holdout row.",SOUND,Clear and consistent with the query's requirements.,json,3,False,"{
  ""verdict"": ""PASS"",
  ""reason"": ""The candidate answer is semantically equivalent to the ground truth, both stating that the model predicts '0' for the first holdout row."",
  ""ground_truth_sanity"": ""SOUND"",
  ""ground_truth_note"": ""Clear and consistent with the query's requirements.""
}"
2,[in_memory_benchmark_run],FF_FULL,17,explicit,"Among rows whose annotation is one of the known MIT-ECG annotation codes, partition each record_id's time_s values into consecutive groups of width 10. For each group, compute MLII RMS. Return the group with the greatest RMS.",False,The greatest MLII RMS is 3.075804772738 for record_id 116 in the 1400.0-second bin.,"The result is {'record_id': 116, 'time_bin': 1400.0, 'rms_MLII': 3.075804772738348}",False,True,"df = df[df['annotation'].isin(['!', '""', '+', '/', 'A', 'E', 'F', 'J', 'L', 'N', 'Q', 'R', 'S', 'V', '[', ']', 'a', 'e', 'f', 'j', 'x', '|', '~'])]
df['time_bin'] = (df['time_s'] // 10.0) * 10.0
result = df.groupby(['record_id', 'time_bin'])['MLII'].apply(rms)
result = result.idxmax()",PASS,1.0,"The candidate answer provides the same record_id, time bin, and RMS value as the ground truth.",SOUND,Answer is specific and consistent with the query.,json,1,False,"{
  ""verdict"": ""PASS"",
  ""reason"": ""The candidate answer provides the same record_id, time bin, and RMS value as the ground truth."",
  ""ground_truth_sanity"": ""SOUND"",
  ""ground_truth_note"": ""Answer is specific and consistent with the query.""
}"
2,[in_memory_benchmark_run],FF_FULL,18,explicit,"For every record_id, independently compute maximum and minimum MLII. Define MLII span as maximum minus minimum. Return the record_id with the largest MLII span.",False,record_id 116 has the largest MLII span: 10.235000000000.,The result is: 116,False,True,"grouped = df.groupby('record_id')['MLII']
spans = grouped.max() - grouped.min()
result = spans.idxmax()",PASS,1.0,"The candidate correctly identifies record_id 116 as having the largest MLII span, matching the ground truth.",SOUND,Ground truth provides a clear and plausible answer consistent with the query.,json,1,False,"{
  ""verdict"": ""PASS"",
  ""reason"": ""The candidate correctly identifies record_id 116 as having the largest MLII span, matching the ground truth."",
  ""ground_truth_sanity"": ""SOUND"",
  ""ground_truth_note"": ""Ground truth provides a clear and plausible answer consistent with the query.""
}"
2,[in_memory_benchmark_run],FF_FULL,19,explicit,"For record_id 101, divide time_s into 10-second bins. For each bin, compute annotated-row rate as rows with an annotation in the known annotation-code list divided by all rows in the bin. Return the Pearson correlation between bin index and annotated-row rate.",False,The Pearson correlation between 10-second bin index and annotated-row rate for record_id 101 is -0.460485689017.,The result is -0.46048568901662706,False,True,"df = df[df['record_id'].isin([101])]
df['time_bin'] = (df['time_s'] // 10.0) * 10.0
# PARALLEL_AGGREGATE branches:
branch_0 = df[df['annotation'].isin(['!', '""', '+', '/', 'A', 'E', 'F', 'J', 'L', 'N', 'Q', 'R', 'S', 'V', '[', ']', 'a', 'e', 'f', 'j', 'x', '|', '~'])].groupby(['time_bin']).size()
branch_1 = df.groupby(['time_bin']).size()
merged = branch_0.merge(branch_1, on=['time_bin'], how='outer')
merged[['annotated_count', 'total_count']] = merged[['annotated_count', 'total_count']].fillna(0)
df['annotated_rate'] = df['annotated_count'] / df['total_count']
result = df['time_bin'].corr(df['annotated_rate'], method='pearson')",PASS,1.0,The candidate answer matches the ground truth value exactly.,SOUND,The ground truth is a reasonable and specific numeric result.,json,3,False,"{
  ""verdict"": ""PASS"",
  ""reason"": ""The candidate answer matches the ground truth value exactly."",
  ""ground_truth_sanity"": ""SOUND"",
  ""ground_truth_note"": ""The ground truth is a reasonable and specific numeric result.""
}"
2,[in_memory_benchmark_run],FF_FULL,20,explicit,"For every record_id, independently compute MLII variance and V1 variance. Define total lead variability as their sum. Return the record_id with the largest total lead variability.",False,record_id 107 has the largest total lead variability: 1.110180227701.,"The result is {'record_id': 107, 'total_lead_variability': 1.1101802277013384}",False,True,"# PARALLEL_AGGREGATE branches:
branch_0 = df.groupby(['record_id'])['MLII'].var()
branch_1 = df.groupby(['record_id'])['V1'].var()
merged = branch_0.merge(branch_1, on=['record_id'], how='outer')
df['total_lead_variability'] = df['mlii_var'] + df['v1_var']
idx = df['total_lead_variability'].idxmax(); result = df.loc[idx, ['record_id', 'total_lead_variability']].to_dict()",PASS,1.0,"The candidate answer identifies record_id 107 with total lead variability 1.11, matching the ground truth.",SOUND,The ground truth is consistent with the query and candidate answer.,json,2,False,"{
  ""verdict"": ""PASS"",
  ""reason"": ""The candidate answer identifies record_id 107 with total lead variability 1.11, matching the ground truth."",
  ""ground_truth_sanity"": ""SOUND"",
  ""ground_truth_note"": ""The ground truth is consistent with the query and candidate answer.""
}"
2,[in_memory_benchmark_run],FF_NO_CACHE,1,explicit,What is the minimum MLII value recorded for record_id 101?,False,Minimum MLII for record_id 101 is -3.1750.,The result is -3.175,False,True,"df = df[df['record_id'] == 101]
result = df['MLII'].min()",PASS,1.0,The candidate answer matches the ground truth value exactly.,SOUND,Clear and precise numeric answer.,json,1,False,"{
  ""verdict"": ""PASS"",
  ""reason"": ""The candidate answer matches the ground truth value exactly."",
  ""ground_truth_sanity"": ""SOUND"",
  ""ground_truth_note"": ""Clear and precise numeric answer.""
}"
2,[in_memory_benchmark_run],FF_NO_CACHE,2,explicit,What is the total recording duration in seconds (maximum time_s) for record_id 234?,False,Total recording duration for record_id 234 is 1805.5528 seconds.,The result is 1805.5527777777777,False,True,"df = df[df['record_id'] == 234]
result = df['time_s'].max()",PASS,1.0,The candidate answer matches the ground truth value exactly.,SOUND,Clear and precise numeric answer consistent with the query.,json,1,False,"{
  ""verdict"": ""PASS"",
  ""reason"": ""The candidate answer matches the ground truth value exactly."",
  ""ground_truth_sanity"": ""SOUND"",
  ""ground_truth_note"": ""Clear and precise numeric answer consistent with the query.""
}"
2,[in_memory_benchmark_run],FF_NO_CACHE,3,explicit,"For record_id 106, how many samples have MLII > 0?",False,record_id 106 has 111769 samples with MLII > 0.,The result is 111769,False,True,"df = df[df['record_id'] == 106]
df = df[df['MLII'] > 0.0]
result = len(df)",PASS,1.0,The candidate answer matches the ground truth in both value and meaning.,SOUND,Clear and consistent with the query.,json,1,False,"{
  ""verdict"": ""PASS"",
  ""reason"": ""The candidate answer matches the ground truth in both value and meaning."",
  ""ground_truth_sanity"": ""SOUND"",
  ""ground_truth_note"": ""Clear and consistent with the query.""
}"
2,[in_memory_benchmark_run],FF_NO_CACHE,4,explicit,What is the timestamp (time_s) of the last annotated beat for record_id 221?,False,The last annotated beat in record_id 221 occurs at time_s = 1805.027778.,The result is 1805.0277777777776,False,True,"df = df[df['record_id'] == 221]
df = df[df['annotation'].notna() & df['annotation'].astype(str).str.strip().ne('')]
result = df['time_s'].max()",PASS,1.0,The candidate answer matches the ground truth value exactly.,SOUND,Clear and precise timestamp provided.,json,1,False,"{
  ""verdict"": ""PASS"",
  ""reason"": ""The candidate answer matches the ground truth value exactly."",
  ""ground_truth_sanity"": ""SOUND"",
  ""ground_truth_note"": ""Clear and precise timestamp provided.""
}"
2,[in_memory_benchmark_run],FF_NO_CACHE,5,explicit,"For record_id 208, what is the average count of rows with a non-empty annotation in each 60-second time_s bin?",False,"For record_id 208, the average annotation count per 60-s time_s is 98.064516.",The result is 98.06451612903226,False,True,"df = df[df['record_id'] == 208]
df = df[df['annotation'].notna() & df['annotation'].astype(str).str.strip().ne('')]
df['time_bin_60s'] = (df['time_s'] // 60.0) * 60.0
result = df.groupby('time_bin_60s').size()
result = result.mean()",PASS,1.0,The candidate answer matches the ground truth value exactly.,SOUND,Value is precise and consistent with the query.,json,4,False,"{
  ""verdict"": ""PASS"",
  ""reason"": ""The candidate answer matches the ground truth value exactly."",
  ""ground_truth_sanity"": ""SOUND"",
  ""ground_truth_note"": ""Value is precise and consistent with the query.""
}"
2,[in_memory_benchmark_run],FF_NO_CACHE,6,explicit,Which record_id exhibits the largest difference between maximum and minimum MLII?,False,record_id 116 has the largest peak-to-peak MLII amplitude at 10.2350.,"The result is {'record_id': 116, 'MLII_range': 10.235}",False,True,"# PARALLEL_AGGREGATE branches:
branch_0 = df.groupby(['record_id'])['MLII'].max()
branch_1 = df.groupby(['record_id'])['MLII'].min()
merged = branch_0.merge(branch_1, on=['record_id'], how='outer')
df['MLII_range'] = (df['max_MLII'] - df['min_MLII']).abs()
idx = df['MLII_range'].idxmax(); result = df.loc[idx, ['record_id', 'MLII_range']].to_dict()",PASS,1.0,"The candidate answer identifies record_id 116 with an MLII range of 10.235, which matches the ground truth.",SOUND,Clear and consistent with the query.,json,4,False,"{
  ""verdict"": ""PASS"",
  ""reason"": ""The candidate answer identifies record_id 116 with an MLII range of 10.235, which matches the ground truth."",
  ""ground_truth_sanity"": ""SOUND"",
  ""ground_truth_note"": ""Clear and consistent with the query.""
}"
2,[in_memory_benchmark_run],FF_NO_CACHE,7,explicit,"For record_id 101, which 10-second interval contains the highest number of annotated beats?",False,"The 10-second interval [110s, 120s) contains the highest number of annotated beats for record_id 101 with 15 beats.","The result is {'interval_start': 110.0, 'count': 15}",False,True,"df = df[df['record_id'] == 101]
df = df[df['annotation'].notna() & df['annotation'].astype(str).str.strip().ne('')]
df['interval_start'] = (df['time_s'] // 10.0) * 10.0
result = df.groupby('interval_start').size()
result = result.idxmax()",PASS,1.0,"The candidate answer specifies the same interval start (110s) and beat count (15) as the ground truth, which implies the interval [110s, 120s).",SOUND,Clear and consistent with typical interval notation.,json,1,False,"{
  ""verdict"": ""PASS"",
  ""reason"": ""The candidate answer specifies the same interval start (110s) and beat count (15) as the ground truth, which implies the interval [110s, 120s)."",
  ""ground_truth_sanity"": ""SOUND"",
  ""ground_truth_note"": ""Clear and consistent with typical interval notation.""
}"
2,[in_memory_benchmark_run],FF_NO_CACHE,8,explicit,Calculate the root mean square (RMS) of the MLII signal for record_id 106.,False,The RMS of the MLII signal for record_id 106 is 0.4088.,The result is 0.40876962488762447,False,True,"df = df[df['record_id'] == 106]
result = df['MLII'].rms()",PASS,1.0,The candidate answer matches the ground truth value exactly.,SOUND,The RMS value provided is consistent with typical signal processing results.,json,1,False,"{
  ""verdict"": ""PASS"",
  ""reason"": ""The candidate answer matches the ground truth value exactly."",
  ""ground_truth_sanity"": ""SOUND"",
  ""ground_truth_note"": ""The RMS value provided is consistent with typical signal processing results.""
}"
2,[in_memory_benchmark_run],FF_NO_CACHE,13,explicit,Filter to record_id 101 and sort its rows by time_s in ascending order. Use the first 80% of rows for training and the final 20% as the chronological holdout. Train a logistic regression model using the features MLII and V1. Predict whether an annotation is present for the first row in the holdout set.,False,Logistic regression predicts annotation '0' for the first holdout row.,The result is Logistic regression predicts present '0' for the first holdout row.,False,True,"# sort_by=['time_s'] split=520000/650000 model='logistic_regression' features=['MLII', 'V1']
result = ""Logistic regression predicts present '0' for the first holdout row.""",PASS,1.0,"The candidate answer is semantically equivalent to the ground truth, both stating that logistic regression predicts '0' for the first holdout row.",SOUND,Clear and consistent with the task description.,json,3,False,"{
  ""verdict"": ""PASS"",
  ""reason"": ""The candidate answer is semantically equivalent to the ground truth, both stating that logistic regression predicts '0' for the first holdout row."",
  ""ground_truth_sanity"": ""SOUND"",
  ""ground_truth_note"": ""Clear and consistent with the task description.""
}"
2,[in_memory_benchmark_run],FF_NO_CACHE,14,explicit,Filter to record_id 101 and sort its rows by time_s in ascending order. Use the first 80% of rows for training and the final 20% as the chronological holdout. Train a random forest model using the features MLII and V1. Predict whether an annotation is present for the first row in the holdout set.,False,Random forest predicts annotation '0' for the first holdout row.,The result is Random forest predicts present '0' for the first holdout row.,False,True,"# sort_by=['time_s'] split=520000/650000 model='random_forest' features=['MLII', 'V1']
result = ""Random forest predicts present '0' for the first holdout row.""",PASS,1.0,"The candidate answer conveys the same prediction outcome as the ground truth, with only minor phrasing differences.",SOUND,Clear and consistent with the task.,json,1,False,"{
  ""verdict"": ""PASS"",
  ""reason"": ""The candidate answer conveys the same prediction outcome as the ground truth, with only minor phrasing differences."",
  ""ground_truth_sanity"": ""SOUND"",
  ""ground_truth_note"": ""Clear and consistent with the task.""
}"
2,[in_memory_benchmark_run],FF_NO_CACHE,15,explicit,Filter to record_id 101 and sort its rows by time_s in ascending order. Use the first 80% of rows for training and the final 20% as the chronological holdout. Train a 1-nearest-neighbor model using the features MLII and V1. Predict whether an annotation is present for the first row in the holdout set.,False,1-nearest-neighbor predicts annotation '0' for the first holdout row.,The result is 1-nearest-neighbor predicts present '0' for the first holdout row.,False,True,"# sort_by=['time_s'] split=520000/650000 model='one_nearest_neighbor' features=['MLII', 'V1']
result = ""1-nearest-neighbor predicts present '0' for the first holdout row.""",PASS,1.0,"The candidate answer is semantically equivalent to the ground truth, both stating that the 1-nearest-neighbor model predicts annotation '0' for the first holdout row.",SOUND,Clear and consistent with the query's requirements.,json,2,False,"{
  ""verdict"": ""PASS"",
  ""reason"": ""The candidate answer is semantically equivalent to the ground truth, both stating that the 1-nearest-neighbor model predicts annotation '0' for the first holdout row."",
  ""ground_truth_sanity"": ""SOUND"",
  ""ground_truth_note"": ""Clear and consistent with the query's requirements.""
}"
2,[in_memory_benchmark_run],FF_NO_CACHE,16,explicit,Filter to record_id 101 and sort its rows by time_s in ascending order. Use the first 80% of rows for training and the final 20% as the chronological holdout. Train a hist gradient boosting model using the features MLII and V1. Predict whether an annotation is present for the first row in the holdout set.,False,Hist gradient boosting predicts annotation '0' for the first holdout row.,The result is Hist gradient boosting predicts present '0' for the first holdout row.,False,True,"# sort_by=['time_s'] split=520000/650000 model='hist_gradient_boosting' features=['MLII', 'V1']
result = ""Hist gradient boosting predicts present '0' for the first holdout row.""",PASS,1.0,"The candidate answer is semantically equivalent to the ground truth, both stating that the model predicts '0' for the first holdout row.",SOUND,Clear and consistent with the query's requirements.,json,2,False,"{
  ""verdict"": ""PASS"",
  ""reason"": ""The candidate answer is semantically equivalent to the ground truth, both stating that the model predicts '0' for the first holdout row."",
  ""ground_truth_sanity"": ""SOUND"",
  ""ground_truth_note"": ""Clear and consistent with the query's requirements.""
}"
2,[in_memory_benchmark_run],FF_NO_CACHE,17,explicit,"Among rows whose annotation is one of the known MIT-ECG annotation codes, partition each record_id's time_s values into consecutive groups of width 10. For each group, compute MLII RMS. Return the group with the greatest RMS.",False,The greatest MLII RMS is 3.075804772738 for record_id 116 in the 1400.0-second bin.,"The result is {'record_id': 116, 'time_bin': 1400.0, 'rms_MLII': 3.075804772738348}",False,True,"df = df[df['annotation'].notna() & df['annotation'].astype(str).str.strip().ne('')]
df['time_bin'] = (df['time_s'] // 10.0) * 10.0
result = df.groupby(['record_id', 'time_bin'])['MLII'].apply(rms)
result = result.idxmax()",PASS,1.0,"The candidate answer provides the same record_id, time bin, and RMS value as the ground truth.",SOUND,Ground truth is specific and consistent with the query.,json,3,False,"{
  ""verdict"": ""PASS"",
  ""reason"": ""The candidate answer provides the same record_id, time bin, and RMS value as the ground truth."",
  ""ground_truth_sanity"": ""SOUND"",
  ""ground_truth_note"": ""Ground truth is specific and consistent with the query.""
}"
2,[in_memory_benchmark_run],FF_NO_CACHE,18,explicit,"For every record_id, independently compute maximum and minimum MLII. Define MLII span as maximum minus minimum. Return the record_id with the largest MLII span.",False,record_id 116 has the largest MLII span: 10.235000000000.,The result is: 116,False,True,"grouped = df.groupby('record_id')['MLII']
mlii_span = grouped.max() - grouped.min()
result = mlii_span.idxmax()",PASS,1.0,"The candidate correctly identifies record_id 116 as having the largest MLII span, which matches the ground truth.",SOUND,Ground truth provides a clear and plausible answer consistent with the query.,json,2,False,"{
  ""verdict"": ""PASS"",
  ""reason"": ""The candidate correctly identifies record_id 116 as having the largest MLII span, which matches the ground truth."",
  ""ground_truth_sanity"": ""SOUND"",
  ""ground_truth_note"": ""Ground truth provides a clear and plausible answer consistent with the query.""
}"
2,[in_memory_benchmark_run],FF_NO_CACHE,19,explicit,"For record_id 101, divide time_s into 10-second bins. For each bin, compute annotated-row rate as rows with an annotation in the known annotation-code list divided by all rows in the bin. Return the Pearson correlation between bin index and annotated-row rate.",False,The Pearson correlation between 10-second bin index and annotated-row rate for record_id 101 is -0.460485689017.,The result is -0.46048568901662706,False,True,"df = df[df['record_id'].isin([101])]
df['time_bin'] = (df['time_s'] // 10.0) * 10.0
# PARALLEL_AGGREGATE branches:
branch_0 = df[df['annotation'].isin(['!', '""', '+', '/', 'A', 'E', 'F', 'J', 'L', 'N', 'Q', 'R', 'S', 'V', '[', ']', 'a', 'e', 'f', 'j', 'x', '|', '~'])].groupby(['time_bin']).size()
branch_1 = df.groupby(['time_bin']).size()
merged = branch_0.merge(branch_1, on=['time_bin'], how='outer')
merged[['annotated_count', 'total_count']] = merged[['annotated_count', 'total_count']].fillna(0)
df['annotated_rate'] = df['annotated_count'] / df['total_count']
result = df['time_bin'].corr(df['annotated_rate'], method='pearson')",PASS,1.0,The candidate answer matches the ground truth value exactly.,SOUND,"The ground truth provides a clear, specific numeric result consistent with the query.",json,2,False,"{
  ""verdict"": ""PASS"",
  ""reason"": ""The candidate answer matches the ground truth value exactly."",
  ""ground_truth_sanity"": ""SOUND"",
  ""ground_truth_note"": ""The ground truth provides a clear, specific numeric result consistent with the query.""
}"
2,[in_memory_benchmark_run],FF_NO_CACHE,20,explicit,"For every record_id, independently compute MLII variance and V1 variance. Define total lead variability as their sum. Return the record_id with the largest total lead variability.",False,record_id 107 has the largest total lead variability: 1.110180227701.,"The result is {'record_id': 107, 'total_lead_variability': 1.1101802277013384}",False,True,"# PARALLEL_AGGREGATE branches:
branch_0 = df.groupby(['record_id'])['MLII'].var()
branch_1 = df.groupby(['record_id'])['V1'].var()
merged = branch_0.merge(branch_1, on=['record_id'], how='outer')
df['total_lead_variability'] = df['MLII_var'] + df['V1_var']
idx = df['total_lead_variability'].idxmax(); result = df.loc[idx, ['record_id', 'total_lead_variability']].to_dict()",PASS,1.0,"The candidate answer identifies record_id 107 with total lead variability 1.11, matching the ground truth.",SOUND,Clear and consistent with the query.,json,3,False,"{
  ""verdict"": ""PASS"",
  ""reason"": ""The candidate answer identifies record_id 107 with total lead variability 1.11, matching the ground truth."",
  ""ground_truth_sanity"": ""SOUND"",
  ""ground_truth_note"": ""Clear and consistent with the query.""
}"
2,[in_memory_benchmark_run],FF_NO_PROMPT,1,explicit,What is the minimum MLII value recorded for record_id 101?,False,Minimum MLII for record_id 101 is -3.1750.,The result is -3.175,False,True,"df = df[df['record_id'].isin([101])]
result = df['MLII'].min()",PASS,1.0,The candidate answer matches the ground truth value exactly.,SOUND,The ground truth provides a clear and plausible numeric value.,json,1,False,"{
  ""verdict"": ""PASS"",
  ""reason"": ""The candidate answer matches the ground truth value exactly."",
  ""ground_truth_sanity"": ""SOUND"",
  ""ground_truth_note"": ""The ground truth provides a clear and plausible numeric value.""
}"
2,[in_memory_benchmark_run],FF_NO_PROMPT,2,explicit,What is the total recording duration in seconds (maximum time_s) for record_id 234?,False,Total recording duration for record_id 234 is 1805.5528 seconds.,The result is 1805.5527777777777,False,True,"df = df[df['record_id'].isin([234])]
result = df['time_s'].max()",PASS,1.0,The candidate answer matches the ground truth value exactly.,SOUND,The ground truth provides a precise and plausible duration in seconds.,json,1,False,"{
  ""verdict"": ""PASS"",
  ""reason"": ""The candidate answer matches the ground truth value exactly."",
  ""ground_truth_sanity"": ""SOUND"",
  ""ground_truth_note"": ""The ground truth provides a precise and plausible duration in seconds.""
}"
2,[in_memory_benchmark_run],FF_NO_PROMPT,3,explicit,"For record_id 106, how many samples have MLII > 0?",False,record_id 106 has 111769 samples with MLII > 0.,The result is 111769,False,True,"df = df[df['record_id'].isin([106])]
df = df[df['MLII'] > 0]
result = len(df)",PASS,1.0,The candidate answer matches the ground truth in both value and meaning.,SOUND,"The ground truth is a clear, specific numeric answer consistent with the query.",json,1,False,"{
  ""verdict"": ""PASS"",
  ""reason"": ""The candidate answer matches the ground truth in both value and meaning."",
  ""ground_truth_sanity"": ""SOUND"",
  ""ground_truth_note"": ""The ground truth is a clear, specific numeric answer consistent with the query.""
}"
2,[in_memory_benchmark_run],FF_NO_PROMPT,4,explicit,What is the timestamp (time_s) of the last annotated beat for record_id 221?,False,The last annotated beat in record_id 221 occurs at time_s = 1805.027778.,The result is 1805.0277777777776,False,True,"df = df[df['record_id'].isin([221])]
df = df[df['annotation'].notna() & df['annotation'].astype(str).str.strip().ne('')]
result = df['time_s'].max()",PASS,1.0,The candidate answer matches the ground truth value exactly.,SOUND,Clear and precise timestamp provided.,json,1,False,"{
  ""verdict"": ""PASS"",
  ""reason"": ""The candidate answer matches the ground truth value exactly."",
  ""ground_truth_sanity"": ""SOUND"",
  ""ground_truth_note"": ""Clear and precise timestamp provided.""
}"
2,[in_memory_benchmark_run],FF_NO_PROMPT,5,explicit,"For record_id 208, what is the average count of rows with a non-empty annotation in each 60-second time_s bin?",False,"For record_id 208, the average annotation count per 60-s time_s is 98.064516.",The result is: 98.06451612903226,False,True,"# Filter the DataFrame for record_id 208 and non-empty annotations
filtered_df = df[(df['record_id'] == 208) & (df['annotation'] != '')].copy()

# Bin time_s into 60-second intervals
filtered_df['time_bin'] = (filtered_df['time_s'] // 60) * 60

# Count rows per bin
bin_counts = filtered_df.groupby('time_bin').size()

# Calculate the average count across bins
result = bin_counts.mean() if not bin_counts.empty else 0.0",PASS,1.0,The candidate answer matches the ground truth value exactly.,SOUND,The ground truth provides a precise and reasonable numeric answer.,json,2,False,"{
  ""verdict"": ""PASS"",
  ""reason"": ""The candidate answer matches the ground truth value exactly."",
  ""ground_truth_sanity"": ""SOUND"",
  ""ground_truth_note"": ""The ground truth provides a precise and reasonable numeric answer.""
}"
2,[in_memory_benchmark_run],FF_NO_PROMPT,7,explicit,"For record_id 101, which 10-second interval contains the highest number of annotated beats?",False,"The 10-second interval [110s, 120s) contains the highest number of annotated beats for record_id 101 with 15 beats.",The result is: 110.0,False,True,"# Filter the DataFrame for record_id 101 and non-empty annotations
filtered_df = df[(df['record_id'] == 101) & (df['annotation'] != '')].copy()

# Create 10-second intervals by flooring time_s to the nearest 10
filtered_df['interval_start'] = (filtered_df['time_s'] // 10) * 10

# Count beats per interval
interval_counts = filtered_df.groupby('interval_start').size()

# Find the interval with the highest count
result = interval_counts.idxmax()",FAIL,0.0,"The candidate answer '110' is incomplete and does not specify the full interval or the number of beats, unlike the ground truth.",SOUND,"Clearly specifies the interval [110s, 120s) and beat count (15), which fully answers the query.",json,4,False,"{
  ""verdict"": ""FAIL"",
  ""reason"": ""The candidate answer '110' is incomplete and does not specify the full interval or the number of beats, unlike the ground truth."",
  ""ground_truth_sanity"": ""SOUND"",
  ""ground_truth_note"": ""Clearly specifies the interval [110s, 120s) and beat count (15), which fully answers the query.""
}"
2,[in_memory_benchmark_run],FF_NO_PROMPT,8,explicit,Calculate the root mean square (RMS) of the MLII signal for record_id 106.,False,The RMS of the MLII signal for record_id 106 is 0.4088.,The result is 0.40876962488762447,False,True,"df = df[df['record_id'].isin([106])]
result = df['MLII'].rms()",PASS,1.0,The candidate answer matches the ground truth value exactly.,SOUND,The RMS value is reasonable and consistent with typical signal magnitudes.,json,1,False,"{
  ""verdict"": ""PASS"",
  ""reason"": ""The candidate answer matches the ground truth value exactly."",
  ""ground_truth_sanity"": ""SOUND"",
  ""ground_truth_note"": ""The RMS value is reasonable and consistent with typical signal magnitudes.""
}"
2,[in_memory_benchmark_run],FF_NO_PROMPT,13,explicit,Filter to record_id 101 and sort its rows by time_s in ascending order. Use the first 80% of rows for training and the final 20% as the chronological holdout. Train a logistic regression model using the features MLII and V1. Predict whether an annotation is present for the first row in the holdout set.,False,Logistic regression predicts annotation '0' for the first holdout row.,The result is Logistic regression predicts label '0' for the first holdout row.,False,True,"df = df[df['record_id'].isin([101])]
# sort_by=['time_s'] split=520000/650000 model='logistic_regression' features=['MLII', 'V1']
result = ""Logistic regression predicts label '0' for the first holdout row.""",PASS,1.0,"The candidate answer is semantically equivalent to the ground truth, as both state that logistic regression predicts '0' for the first holdout row.",SOUND,Clear and consistent with the task description.,json,3,False,"{
  ""verdict"": ""PASS"",
  ""reason"": ""The candidate answer is semantically equivalent to the ground truth, as both state that logistic regression predicts '0' for the first holdout row."",
  ""ground_truth_sanity"": ""SOUND"",
  ""ground_truth_note"": ""Clear and consistent with the task description.""
}"
2,[in_memory_benchmark_run],FF_NO_PROMPT,14,explicit,Filter to record_id 101 and sort its rows by time_s in ascending order. Use the first 80% of rows for training and the final 20% as the chronological holdout. Train a random forest model using the features MLII and V1. Predict whether an annotation is present for the first row in the holdout set.,False,Random forest predicts annotation '0' for the first holdout row.,The result is Random forest predicts label '0' for the first holdout row.,False,True,"df = df[df['record_id'].isin([101])]
# sort_by=['time_s'] split=520000/650000 model='random_forest' features=['MLII', 'V1']
result = ""Random forest predicts label '0' for the first holdout row.""",PASS,1.0,"The candidate answer is semantically equivalent to the ground truth, both stating the random forest predicts '0' for the first holdout row.",SOUND,Clear and consistent with the query's requirements.,json,2,False,"{
  ""verdict"": ""PASS"",
  ""reason"": ""The candidate answer is semantically equivalent to the ground truth, both stating the random forest predicts '0' for the first holdout row."",
  ""ground_truth_sanity"": ""SOUND"",
  ""ground_truth_note"": ""Clear and consistent with the query's requirements.""
}"
2,[in_memory_benchmark_run],FF_NO_PROMPT,15,explicit,Filter to record_id 101 and sort its rows by time_s in ascending order. Use the first 80% of rows for training and the final 20% as the chronological holdout. Train a 1-nearest-neighbor model using the features MLII and V1. Predict whether an annotation is present for the first row in the holdout set.,False,1-nearest-neighbor predicts annotation '0' for the first holdout row.,The result is 1-nearest-neighbor predicts label '0' for the first holdout row.,False,True,"df = df[df['record_id'].isin([101])]
# sort_by=['time_s'] split=520000/650000 model='one_nearest_neighbor' features=['MLII', 'V1']
result = ""1-nearest-neighbor predicts label '0' for the first holdout row.""",PASS,1.0,"The candidate answer is semantically equivalent to the ground truth, as both state that the 1-nearest-neighbor model predicts label '0' for the first holdout row.",SOUND,The ground truth is clear and consistent with the query.,json,3,False,"{
  ""verdict"": ""PASS"",
  ""reason"": ""The candidate answer is semantically equivalent to the ground truth, as both state that the 1-nearest-neighbor model predicts label '0' for the first holdout row."",
  ""ground_truth_sanity"": ""SOUND"",
  ""ground_truth_note"": ""The ground truth is clear and consistent with the query.""
}"
2,[in_memory_benchmark_run],FF_NO_PROMPT,16,explicit,Filter to record_id 101 and sort its rows by time_s in ascending order. Use the first 80% of rows for training and the final 20% as the chronological holdout. Train a hist gradient boosting model using the features MLII and V1. Predict whether an annotation is present for the first row in the holdout set.,False,Hist gradient boosting predicts annotation '0' for the first holdout row.,The result is Hist gradient boosting predicts label '0' for the first holdout row.,False,True,"df = df[df['record_id'].isin([101])]
# sort_by=['time_s'] split=520000/650000 model='hist_gradient_boosting' features=['MLII', 'V1']
result = ""Hist gradient boosting predicts label '0' for the first holdout row.""",PASS,1.0,"The candidate answer is semantically equivalent to the ground truth, as both state that the hist gradient boosting model predicts label '0' for the first holdout row.",SOUND,The ground truth is clear and consistent with the query.,json,1,False,"{
  ""verdict"": ""PASS"",
  ""reason"": ""The candidate answer is semantically equivalent to the ground truth, as both state that the hist gradient boosting model predicts label '0' for the first holdout row."",
  ""ground_truth_sanity"": ""SOUND"",
  ""ground_truth_note"": ""The ground truth is clear and consistent with the query.""
}"
2,[in_memory_benchmark_run],FF_NO_PROMPT,17,explicit,"Among rows whose annotation is one of the known MIT-ECG annotation codes, partition each record_id's time_s values into consecutive groups of width 10. For each group, compute MLII RMS. Return the group with the greatest RMS.",False,The greatest MLII RMS is 3.075804772738 for record_id 116 in the 1400.0-second bin.,"The result is: record_id      116.000000
time_group    1400.000000
MLII_RMS         3.089281
Name: 1950, dtype: float64",False,True,"# Filter rows with non-empty annotation that are known MIT-ECG codes
mit_ecg_codes = {'N', 'L', 'R', 'B', 'A', 'a', 'J', 'S', 'V', 'r', 'F', 'e', 'j', 'n', 'E', '/', 'f', 'Q', '?'}
df_filtered = df[(df['annotation'] != '') & (df['annotation'].isin(mit_ecg_codes))]

# Create groups of width 10 for time_s within each record_id
df_filtered = df_filtered.copy()
df_filtered['time_group'] = (df_filtered['time_s'] // 10).astype(int) * 10

# Compute RMS for MLII for each group
def rms(series):
    return (series ** 2).mean() ** 0.5

grouped = df_filtered.groupby(['record_id', 'time_group'])
rms_values = grouped['MLII'].apply(rms).reset_index(name='MLII_RMS')

# Find the group with the greatest RMS
max_rms_row = rms_values.loc[rms_values['MLII_RMS'].idxmax()]

# Return the full group information (record_id, time_group, and RMS value)
result = max_rms_row",PASS,1.0,"The candidate answer reports a very close RMS value (3.089 vs 3.076) for the same record_id and time bin, within acceptable rounding tolerance.",SOUND,Value appears consistent with expected computation.,json,2,False,"{
  ""verdict"": ""PASS"",
  ""reason"": ""The candidate answer reports a very close RMS value (3.089 vs 3.076) for the same record_id and time bin, within acceptable rounding tolerance."",
  ""ground_truth_sanity"": ""SOUND"",
  ""ground_truth_note"": ""Value appears consistent with expected computation.""
}"
2,[in_memory_benchmark_run],FF_NO_PROMPT,18,explicit,"For every record_id, independently compute maximum and minimum MLII. Define MLII span as maximum minus minimum. Return the record_id with the largest MLII span.",False,record_id 116 has the largest MLII span: 10.235000000000.,"The result is {'101': -3.175, '105': -3.715, '106': -2.065, '107': -3.315, '108': -3.035, '109': -3.195, '111': -2.82, '112': -2.635, '113': -1.225, '115': -2.885, '116': -5.12, '118': -3.09, '119': -2.985, '121': -4.45, '122': -2.2, '200': -2.695, '201': -1.315, '202': -2.755, '203': -4.305, '205': -2.175, '207': -3.955, '208': -3.485, '209': -1.455, '210': -1.62, '212': -1.855, '213': -2.53, '214': -2.73, '215': -1.38, '217': -3.365, '219': -2.27, '220': -2.125, '221': -1.39, '222': -1.12, '223': -3.31, '228': -2.375, '230': -3.135, '231': -1.355, '232': -1.12, '233': -2.985, '234': -2.615}",False,True,"result = df.groupby('record_id')['MLII'].max()
result = df.groupby('record_id')['MLII'].min()",FAIL,0.0,"Candidate returns negative MLII spans, which are impossible since span = max - min ≥ 0; also fails to identify record_id 116 as having the largest span.",SOUND,MLII span is non-negative by definition; ground truth value 10.235 for record 116 is plausible.,json,2,False,"{
  ""verdict"": ""FAIL"",
  ""reason"": ""Candidate returns negative MLII spans, which are impossible since span = max - min ≥ 0; also fails to identify record_id 116 as having the largest span."",
  ""ground_truth_sanity"": ""SOUND"",
  ""ground_truth_note"": ""MLII span is non-negative by definition; ground truth value 10.235 for record 116 is plausible.""
}"
2,[in_memory_benchmark_run],FF_NO_PROMPT,19,explicit,"For record_id 101, divide time_s into 10-second bins. For each bin, compute annotated-row rate as rows with an annotation in the known annotation-code list divided by all rows in the bin. Return the Pearson correlation between bin index and annotated-row rate.",False,The Pearson correlation between 10-second bin index and annotated-row rate for record_id 101 is -0.460485689017.,The result is: -0.460485689016627,False,True,"# Filter data for record_id 101
df_filtered = df[df['record_id'] == 101].copy()

# Define known annotation codes (excluding empty string)
known_annotations = ['+', 'N', '~', '|', 'Q', 'A', 'V', '/', 'x', 'F', 'j', 'L', 'a', 'R', 'J', '[', '!', ']', 'E', 'S', '""', 'f', 'e']

# Create a boolean column indicating if annotation is in known list
df_filtered['is_annotated'] = df_filtered['annotation'].isin(known_annotations)

# Create 10-second bins
df_filtered['bin_index'] = (df_filtered['time_s'] // 10).astype(int)

# Group by bin_index to compute annotated-row rate
bin_stats = df_filtered.groupby('bin_index').agg(
    annotated_count=('is_annotated', 'sum'),
    total_count=('is_annotated', 'size')
).reset_index()

# Compute annotated-row rate
bin_stats['annotated_rate'] = bin_stats['annotated_count'] / bin_stats['total_count']

# Compute Pearson correlation between bin index and annotated-row rate
result = bin_stats['bin_index'].corr(bin_stats['annotated_rate'])",PASS,1.0,The candidate answer matches the ground truth value exactly.,SOUND,"The ground truth provides a clear, specific numeric result consistent with the query.",json,2,False,"{
  ""verdict"": ""PASS"",
  ""reason"": ""The candidate answer matches the ground truth value exactly."",
  ""ground_truth_sanity"": ""SOUND"",
  ""ground_truth_note"": ""The ground truth provides a clear, specific numeric result consistent with the query.""
}"
2,[in_memory_benchmark_run],FF_NO_PROMPT,20,explicit,"For every record_id, independently compute MLII variance and V1 variance. Define total lead variability as their sum. Return the record_id with the largest total lead variability.",False,record_id 107 has the largest total lead variability: 1.110180227701.,"The result is {'record_id': 107, 'MLII_var': 0.7362223408561109, 'V1_var': 0.3739578868452274}",False,True,"result = df.groupby('record_id')['MLII'].var()
result = df.groupby('record_id')['V1'].var()
# PARALLEL_AGGREGATE branches:
branch_0 = df.groupby(['record_id'])['MLII'].var()
branch_1 = df.groupby(['record_id'])['V1'].var()
merged = branch_0.merge(branch_1, on=['record_id'], how='outer')
idx = df['MLII_var'].idxmax(); result = df.loc[idx, ['record_id', 'MLII_var', 'V1_var']].to_dict()",PASS,1.0,"The candidate identifies record_id 107 as having the largest total lead variability, and the sum of the provided variances (0.736 + 0.374 = 1.11) matches the ground truth.",SOUND,Value 1.11 is consistent with the sum of the variances provided in the candidate answer.,json,2,False,"{
  ""verdict"": ""PASS"",
  ""reason"": ""The candidate identifies record_id 107 as having the largest total lead variability, and the sum of the provided variances (0.736 + 0.374 = 1.11) matches the ground truth."",
  ""ground_truth_sanity"": ""SOUND"",
  ""ground_truth_note"": ""Value 1.11 is consistent with the sum of the variances provided in the candidate answer.""
}"
2,[in_memory_benchmark_run],FF_NO_PRUNE,1,explicit,What is the minimum MLII value recorded for record_id 101?,False,Minimum MLII for record_id 101 is -3.1750.,The result is -3.175,False,True,"df = df[df['record_id'] == 101]
result = df['MLII'].min()",PASS,1.0,The candidate answer matches the ground truth value exactly.,SOUND,The ground truth provides a clear and plausible numeric value.,json,1,False,"{
  ""verdict"": ""PASS"",
  ""reason"": ""The candidate answer matches the ground truth value exactly."",
  ""ground_truth_sanity"": ""SOUND"",
  ""ground_truth_note"": ""The ground truth provides a clear and plausible numeric value.""
}"
2,[in_memory_benchmark_run],FF_NO_PRUNE,2,explicit,What is the total recording duration in seconds (maximum time_s) for record_id 234?,False,Total recording duration for record_id 234 is 1805.5528 seconds.,The result is 1805.5527777777777,False,True,"df = df[df['record_id'] == 234]
result = df['time_s'].max()",PASS,1.0,The candidate answer matches the ground truth value exactly.,SOUND,Clear and precise numeric answer consistent with the query.,json,1,False,"{
  ""verdict"": ""PASS"",
  ""reason"": ""The candidate answer matches the ground truth value exactly."",
  ""ground_truth_sanity"": ""SOUND"",
  ""ground_truth_note"": ""Clear and precise numeric answer consistent with the query.""
}"
2,[in_memory_benchmark_run],FF_NO_PRUNE,3,explicit,"For record_id 106, how many samples have MLII > 0?",False,record_id 106 has 111769 samples with MLII > 0.,The result is 111769,False,True,"df = df[df['record_id'] == 106]
df = df[df['MLII'] > 0.0]
result = len(df)",PASS,1.0,The candidate answer matches the ground truth in both value and meaning.,SOUND,"The ground truth provides a clear, specific count consistent with the query.",json,1,False,"{
  ""verdict"": ""PASS"",
  ""reason"": ""The candidate answer matches the ground truth in both value and meaning."",
  ""ground_truth_sanity"": ""SOUND"",
  ""ground_truth_note"": ""The ground truth provides a clear, specific count consistent with the query.""
}"
2,[in_memory_benchmark_run],FF_NO_PRUNE,4,explicit,What is the timestamp (time_s) of the last annotated beat for record_id 221?,False,The last annotated beat in record_id 221 occurs at time_s = 1805.027778.,The result is 1805.0277777777776,False,True,"df = df[df['record_id'] == 221]
df = df[df['annotation'].notna() & df['annotation'].astype(str).str.strip().ne('')]
result = df['time_s'].max()",PASS,1.0,The candidate answer matches the ground truth value exactly.,SOUND,Clear and precise timestamp provided.,json,1,False,"{
  ""verdict"": ""PASS"",
  ""reason"": ""The candidate answer matches the ground truth value exactly."",
  ""ground_truth_sanity"": ""SOUND"",
  ""ground_truth_note"": ""Clear and precise timestamp provided.""
}"
2,[in_memory_benchmark_run],FF_NO_PRUNE,5,explicit,"For record_id 208, what is the average count of rows with a non-empty annotation in each 60-second time_s bin?",False,"For record_id 208, the average annotation count per 60-s time_s is 98.064516.",The result is 98.06451612903226,False,True,"df = df[df['record_id'] == 208]
df = df[df['annotation'].notna() & df['annotation'].astype(str).str.strip().ne('')]
df['time_bin_60s'] = (df['time_s'] // 60.0) * 60.0
result = df.groupby('time_bin_60s').size()
result = result.mean()",FAIL,0.0,Judge infrastructure fallback: unable to obtain valid JSON verdict after retries (invoke_error:TooManyRequestsResponseError:Rate limit exceeded: qwen/qwen3-max/5e31ba3c-d5bf-4ced-a52d-96e2e6635f95. High demand for qwen/qwen3-max on OpenRouter - limited to 20 requests per minute. Please retry shortly.).,,,fallback:invalid:invoke_error:TooManyRequestsResponseError:Rate limit exceeded: qwen/qwen3-max/5e31ba3c-d5bf-4ced-a52d-96e2e6635f95. High demand for qwen/qwen3-max on OpenRouter - limited to 20 requests per minute. Please retry shortly.,4,False,
2,[in_memory_benchmark_run],FF_NO_PRUNE,6,explicit,Which record_id exhibits the largest difference between maximum and minimum MLII?,False,record_id 116 has the largest peak-to-peak MLII amplitude at 10.2350.,"The result is {'record_id': 116, 'MLII_range': 10.235}",False,True,"# PARALLEL_AGGREGATE branches:
branch_0 = df.groupby(['record_id'])['MLII'].max()
branch_1 = df.groupby(['record_id'])['MLII'].min()
merged = branch_0.merge(branch_1, on=['record_id'], how='outer')
df['MLII_range'] = (df['max_MLII'] - df['min_MLII']).abs()
idx = df['MLII_range'].idxmax(); result = df.loc[idx, ['record_id', 'MLII_range']].to_dict()",PASS,1.0,"The candidate answer identifies record_id 116 with an MLII range of 10.235, matching the ground truth.",SOUND,Clear and consistent with the query.,json,4,False,"{
  ""verdict"": ""PASS"",
  ""reason"": ""The candidate answer identifies record_id 116 with an MLII range of 10.235, matching the ground truth."",
  ""ground_truth_sanity"": ""SOUND"",
  ""ground_truth_note"": ""Clear and consistent with the query.""
}"
2,[in_memory_benchmark_run],FF_NO_PRUNE,7,explicit,"For record_id 101, which 10-second interval contains the highest number of annotated beats?",False,"The 10-second interval [110s, 120s) contains the highest number of annotated beats for record_id 101 with 15 beats.","The result is {'interval_start': 110.0, 'count': 15}",False,True,"df = df[df['record_id'] == 101]
df = df[df['annotation'].notna() & df['annotation'].astype(str).str.strip().ne('')]
df['interval_start'] = (df['time_s'] // 10.0) * 10.0
result = df.groupby('interval_start').size()
result = result.idxmax()",FAIL,0.0,Judge infrastructure fallback: unable to obtain valid JSON verdict after retries (invoke_error:TooManyRequestsResponseError:Rate limit exceeded: qwen/qwen3-max/5e31ba3c-d5bf-4ced-a52d-96e2e6635f95. High demand for qwen/qwen3-max on OpenRouter - limited to 20 requests per minute. Please retry shortly.).,,,fallback:invalid:invoke_error:TooManyRequestsResponseError:Rate limit exceeded: qwen/qwen3-max/5e31ba3c-d5bf-4ced-a52d-96e2e6635f95. High demand for qwen/qwen3-max on OpenRouter - limited to 20 requests per minute. Please retry shortly.,4,False,
2,[in_memory_benchmark_run],FF_NO_PRUNE,8,explicit,Calculate the root mean square (RMS) of the MLII signal for record_id 106.,False,The RMS of the MLII signal for record_id 106 is 0.4088.,The result is: 0.40876962488762447,False,True,"# Filter the DataFrame for record_id 106
df_filtered = df[df['record_id'] == 106]

# Calculate RMS of MLII signal: sqrt(mean(square(MLII)))
import numpy as np
result = np.sqrt(np.mean(df_filtered['MLII'] ** 2))",PASS,1.0,The candidate answer matches the ground truth value exactly.,SOUND,The RMS value is clearly stated and reasonable.,json,3,False,"{
  ""verdict"": ""PASS"",
  ""reason"": ""The candidate answer matches the ground truth value exactly."",
  ""ground_truth_sanity"": ""SOUND"",
  ""ground_truth_note"": ""The RMS value is clearly stated and reasonable.""
}"
2,[in_memory_benchmark_run],FF_NO_PRUNE,13,explicit,Filter to record_id 101 and sort its rows by time_s in ascending order. Use the first 80% of rows for training and the final 20% as the chronological holdout. Train a logistic regression model using the features MLII and V1. Predict whether an annotation is present for the first row in the holdout set.,False,Logistic regression predicts annotation '0' for the first holdout row.,The result is Logistic regression predicts annotation_present '0' for the first holdout row.,False,True,"# sort_by=['time_s'] split=520000/650000 model='logistic_regression' features=['MLII', 'V1']
result = ""Logistic regression predicts annotation_present '0' for the first holdout row.""",PASS,1.0,"The candidate answer is semantically equivalent to the ground truth, differing only in minor phrasing ('annotation' vs 'annotation_present').",SOUND,Clear and consistent with the task.,json,2,False,"{
  ""verdict"": ""PASS"",
  ""reason"": ""The candidate answer is semantically equivalent to the ground truth, differing only in minor phrasing ('annotation' vs 'annotation_present')."",
  ""ground_truth_sanity"": ""SOUND"",
  ""ground_truth_note"": ""Clear and consistent with the task.""
}"
2,[in_memory_benchmark_run],FF_NO_PRUNE,14,explicit,Filter to record_id 101 and sort its rows by time_s in ascending order. Use the first 80% of rows for training and the final 20% as the chronological holdout. Train a random forest model using the features MLII and V1. Predict whether an annotation is present for the first row in the holdout set.,False,Random forest predicts annotation '0' for the first holdout row.,The result is Random forest predicts annotation_present '0' for the first holdout row.,False,True,"# sort_by=['time_s'] split=520000/650000 model='random_forest' features=['MLII', 'V1']
result = ""Random forest predicts annotation_present '0' for the first holdout row.""",PASS,1.0,"The candidate answer is semantically equivalent to the ground truth, with only minor phrasing differences.",SOUND,Clear and consistent with the query's requirements.,json,1,False,"{
  ""verdict"": ""PASS"",
  ""reason"": ""The candidate answer is semantically equivalent to the ground truth, with only minor phrasing differences."",
  ""ground_truth_sanity"": ""SOUND"",
  ""ground_truth_note"": ""Clear and consistent with the query's requirements.""
}"
2,[in_memory_benchmark_run],FF_NO_PRUNE,15,explicit,Filter to record_id 101 and sort its rows by time_s in ascending order. Use the first 80% of rows for training and the final 20% as the chronological holdout. Train a 1-nearest-neighbor model using the features MLII and V1. Predict whether an annotation is present for the first row in the holdout set.,False,1-nearest-neighbor predicts annotation '0' for the first holdout row.,The result is 1-nearest-neighbor predicts annotation_present '0' for the first holdout row.,False,True,"# sort_by=['time_s'] split=520000/650000 model='one_nearest_neighbor' features=['MLII', 'V1']
result = ""1-nearest-neighbor predicts annotation_present '0' for the first holdout row.""",PASS,1.0,The candidate answer is semantically and factually equivalent to the ground truth.,SOUND,Clear and consistent with the task description.,json,2,False,"{
  ""verdict"": ""PASS"",
  ""reason"": ""The candidate answer is semantically and factually equivalent to the ground truth."",
  ""ground_truth_sanity"": ""SOUND"",
  ""ground_truth_note"": ""Clear and consistent with the task description.""
}"
2,[in_memory_benchmark_run],FF_NO_PRUNE,16,explicit,Filter to record_id 101 and sort its rows by time_s in ascending order. Use the first 80% of rows for training and the final 20% as the chronological holdout. Train a hist gradient boosting model using the features MLII and V1. Predict whether an annotation is present for the first row in the holdout set.,False,Hist gradient boosting predicts annotation '0' for the first holdout row.,The result is Hist gradient boosting predicts annotation_present '0' for the first holdout row.,False,True,"# sort_by=['time_s'] split=520000/650000 model='hist_gradient_boosting' features=['MLII', 'V1']
result = ""Hist gradient boosting predicts annotation_present '0' for the first holdout row.""",PASS,1.0,"The candidate answer is semantically equivalent to the ground truth, differing only in minor phrasing ('annotation' vs 'annotation_present').",SOUND,Clear and consistent with the query.,json,3,False,"{
  ""verdict"": ""PASS"",
  ""reason"": ""The candidate answer is semantically equivalent to the ground truth, differing only in minor phrasing ('annotation' vs 'annotation_present')."",
  ""ground_truth_sanity"": ""SOUND"",
  ""ground_truth_note"": ""Clear and consistent with the query.""
}"
2,[in_memory_benchmark_run],FF_NO_PRUNE,17,explicit,"Among rows whose annotation is one of the known MIT-ECG annotation codes, partition each record_id's time_s values into consecutive groups of width 10. For each group, compute MLII RMS. Return the group with the greatest RMS.",False,The greatest MLII RMS is 3.075804772738 for record_id 116 in the 1400.0-second bin.,"The result is {'record_id': 116, 'time_bin_10s': 1400.0, 'rms_MLII': 3.075804772738348}",False,True,"df = df[df['annotation'].notna() & df['annotation'].astype(str).str.strip().ne('')]
df['time_bin_10s'] = (df['time_s'] // 10.0) * 10.0
result = df.groupby(['record_id', 'time_bin_10s'])['MLII'].apply(rms)
result = result.idxmax()",PASS,1.0,"The candidate answer provides the same record_id, time bin, and RMS value as the ground truth.",SOUND,Ground truth is consistent with the query and candidate answer.,json,3,False,"{
  ""verdict"": ""PASS"",
  ""reason"": ""The candidate answer provides the same record_id, time bin, and RMS value as the ground truth."",
  ""ground_truth_sanity"": ""SOUND"",
  ""ground_truth_note"": ""Ground truth is consistent with the query and candidate answer.""
}"
2,[in_memory_benchmark_run],FF_NO_PRUNE,18,explicit,"For every record_id, independently compute maximum and minimum MLII. Define MLII span as maximum minus minimum. Return the record_id with the largest MLII span.",False,record_id 116 has the largest MLII span: 10.235000000000.,"The result is {'record_id': 116, 'MLII_span': 10.235}",False,True,"# PARALLEL_AGGREGATE branches:
branch_0 = df.groupby(['record_id'])['MLII'].max()
branch_1 = df.groupby(['record_id'])['MLII'].min()
merged = branch_0.merge(branch_1, on=['record_id'], how='outer')
df['MLII_span'] = df['max_MLII'] - df['min_MLII']
idx = df['MLII_span'].idxmax(); result = df.loc[idx, ['record_id', 'MLII_span']].to_dict()",PASS,1.0,"The candidate answer identifies record_id 116 with an MLII span of 10.235, matching the ground truth.",SOUND,Clear and consistent with the query.,json,3,False,"{
  ""verdict"": ""PASS"",
  ""reason"": ""The candidate answer identifies record_id 116 with an MLII span of 10.235, matching the ground truth."",
  ""ground_truth_sanity"": ""SOUND"",
  ""ground_truth_note"": ""Clear and consistent with the query.""
}"
2,[in_memory_benchmark_run],FF_NO_PRUNE,19,explicit,"For record_id 101, divide time_s into 10-second bins. For each bin, compute annotated-row rate as rows with an annotation in the known annotation-code list divided by all rows in the bin. Return the Pearson correlation between bin index and annotated-row rate.",False,The Pearson correlation between 10-second bin index and annotated-row rate for record_id 101 is -0.460485689017.,The result is -0.46048568901662706,False,True,"df = df[df['record_id'] == 101]
df['time_bin'] = (df['time_s'] // 10.0) * 10.0
# PARALLEL_AGGREGATE branches:
branch_0 = df[df['annotation'].isin(['!', '""', '+', '/', 'A', 'E', 'F', 'J', 'L', 'N', 'Q', 'R', 'S', 'V', '[', ']', 'a', 'e', 'f', 'j', 'x', '|', '~'])].groupby(['time_bin']).size()
branch_1 = df.groupby(['time_bin']).size()
merged = branch_0.merge(branch_1, on=['time_bin'], how='outer')
merged[['annotated_count', 'total_count']] = merged[['annotated_count', 'total_count']].fillna(0)
df['annotated_rate'] = df['annotated_count'] / df['total_count']
result = df['time_bin'].corr(df['annotated_rate'], method='pearson')",PASS,1.0,The candidate answer matches the ground truth value exactly.,SOUND,Value is plausible and consistent with the query.,json,3,False,"{
  ""verdict"": ""PASS"",
  ""reason"": ""The candidate answer matches the ground truth value exactly."",
  ""ground_truth_sanity"": ""SOUND"",
  ""ground_truth_note"": ""Value is plausible and consistent with the query.""
}"
2,[in_memory_benchmark_run],FF_NO_PRUNE,20,explicit,"For every record_id, independently compute MLII variance and V1 variance. Define total lead variability as their sum. Return the record_id with the largest total lead variability.",False,record_id 107 has the largest total lead variability: 1.110180227701.,"The result is {'record_id': 233, 'total_lead_variability': 2.9585604430302306}",False,True,"df = df[df['annotation'].notna() & df['annotation'].astype(str).str.strip().ne('')]
# PARALLEL_AGGREGATE branches:
branch_0 = df.groupby(['record_id'])['MLII'].var()
branch_1 = df.groupby(['record_id'])['V1'].var()
merged = branch_0.merge(branch_1, on=['record_id'], how='outer')
df['total_lead_variability'] = df['mlii_var'] + df['v1_var']
idx = df['total_lead_variability'].idxmax(); result = df.loc[idx, ['record_id', 'total_lead_variability']].to_dict()",FAIL,0.0,"Candidate answer identifies record_id 233 as having the largest total lead variability, while ground truth states it is record_id 107.",SOUND,Ground truth provides a specific and plausible answer consistent with the query.,json,2,False,"{
  ""verdict"": ""FAIL"",
  ""reason"": ""Candidate answer identifies record_id 233 as having the largest total lead variability, while ground truth states it is record_id 107."",
  ""ground_truth_sanity"": ""SOUND"",
  ""ground_truth_note"": ""Ground truth provides a specific and plausible answer consistent with the query.""
}"
3,[in_memory_benchmark_run],FF_FULL,1,explicit,What is the minimum MLII value recorded for record_id 101?,False,Minimum MLII for record_id 101 is -3.1750.,The result is -3.175,False,True,"df = df[df['record_id'] == 101]
result = df['MLII'].min()",PASS,1.0,The candidate answer matches the ground truth value exactly.,SOUND,The ground truth provides a clear and plausible numeric value.,json,1,False,"{
  ""verdict"": ""PASS"",
  ""reason"": ""The candidate answer matches the ground truth value exactly."",
  ""ground_truth_sanity"": ""SOUND"",
  ""ground_truth_note"": ""The ground truth provides a clear and plausible numeric value.""
}"
3,[in_memory_benchmark_run],FF_FULL,2,explicit,What is the total recording duration in seconds (maximum time_s) for record_id 234?,False,Total recording duration for record_id 234 is 1805.5528 seconds.,The result is 1805.5527777777777,False,True,"df = df[df['record_id'] == 234]
result = df['time_s'].max()",PASS,1.0,The candidate answer matches the ground truth value exactly.,SOUND,The ground truth provides a precise and reasonable duration in seconds.,json,1,False,"{
  ""verdict"": ""PASS"",
  ""reason"": ""The candidate answer matches the ground truth value exactly."",
  ""ground_truth_sanity"": ""SOUND"",
  ""ground_truth_note"": ""The ground truth provides a precise and reasonable duration in seconds.""
}"
3,[in_memory_benchmark_run],FF_FULL,3,explicit,"For record_id 106, how many samples have MLII > 0?",False,record_id 106 has 111769 samples with MLII > 0.,The result is 111769,False,True,"df = df[df['record_id'] == 106]
df = df[df['MLII'] > 0]
result = len(df)",PASS,1.0,The candidate answer matches the ground truth value exactly.,SOUND,"The ground truth provides a clear, specific count consistent with the query.",json,1,False,"{
  ""verdict"": ""PASS"",
  ""reason"": ""The candidate answer matches the ground truth value exactly."",
  ""ground_truth_sanity"": ""SOUND"",
  ""ground_truth_note"": ""The ground truth provides a clear, specific count consistent with the query.""
}"
3,[in_memory_benchmark_run],FF_FULL,4,explicit,What is the timestamp (time_s) of the last annotated beat for record_id 221?,False,The last annotated beat in record_id 221 occurs at time_s = 1805.027778.,The result is 1805.0277777777776,False,True,"df = df[df['record_id'] == 221]
df = df[df['annotation'].notna() & df['annotation'].astype(str).str.strip().ne('')]
result = df['time_s'].max()",PASS,1.0,The candidate answer matches the ground truth value exactly.,SOUND,Clear and precise timestamp provided.,json,1,False,"{
  ""verdict"": ""PASS"",
  ""reason"": ""The candidate answer matches the ground truth value exactly."",
  ""ground_truth_sanity"": ""SOUND"",
  ""ground_truth_note"": ""Clear and precise timestamp provided.""
}"
3,[in_memory_benchmark_run],FF_FULL,5,explicit,"For record_id 208, what is the average count of rows with a non-empty annotation in each 60-second time_s bin?",False,"For record_id 208, the average annotation count per 60-s time_s is 98.064516.",The result is 98.06451612903226,False,True,"df = df[df['record_id'] == 208]
df = df[df['annotation'].notna() & df['annotation'].astype(str).str.strip().ne('')]
df['time_bin_60s'] = (df['time_s'] // 60.0) * 60.0
result = df.groupby('time_bin_60s').size()
result = result.mean()",PASS,1.0,The candidate answer matches the ground truth value exactly.,SOUND,The ground truth provides a precise and reasonable numeric answer.,json,1,False,"{
  ""verdict"": ""PASS"",
  ""reason"": ""The candidate answer matches the ground truth value exactly."",
  ""ground_truth_sanity"": ""SOUND"",
  ""ground_truth_note"": ""The ground truth provides a precise and reasonable numeric answer.""
}"
3,[in_memory_benchmark_run],FF_FULL,6,explicit,Which record_id exhibits the largest difference between maximum and minimum MLII?,False,record_id 116 has the largest peak-to-peak MLII amplitude at 10.2350.,"The result is {'record_id': 116, 'MLII_range': 10.235}",False,True,"# PARALLEL_AGGREGATE branches:
branch_0 = df.groupby(['record_id'])['MLII'].max()
branch_1 = df.groupby(['record_id'])['MLII'].min()
merged = branch_0.merge(branch_1, on=['record_id'], how='outer')
df['MLII_range'] = (df['max_MLII'] - df['min_MLII']).abs()
idx = df['MLII_range'].idxmax(); result = df.loc[idx, ['record_id', 'MLII_range']].to_dict()",FAIL,0.0,Judge infrastructure fallback: unable to obtain valid JSON verdict after retries (invoke_error:TooManyRequestsResponseError:Rate limit exceeded: qwen/qwen3-max/5e31ba3c-d5bf-4ced-a52d-96e2e6635f95. High demand for qwen/qwen3-max on OpenRouter - limited to 20 requests per minute. Please retry shortly.).,,,fallback:invalid:invoke_error:TooManyRequestsResponseError:Rate limit exceeded: qwen/qwen3-max/5e31ba3c-d5bf-4ced-a52d-96e2e6635f95. High demand for qwen/qwen3-max on OpenRouter - limited to 20 requests per minute. Please retry shortly.,4,False,
3,[in_memory_benchmark_run],FF_FULL,7,explicit,"For record_id 101, which 10-second interval contains the highest number of annotated beats?",False,"The 10-second interval [110s, 120s) contains the highest number of annotated beats for record_id 101 with 15 beats.","The result is {'interval_start': 110.0, 'count': 15}",False,True,"df = df[df['record_id'] == 101]
df = df[df['annotation'].notna() & df['annotation'].astype(str).str.strip().ne('')]
df['interval_start'] = (df['time_s'] // 10.0) * 10.0
result = df.groupby('interval_start').size()
result = result.idxmax()",FAIL,0.0,Judge infrastructure fallback: unable to obtain valid JSON verdict after retries (invoke_error:TooManyRequestsResponseError:Rate limit exceeded: qwen/qwen3-max/5e31ba3c-d5bf-4ced-a52d-96e2e6635f95. High demand for qwen/qwen3-max on OpenRouter - limited to 20 requests per minute. Please retry shortly.).,,,fallback:invalid:invoke_error:TooManyRequestsResponseError:Rate limit exceeded: qwen/qwen3-max/5e31ba3c-d5bf-4ced-a52d-96e2e6635f95. High demand for qwen/qwen3-max on OpenRouter - limited to 20 requests per minute. Please retry shortly.,4,False,
3,[in_memory_benchmark_run],FF_FULL,8,explicit,Calculate the root mean square (RMS) of the MLII signal for record_id 106.,False,The RMS of the MLII signal for record_id 106 is 0.4088.,The result is 0.40876962488762447,False,True,"df = df[df['record_id'] == 106]
result = df['MLII'].rms()",PASS,1.0,The candidate answer matches the ground truth value exactly.,SOUND,The RMS value provided is reasonable and consistent with typical signal magnitudes.,json,2,False,"{
  ""verdict"": ""PASS"",
  ""reason"": ""The candidate answer matches the ground truth value exactly."",
  ""ground_truth_sanity"": ""SOUND"",
  ""ground_truth_note"": ""The RMS value provided is reasonable and consistent with typical signal magnitudes.""
}"
3,[in_memory_benchmark_run],FF_FULL,13,explicit,Filter to record_id 101 and sort its rows by time_s in ascending order. Use the first 80% of rows for training and the final 20% as the chronological holdout. Train a logistic regression model using the features MLII and V1. Predict whether an annotation is present for the first row in the holdout set.,False,Logistic regression predicts annotation '0' for the first holdout row.,The result is Logistic regression predicts present '0' for the first holdout row.,False,True,"# sort_by=['time_s'] split=520000/650000 model='logistic_regression' features=['MLII', 'V1']
result = ""Logistic regression predicts present '0' for the first holdout row.""",PASS,1.0,"The candidate answer is semantically equivalent to the ground truth, both stating that logistic regression predicts annotation '0' for the first holdout row.",SOUND,Clear and consistent with the query's requirements.,json,3,False,"{
  ""verdict"": ""PASS"",
  ""reason"": ""The candidate answer is semantically equivalent to the ground truth, both stating that logistic regression predicts annotation '0' for the first holdout row."",
  ""ground_truth_sanity"": ""SOUND"",
  ""ground_truth_note"": ""Clear and consistent with the query's requirements.""
}"
3,[in_memory_benchmark_run],FF_FULL,14,explicit,Filter to record_id 101 and sort its rows by time_s in ascending order. Use the first 80% of rows for training and the final 20% as the chronological holdout. Train a random forest model using the features MLII and V1. Predict whether an annotation is present for the first row in the holdout set.,False,Random forest predicts annotation '0' for the first holdout row.,The result is Random forest predicts present '0' for the first holdout row.,False,True,"# sort_by=['time_s'] split=520000/650000 model='random_forest' features=['MLII', 'V1']
result = ""Random forest predicts present '0' for the first holdout row.""",PASS,1.0,The candidate answer conveys the same prediction ('0') for the first holdout row as the ground truth.,SOUND,Clear and consistent with the task description.,json,3,False,"{
  ""verdict"": ""PASS"",
  ""reason"": ""The candidate answer conveys the same prediction ('0') for the first holdout row as the ground truth."",
  ""ground_truth_sanity"": ""SOUND"",
  ""ground_truth_note"": ""Clear and consistent with the task description.""
}"
3,[in_memory_benchmark_run],FF_FULL,15,explicit,Filter to record_id 101 and sort its rows by time_s in ascending order. Use the first 80% of rows for training and the final 20% as the chronological holdout. Train a 1-nearest-neighbor model using the features MLII and V1. Predict whether an annotation is present for the first row in the holdout set.,False,1-nearest-neighbor predicts annotation '0' for the first holdout row.,The result is 1-nearest-neighbor predicts present '0' for the first holdout row.,False,True,"# sort_by=['time_s'] split=520000/650000 model='one_nearest_neighbor' features=['MLII', 'V1']
result = ""1-nearest-neighbor predicts present '0' for the first holdout row.""",PASS,1.0,"The candidate answer is semantically equivalent to the ground truth, both stating that the 1-nearest-neighbor model predicts annotation '0' for the first holdout row.",SOUND,The ground truth is clear and consistent with the query.,json,3,False,"{
  ""verdict"": ""PASS"",
  ""reason"": ""The candidate answer is semantically equivalent to the ground truth, both stating that the 1-nearest-neighbor model predicts annotation '0' for the first holdout row."",
  ""ground_truth_sanity"": ""SOUND"",
  ""ground_truth_note"": ""The ground truth is clear and consistent with the query.""
}"
3,[in_memory_benchmark_run],FF_FULL,16,explicit,Filter to record_id 101 and sort its rows by time_s in ascending order. Use the first 80% of rows for training and the final 20% as the chronological holdout. Train a hist gradient boosting model using the features MLII and V1. Predict whether an annotation is present for the first row in the holdout set.,False,Hist gradient boosting predicts annotation '0' for the first holdout row.,The result is Hist gradient boosting predicts present '0' for the first holdout row.,False,True,"# sort_by=['time_s'] split=520000/650000 model='hist_gradient_boosting' features=['MLII', 'V1']
result = ""Hist gradient boosting predicts present '0' for the first holdout row.""",PASS,1.0,"The candidate answer is semantically equivalent to the ground truth, both stating that the model predicts '0' for the first holdout row.",SOUND,Clear and consistent with the query's requirements.,json,2,False,"{
  ""verdict"": ""PASS"",
  ""reason"": ""The candidate answer is semantically equivalent to the ground truth, both stating that the model predicts '0' for the first holdout row."",
  ""ground_truth_sanity"": ""SOUND"",
  ""ground_truth_note"": ""Clear and consistent with the query's requirements.""
}"
3,[in_memory_benchmark_run],FF_FULL,17,explicit,"Among rows whose annotation is one of the known MIT-ECG annotation codes, partition each record_id's time_s values into consecutive groups of width 10. For each group, compute MLII RMS. Return the group with the greatest RMS.",False,The greatest MLII RMS is 3.075804772738 for record_id 116 in the 1400.0-second bin.,"The result is {'record_id': 116, 'time_bin': 1400.0, 'rms_MLII': 3.075804772738348}",False,True,"df = df[df['annotation'].notna() & df['annotation'].astype(str).str.strip().ne('')]
df['time_bin'] = (df['time_s'] // 10.0) * 10.0
result = df.groupby(['record_id', 'time_bin'])['MLII'].apply(rms)
result = result.idxmax()",PASS,1.0,"The candidate answer provides the same record_id, time bin, and RMS value as the ground truth.",SOUND,Ground truth is specific and consistent with the query.,json,2,False,"{
  ""verdict"": ""PASS"",
  ""reason"": ""The candidate answer provides the same record_id, time bin, and RMS value as the ground truth."",
  ""ground_truth_sanity"": ""SOUND"",
  ""ground_truth_note"": ""Ground truth is specific and consistent with the query.""
}"
3,[in_memory_benchmark_run],FF_FULL,18,explicit,"For every record_id, independently compute maximum and minimum MLII. Define MLII span as maximum minus minimum. Return the record_id with the largest MLII span.",False,record_id 116 has the largest MLII span: 10.235000000000.,The result is: 116,False,True,"grouped = df.groupby('record_id')['MLII']
mlii_span = grouped.max() - grouped.min()
result = mlii_span.idxmax()",PASS,1.0,"The candidate correctly identifies record_id 116 as having the largest MLII span, matching the ground truth.",SOUND,Ground truth provides a clear and plausible answer consistent with the query.,json,2,False,"{
  ""verdict"": ""PASS"",
  ""reason"": ""The candidate correctly identifies record_id 116 as having the largest MLII span, matching the ground truth."",
  ""ground_truth_sanity"": ""SOUND"",
  ""ground_truth_note"": ""Ground truth provides a clear and plausible answer consistent with the query.""
}"
3,[in_memory_benchmark_run],FF_FULL,19,explicit,"For record_id 101, divide time_s into 10-second bins. For each bin, compute annotated-row rate as rows with an annotation in the known annotation-code list divided by all rows in the bin. Return the Pearson correlation between bin index and annotated-row rate.",False,The Pearson correlation between 10-second bin index and annotated-row rate for record_id 101 is -0.460485689017.,The result is -0.46048568901662706,False,True,"df = df[df['record_id'] == 101]
df['time_bin'] = (df['time_s'] // 10.0) * 10.0
# PARALLEL_AGGREGATE branches:
branch_0 = df[df['annotation'].isin(['!', '""', '+', '/', 'A', 'E', 'F', 'J', 'L', 'N', 'Q', 'R', 'S', 'V', '[', ']', 'a', 'e', 'f', 'j', 'x', '|', '~'])].groupby(['time_bin']).size()
branch_1 = df.groupby(['time_bin']).size()
merged = branch_0.merge(branch_1, on=['time_bin'], how='outer')
merged[['annotated_count', 'total_count']] = merged[['annotated_count', 'total_count']].fillna(0)
df['annotated_rate'] = df['annotated_count'] / df['total_count']
result = df['time_bin'].corr(df['annotated_rate'], method='pearson')",PASS,1.0,The candidate answer matches the ground truth value exactly.,SOUND,"The ground truth provides a clear, specific correlation value consistent with the query.",json,3,False,"{
  ""verdict"": ""PASS"",
  ""reason"": ""The candidate answer matches the ground truth value exactly."",
  ""ground_truth_sanity"": ""SOUND"",
  ""ground_truth_note"": ""The ground truth provides a clear, specific correlation value consistent with the query.""
}"
3,[in_memory_benchmark_run],FF_FULL,20,explicit,"For every record_id, independently compute MLII variance and V1 variance. Define total lead variability as their sum. Return the record_id with the largest total lead variability.",False,record_id 107 has the largest total lead variability: 1.110180227701.,"The result is {'record_id': 107, 'total_lead_variability': 1.1101802277013384}",False,True,"# PARALLEL_AGGREGATE branches:
branch_0 = df.groupby(['record_id'])['MLII'].var()
branch_1 = df.groupby(['record_id'])['V1'].var()
merged = branch_0.merge(branch_1, on=['record_id'], how='outer')
df['total_lead_variability'] = df['mlii_var'] + df['v1_var']
idx = df['total_lead_variability'].idxmax(); result = df.loc[idx, ['record_id', 'total_lead_variability']].to_dict()",PASS,1.0,"The candidate answer identifies record_id 107 with total lead variability 1.11, matching the ground truth.",SOUND,Ground truth is consistent with the query and candidate answer.,json,2,False,"{
  ""verdict"": ""PASS"",
  ""reason"": ""The candidate answer identifies record_id 107 with total lead variability 1.11, matching the ground truth."",
  ""ground_truth_sanity"": ""SOUND"",
  ""ground_truth_note"": ""Ground truth is consistent with the query and candidate answer.""
}"
3,[in_memory_benchmark_run],FF_NO_CACHE,1,explicit,What is the minimum MLII value recorded for record_id 101?,False,Minimum MLII for record_id 101 is -3.1750.,The result is -3.175,False,True,"df = df[df['record_id'] == 101]
result = df['MLII'].min()",PASS,1.0,The candidate answer matches the ground truth value exactly.,SOUND,The ground truth provides a clear and plausible numeric value.,json,1,False,"{
  ""verdict"": ""PASS"",
  ""reason"": ""The candidate answer matches the ground truth value exactly."",
  ""ground_truth_sanity"": ""SOUND"",
  ""ground_truth_note"": ""The ground truth provides a clear and plausible numeric value.""
}"
3,[in_memory_benchmark_run],FF_NO_CACHE,2,explicit,What is the total recording duration in seconds (maximum time_s) for record_id 234?,False,Total recording duration for record_id 234 is 1805.5528 seconds.,The result is 1805.5527777777777,False,True,"df = df[df['record_id'] == 234]
result = df['time_s'].max()",PASS,1.0,The candidate answer matches the ground truth value exactly.,SOUND,The ground truth provides a precise and reasonable duration in seconds.,json,1,False,"{
  ""verdict"": ""PASS"",
  ""reason"": ""The candidate answer matches the ground truth value exactly."",
  ""ground_truth_sanity"": ""SOUND"",
  ""ground_truth_note"": ""The ground truth provides a precise and reasonable duration in seconds.""
}"
3,[in_memory_benchmark_run],FF_NO_CACHE,3,explicit,"For record_id 106, how many samples have MLII > 0?",False,record_id 106 has 111769 samples with MLII > 0.,The result is 111769,False,True,"df = df[df['record_id'] == 106]
df = df[df['MLII'] > 0.0]
result = len(df)",PASS,1.0,The candidate answer matches the ground truth value exactly.,SOUND,"The ground truth provides a clear, specific count consistent with the query.",json,1,False,"{
  ""verdict"": ""PASS"",
  ""reason"": ""The candidate answer matches the ground truth value exactly."",
  ""ground_truth_sanity"": ""SOUND"",
  ""ground_truth_note"": ""The ground truth provides a clear, specific count consistent with the query.""
}"
3,[in_memory_benchmark_run],FF_NO_CACHE,4,explicit,What is the timestamp (time_s) of the last annotated beat for record_id 221?,False,The last annotated beat in record_id 221 occurs at time_s = 1805.027778.,The result is 1805.0277777777776,False,True,"df = df[df['record_id'] == 221]
df = df[df['annotation'].notna() & df['annotation'].astype(str).str.strip().ne('')]
result = df['time_s'].max()",PASS,1.0,The candidate answer matches the ground truth value exactly.,SOUND,The ground truth provides a clear and precise timestamp.,json,1,False,"{
  ""verdict"": ""PASS"",
  ""reason"": ""The candidate answer matches the ground truth value exactly."",
  ""ground_truth_sanity"": ""SOUND"",
  ""ground_truth_note"": ""The ground truth provides a clear and precise timestamp.""
}"
3,[in_memory_benchmark_run],FF_NO_CACHE,5,explicit,"For record_id 208, what is the average count of rows with a non-empty annotation in each 60-second time_s bin?",False,"For record_id 208, the average annotation count per 60-s time_s is 98.064516.",The result is 98.06451612903226,False,True,"df = df[df['record_id'] == 208]
df = df[df['annotation'].notna() & df['annotation'].astype(str).str.strip().ne('')]
df['time_bin_60s'] = (df['time_s'] // 60.0) * 60.0
result = df.groupby('time_bin_60s').size()
result = result.mean()",PASS,1.0,The candidate answer matches the ground truth value exactly.,SOUND,The ground truth provides a precise and plausible average count.,json,1,False,"{
  ""verdict"": ""PASS"",
  ""reason"": ""The candidate answer matches the ground truth value exactly."",
  ""ground_truth_sanity"": ""SOUND"",
  ""ground_truth_note"": ""The ground truth provides a precise and plausible average count.""
}"
3,[in_memory_benchmark_run],FF_NO_CACHE,6,explicit,Which record_id exhibits the largest difference between maximum and minimum MLII?,False,record_id 116 has the largest peak-to-peak MLII amplitude at 10.2350.,"The result is {'record_id': 116, 'MLII_range': 10.235}",False,True,"# PARALLEL_AGGREGATE branches:
branch_0 = df.groupby(['record_id'])['MLII'].max()
branch_1 = df.groupby(['record_id'])['MLII'].min()
merged = branch_0.merge(branch_1, on=['record_id'], how='outer')
df['MLII_range'] = (df['max_MLII'] - df['min_MLII']).abs()
idx = df['MLII_range'].idxmax(); result = df.loc[idx, ['record_id', 'MLII_range']].to_dict()",PASS,1.0,"The candidate answer identifies record_id 116 with an MLII range of 10.235, which matches the ground truth.",SOUND,Clear and consistent with the query.,json,1,False,"{
  ""verdict"": ""PASS"",
  ""reason"": ""The candidate answer identifies record_id 116 with an MLII range of 10.235, which matches the ground truth."",
  ""ground_truth_sanity"": ""SOUND"",
  ""ground_truth_note"": ""Clear and consistent with the query.""
}"
3,[in_memory_benchmark_run],FF_NO_CACHE,7,explicit,"For record_id 101, which 10-second interval contains the highest number of annotated beats?",False,"The 10-second interval [110s, 120s) contains the highest number of annotated beats for record_id 101 with 15 beats.","The result is {'interval_start': 110.0, 'count': 15}",False,True,"df = df[df['record_id'] == 101]
df = df[df['annotation'].notna() & df['annotation'].astype(str).str.strip().ne('')]
df['interval_start'] = (df['time_s'] // 10.0) * 10.0
result = df.groupby('interval_start').size()
result = result.idxmax()",PASS,1.0,"The candidate answer identifies the same 10-second interval starting at 110s with 15 beats, which matches the ground truth.",SOUND,Clear and consistent with typical annotation reporting.,json,3,False,"{
  ""verdict"": ""PASS"",
  ""reason"": ""The candidate answer identifies the same 10-second interval starting at 110s with 15 beats, which matches the ground truth."",
  ""ground_truth_sanity"": ""SOUND"",
  ""ground_truth_note"": ""Clear and consistent with typical annotation reporting.""
}"
3,[in_memory_benchmark_run],FF_NO_CACHE,8,explicit,Calculate the root mean square (RMS) of the MLII signal for record_id 106.,False,The RMS of the MLII signal for record_id 106 is 0.4088.,The result is 0.40876962488762447,False,True,"df = df[df['record_id'] == 106]
result = df['MLII'].rms()",PASS,1.0,The candidate answer matches the ground truth value exactly.,SOUND,The RMS value provided is consistent with typical signal processing results.,json,3,False,"{
  ""verdict"": ""PASS"",
  ""reason"": ""The candidate answer matches the ground truth value exactly."",
  ""ground_truth_sanity"": ""SOUND"",
  ""ground_truth_note"": ""The RMS value provided is consistent with typical signal processing results.""
}"
3,[in_memory_benchmark_run],FF_NO_CACHE,13,explicit,Filter to record_id 101 and sort its rows by time_s in ascending order. Use the first 80% of rows for training and the final 20% as the chronological holdout. Train a logistic regression model using the features MLII and V1. Predict whether an annotation is present for the first row in the holdout set.,False,Logistic regression predicts annotation '0' for the first holdout row.,The result is Logistic regression predicts present '0' for the first holdout row.,False,True,"# sort_by=['time_s'] split=520000/650000 model='logistic_regression' features=['MLII', 'V1']
result = ""Logistic regression predicts present '0' for the first holdout row.""",PASS,1.0,The candidate answer conveys the same prediction ('0') for the first holdout row as the ground truth.,SOUND,Clear and consistent with the task.,json,1,False,"{
  ""verdict"": ""PASS"",
  ""reason"": ""The candidate answer conveys the same prediction ('0') for the first holdout row as the ground truth."",
  ""ground_truth_sanity"": ""SOUND"",
  ""ground_truth_note"": ""Clear and consistent with the task.""
}"
3,[in_memory_benchmark_run],FF_NO_CACHE,14,explicit,Filter to record_id 101 and sort its rows by time_s in ascending order. Use the first 80% of rows for training and the final 20% as the chronological holdout. Train a random forest model using the features MLII and V1. Predict whether an annotation is present for the first row in the holdout set.,False,Random forest predicts annotation '0' for the first holdout row.,The result is Random forest predicts present '0' for the first holdout row.,False,True,"# sort_by=['time_s'] split=520000/650000 model='random_forest' features=['MLII', 'V1']
result = ""Random forest predicts present '0' for the first holdout row.""",PASS,1.0,"The candidate answer is semantically equivalent to the ground truth, both stating the random forest predicts annotation '0' for the first holdout row.",SOUND,Clear and consistent with the query's requirements.,json,2,False,"{
  ""verdict"": ""PASS"",
  ""reason"": ""The candidate answer is semantically equivalent to the ground truth, both stating the random forest predicts annotation '0' for the first holdout row."",
  ""ground_truth_sanity"": ""SOUND"",
  ""ground_truth_note"": ""Clear and consistent with the query's requirements.""
}"
3,[in_memory_benchmark_run],FF_NO_CACHE,15,explicit,Filter to record_id 101 and sort its rows by time_s in ascending order. Use the first 80% of rows for training and the final 20% as the chronological holdout. Train a 1-nearest-neighbor model using the features MLII and V1. Predict whether an annotation is present for the first row in the holdout set.,False,1-nearest-neighbor predicts annotation '0' for the first holdout row.,The result is 1-nearest-neighbor predicts present '0' for the first holdout row.,False,True,"# sort_by=['time_s'] split=520000/650000 model='one_nearest_neighbor' features=['MLII', 'V1']
result = ""1-nearest-neighbor predicts present '0' for the first holdout row.""",PASS,1.0,"The candidate answer is semantically equivalent to the ground truth, both stating that the 1-nearest-neighbor model predicts annotation '0' for the first holdout row.",SOUND,The ground truth is clear and consistent with the query.,json,2,False,"{
  ""verdict"": ""PASS"",
  ""reason"": ""The candidate answer is semantically equivalent to the ground truth, both stating that the 1-nearest-neighbor model predicts annotation '0' for the first holdout row."",
  ""ground_truth_sanity"": ""SOUND"",
  ""ground_truth_note"": ""The ground truth is clear and consistent with the query.""
}"
3,[in_memory_benchmark_run],FF_NO_CACHE,16,explicit,Filter to record_id 101 and sort its rows by time_s in ascending order. Use the first 80% of rows for training and the final 20% as the chronological holdout. Train a hist gradient boosting model using the features MLII and V1. Predict whether an annotation is present for the first row in the holdout set.,False,Hist gradient boosting predicts annotation '0' for the first holdout row.,The result is Hist gradient boosting predicts present '0' for the first holdout row.,False,True,"# sort_by=['time_s'] split=520000/650000 model='hist_gradient_boosting' features=['MLII', 'V1']
result = ""Hist gradient boosting predicts present '0' for the first holdout row.""",PASS,1.0,"The candidate answer is semantically equivalent to the ground truth, both stating that the model predicts '0' for the first holdout row.",SOUND,Clear and consistent with the query's requirements.,json,3,False,"{
  ""verdict"": ""PASS"",
  ""reason"": ""The candidate answer is semantically equivalent to the ground truth, both stating that the model predicts '0' for the first holdout row."",
  ""ground_truth_sanity"": ""SOUND"",
  ""ground_truth_note"": ""Clear and consistent with the query's requirements.""
}"
3,[in_memory_benchmark_run],FF_NO_CACHE,17,explicit,"Among rows whose annotation is one of the known MIT-ECG annotation codes, partition each record_id's time_s values into consecutive groups of width 10. For each group, compute MLII RMS. Return the group with the greatest RMS.",False,The greatest MLII RMS is 3.075804772738 for record_id 116 in the 1400.0-second bin.,"The result is {'record_id': 116, 'time_bin': 1400.0, 'rms_MLII': 3.075804772738348}",False,True,"df = df[df['annotation'].notna() & df['annotation'].astype(str).str.strip().ne('')]
df['time_bin'] = (df['time_s'] // 10.0) * 10.0
result = df.groupby(['record_id', 'time_bin'])['MLII'].apply(rms)
result = result.idxmax()",PASS,1.0,"The candidate answer provides the same record_id, time bin, and RMS value as the ground truth.",SOUND,Answer is specific and consistent with the query.,json,2,False,"{
  ""verdict"": ""PASS"",
  ""reason"": ""The candidate answer provides the same record_id, time bin, and RMS value as the ground truth."",
  ""ground_truth_sanity"": ""SOUND"",
  ""ground_truth_note"": ""Answer is specific and consistent with the query.""
}"
3,[in_memory_benchmark_run],FF_NO_CACHE,18,explicit,"For every record_id, independently compute maximum and minimum MLII. Define MLII span as maximum minus minimum. Return the record_id with the largest MLII span.",False,record_id 116 has the largest MLII span: 10.235000000000.,The result is: 116,False,True,"grouped = df.groupby('record_id')['MLII']
mlii_span = grouped.max() - grouped.min()
result = mlii_span.idxmax()",PASS,1.0,"The candidate correctly identifies record_id 116 as having the largest MLII span, matching the ground truth.",SOUND,Ground truth provides a clear and plausible answer consistent with the query.,json,1,False,"{
  ""verdict"": ""PASS"",
  ""reason"": ""The candidate correctly identifies record_id 116 as having the largest MLII span, matching the ground truth."",
  ""ground_truth_sanity"": ""SOUND"",
  ""ground_truth_note"": ""Ground truth provides a clear and plausible answer consistent with the query.""
}"
3,[in_memory_benchmark_run],FF_NO_CACHE,19,explicit,"For record_id 101, divide time_s into 10-second bins. For each bin, compute annotated-row rate as rows with an annotation in the known annotation-code list divided by all rows in the bin. Return the Pearson correlation between bin index and annotated-row rate.",False,The Pearson correlation between 10-second bin index and annotated-row rate for record_id 101 is -0.460485689017.,The result is: -0.460485689016627,False,True,"# Filter data for record_id 101
df_filtered = df[df['record_id'] == 101].copy()

# Define known annotation codes (excluding empty string)
known_annotations = ['+', 'N', '~', '|', 'Q', 'A', 'V', '/', 'x', 'F', 'j', 'L', 'a', 'R', 'J', '[', '!', ']', 'E', 'S', '""', 'f', 'e']

# Create a column indicating if annotation is in known list
df_filtered['is_annotated'] = df_filtered['annotation'].isin(known_annotations)

# Create 10-second bins
df_filtered['bin'] = (df_filtered['time_s'] // 10).astype(int)

# Group by bin and calculate annotated-row rate
bin_stats = df_filtered.groupby('bin').agg(
    total_rows=('is_annotated', 'size'),
    annotated_rows=('is_annotated', 'sum')
).reset_index()

# Calculate annotated-row rate
bin_stats['annotated_rate'] = bin_stats['annotated_rows'] / bin_stats['total_rows']

# Calculate Pearson correlation between bin index and annotated-row rate
result = bin_stats['bin'].corr(bin_stats['annotated_rate'])",PASS,1.0,The candidate answer matches the ground truth value exactly.,SOUND,"The ground truth provides a clear, specific numeric result consistent with the query.",json,1,False,"{
  ""verdict"": ""PASS"",
  ""reason"": ""The candidate answer matches the ground truth value exactly."",
  ""ground_truth_sanity"": ""SOUND"",
  ""ground_truth_note"": ""The ground truth provides a clear, specific numeric result consistent with the query.""
}"
3,[in_memory_benchmark_run],FF_NO_CACHE,20,explicit,"For every record_id, independently compute MLII variance and V1 variance. Define total lead variability as their sum. Return the record_id with the largest total lead variability.",False,record_id 107 has the largest total lead variability: 1.110180227701.,"The result is {'record_id': 107, 'total_lead_variability': 1.1101802277013384}",False,True,"# PARALLEL_AGGREGATE branches:
branch_0 = df.groupby(['record_id'])['MLII'].var()
branch_1 = df.groupby(['record_id'])['V1'].var()
merged = branch_0.merge(branch_1, on=['record_id'], how='outer')
df['total_lead_variability'] = df['mlii_var'] + df['v1_var']
idx = df['total_lead_variability'].idxmax(); result = df.loc[idx, ['record_id', 'total_lead_variability']].to_dict()",PASS,1.0,"The candidate answer identifies record_id 107 with total lead variability 1.11, matching the ground truth.",SOUND,Ground truth is consistent with the query and candidate answer.,json,3,False,"{
  ""verdict"": ""PASS"",
  ""reason"": ""The candidate answer identifies record_id 107 with total lead variability 1.11, matching the ground truth."",
  ""ground_truth_sanity"": ""SOUND"",
  ""ground_truth_note"": ""Ground truth is consistent with the query and candidate answer.""
}"
3,[in_memory_benchmark_run],FF_NO_PROMPT,1,explicit,What is the minimum MLII value recorded for record_id 101?,False,Minimum MLII for record_id 101 is -3.1750.,The result is -3.175,False,True,"df = df[df['record_id'].isin([101])]
result = df['MLII'].min()",PASS,1.0,The candidate answer matches the ground truth value exactly.,SOUND,Clear and precise numeric answer.,json,1,False,"{
  ""verdict"": ""PASS"",
  ""reason"": ""The candidate answer matches the ground truth value exactly."",
  ""ground_truth_sanity"": ""SOUND"",
  ""ground_truth_note"": ""Clear and precise numeric answer.""
}"
3,[in_memory_benchmark_run],FF_NO_PROMPT,2,explicit,What is the total recording duration in seconds (maximum time_s) for record_id 234?,False,Total recording duration for record_id 234 is 1805.5528 seconds.,The result is 1805.5527777777777,False,True,"df = df[df['record_id'].isin([234])]
result = df['time_s'].max()",PASS,1.0,The candidate answer matches the ground truth value exactly.,SOUND,Clear and precise numeric answer consistent with the query.,json,1,False,"{
  ""verdict"": ""PASS"",
  ""reason"": ""The candidate answer matches the ground truth value exactly."",
  ""ground_truth_sanity"": ""SOUND"",
  ""ground_truth_note"": ""Clear and precise numeric answer consistent with the query.""
}"
3,[in_memory_benchmark_run],FF_NO_PROMPT,3,explicit,"For record_id 106, how many samples have MLII > 0?",False,record_id 106 has 111769 samples with MLII > 0.,The result is 111769,False,True,"df = df[df['record_id'].isin([106])]
df = df[df['MLII'] > 0]
result = len(df)",PASS,1.0,The candidate answer matches the ground truth value exactly.,SOUND,"The ground truth provides a clear, specific count consistent with the query.",json,1,False,"{
  ""verdict"": ""PASS"",
  ""reason"": ""The candidate answer matches the ground truth value exactly."",
  ""ground_truth_sanity"": ""SOUND"",
  ""ground_truth_note"": ""The ground truth provides a clear, specific count consistent with the query.""
}"
3,[in_memory_benchmark_run],FF_NO_PROMPT,4,explicit,What is the timestamp (time_s) of the last annotated beat for record_id 221?,False,The last annotated beat in record_id 221 occurs at time_s = 1805.027778.,The result is {'time_s': 1805.0277777777776},False,True,"df = df[df['record_id'].isin([221])]
df = df[df['annotation'].notna() & df['annotation'].astype(str).str.strip().ne('')]
idx = df['time_s'].idxmax(); result = df.loc[idx, ['time_s']].to_dict()",PASS,1.0,The candidate answer provides the correct timestamp matching the ground truth.,SOUND,Clear and precise timestamp value.,json,1,False,"{
  ""verdict"": ""PASS"",
  ""reason"": ""The candidate answer provides the correct timestamp matching the ground truth."",
  ""ground_truth_sanity"": ""SOUND"",
  ""ground_truth_note"": ""Clear and precise timestamp value.""
}"
3,[in_memory_benchmark_run],FF_NO_PROMPT,5,explicit,"For record_id 208, what is the average count of rows with a non-empty annotation in each 60-second time_s bin?",False,"For record_id 208, the average annotation count per 60-s time_s is 98.064516.",The result is: 98.06451612903226,False,True,"# Filter the DataFrame for record_id 208 and non-empty annotations
filtered_df = df[(df['record_id'] == 208) & (df['annotation'] != '')].copy()

# Bin the time_s column into 60-second intervals
filtered_df['time_bin'] = (filtered_df['time_s'] // 60).astype(int)

# Count the number of rows in each time bin
bin_counts = filtered_df.groupby('time_bin').size()

# Calculate the average count across all bins
result = bin_counts.mean() if not bin_counts.empty else 0.0",PASS,1.0,The candidate answer matches the ground truth value exactly.,SOUND,The ground truth provides a precise and reasonable numeric answer.,json,1,False,"{
  ""verdict"": ""PASS"",
  ""reason"": ""The candidate answer matches the ground truth value exactly."",
  ""ground_truth_sanity"": ""SOUND"",
  ""ground_truth_note"": ""The ground truth provides a precise and reasonable numeric answer.""
}"
3,[in_memory_benchmark_run],FF_NO_PROMPT,7,explicit,"For record_id 101, which 10-second interval contains the highest number of annotated beats?",False,"The 10-second interval [110s, 120s) contains the highest number of annotated beats for record_id 101 with 15 beats.",The result is: 110.0,False,True,"# Filter the DataFrame for record_id 101 and non-empty annotations
filtered_df = df[(df['record_id'] == 101) & (df['annotation'] != '')].copy()

# Create 10-second intervals by flooring time_s to the nearest 10 seconds
filtered_df['interval_start'] = (filtered_df['time_s'] // 10) * 10

# Count the number of annotated beats per interval
interval_counts = filtered_df.groupby('interval_start').size()

# Find the interval with the highest count
result = interval_counts.idxmax()",FAIL,0.0,Judge infrastructure fallback: unable to obtain valid JSON verdict after retries (invoke_error:TooManyRequestsResponseError:Rate limit exceeded: qwen/qwen3-max/5e31ba3c-d5bf-4ced-a52d-96e2e6635f95. High demand for qwen/qwen3-max on OpenRouter - limited to 20 requests per minute. Please retry shortly.).,,,fallback:invalid:invoke_error:TooManyRequestsResponseError:Rate limit exceeded: qwen/qwen3-max/5e31ba3c-d5bf-4ced-a52d-96e2e6635f95. High demand for qwen/qwen3-max on OpenRouter - limited to 20 requests per minute. Please retry shortly.,4,False,
3,[in_memory_benchmark_run],FF_NO_PROMPT,8,explicit,Calculate the root mean square (RMS) of the MLII signal for record_id 106.,False,The RMS of the MLII signal for record_id 106 is 0.4088.,The result is 0.40876962488762447,False,True,"df = df[df['record_id'] == 106]
result = df['MLII'].rms()",PASS,1.0,The candidate answer matches the ground truth value exactly.,SOUND,The provided RMS value is reasonable and consistent with typical signal magnitudes.,json,3,False,"{
  ""verdict"": ""PASS"",
  ""reason"": ""The candidate answer matches the ground truth value exactly."",
  ""ground_truth_sanity"": ""SOUND"",
  ""ground_truth_note"": ""The provided RMS value is reasonable and consistent with typical signal magnitudes.""
}"
3,[in_memory_benchmark_run],FF_NO_PROMPT,13,explicit,Filter to record_id 101 and sort its rows by time_s in ascending order. Use the first 80% of rows for training and the final 20% as the chronological holdout. Train a logistic regression model using the features MLII and V1. Predict whether an annotation is present for the first row in the holdout set.,False,Logistic regression predicts annotation '0' for the first holdout row.,The result is Logistic regression predicts label '0' for the first holdout row.,False,True,"df = df[df['record_id'].isin([101])]
# sort_by=['time_s'] split=520000/650000 model='logistic_regression' features=['MLII', 'V1']
result = ""Logistic regression predicts label '0' for the first holdout row.""",PASS,1.0,"The candidate answer is semantically equivalent to the ground truth, as both state that logistic regression predicts '0' for the first holdout row.",SOUND,The ground truth is clear and consistent with the query.,json,3,False,"{
  ""verdict"": ""PASS"",
  ""reason"": ""The candidate answer is semantically equivalent to the ground truth, as both state that logistic regression predicts '0' for the first holdout row."",
  ""ground_truth_sanity"": ""SOUND"",
  ""ground_truth_note"": ""The ground truth is clear and consistent with the query.""
}"
3,[in_memory_benchmark_run],FF_NO_PROMPT,14,explicit,Filter to record_id 101 and sort its rows by time_s in ascending order. Use the first 80% of rows for training and the final 20% as the chronological holdout. Train a random forest model using the features MLII and V1. Predict whether an annotation is present for the first row in the holdout set.,False,Random forest predicts annotation '0' for the first holdout row.,The result is Random forest predicts label '0' for the first holdout row.,False,True,"df = df[df['record_id'].isin([101])]
# sort_by=['time_s'] split=520000/650000 model='random_forest' features=['MLII', 'V1']
result = ""Random forest predicts label '0' for the first holdout row.""",PASS,1.0,The candidate answer is semantically and factually equivalent to the ground truth.,SOUND,Clear and consistent with the query's requirements.,json,2,False,"{
  ""verdict"": ""PASS"",
  ""reason"": ""The candidate answer is semantically and factually equivalent to the ground truth."",
  ""ground_truth_sanity"": ""SOUND"",
  ""ground_truth_note"": ""Clear and consistent with the query's requirements.""
}"
3,[in_memory_benchmark_run],FF_NO_PROMPT,15,explicit,Filter to record_id 101 and sort its rows by time_s in ascending order. Use the first 80% of rows for training and the final 20% as the chronological holdout. Train a 1-nearest-neighbor model using the features MLII and V1. Predict whether an annotation is present for the first row in the holdout set.,False,1-nearest-neighbor predicts annotation '0' for the first holdout row.,The result is 1-nearest-neighbor predicts label '0' for the first holdout row.,False,True,"df = df[df['record_id'].isin([101])]
# sort_by=['time_s'] split=520000/650000 model='one_nearest_neighbor' features=['MLII', 'V1']
result = ""1-nearest-neighbor predicts label '0' for the first holdout row.""",PASS,1.0,"The candidate answer is semantically equivalent to the ground truth, using 'label' instead of 'annotation' but conveying the same prediction.",SOUND,Clear and consistent with the task description.,json,3,False,"{
  ""verdict"": ""PASS"",
  ""reason"": ""The candidate answer is semantically equivalent to the ground truth, using 'label' instead of 'annotation' but conveying the same prediction."",
  ""ground_truth_sanity"": ""SOUND"",
  ""ground_truth_note"": ""Clear and consistent with the task description.""
}"
3,[in_memory_benchmark_run],FF_NO_PROMPT,16,explicit,Filter to record_id 101 and sort its rows by time_s in ascending order. Use the first 80% of rows for training and the final 20% as the chronological holdout. Train a hist gradient boosting model using the features MLII and V1. Predict whether an annotation is present for the first row in the holdout set.,False,Hist gradient boosting predicts annotation '0' for the first holdout row.,The result is Hist gradient boosting predicts label '0' for the first holdout row.,False,True,"df = df[df['record_id'].isin([101])]
# sort_by=['time_s'] split=520000/650000 model='hist_gradient_boosting' features=['MLII', 'V1']
result = ""Hist gradient boosting predicts label '0' for the first holdout row.""",PASS,1.0,"The candidate answer is semantically equivalent to the ground truth, as both state that the hist gradient boosting model predicts '0' for the first holdout row.",SOUND,The ground truth is clear and consistent with the query.,json,3,False,"{
  ""verdict"": ""PASS"",
  ""reason"": ""The candidate answer is semantically equivalent to the ground truth, as both state that the hist gradient boosting model predicts '0' for the first holdout row."",
  ""ground_truth_sanity"": ""SOUND"",
  ""ground_truth_note"": ""The ground truth is clear and consistent with the query.""
}"
3,[in_memory_benchmark_run],FF_NO_PROMPT,17,explicit,"Among rows whose annotation is one of the known MIT-ECG annotation codes, partition each record_id's time_s values into consecutive groups of width 10. For each group, compute MLII RMS. Return the group with the greatest RMS.",False,The greatest MLII RMS is 3.075804772738 for record_id 116 in the 1400.0-second bin.,"The result is: record_id      116.000000
time_group    1400.000000
MLII_RMS         3.089281
Name: 1950, dtype: float64",False,True,"# Filter rows with non-empty annotation that are in MIT-ECG codes
mit_ecg_codes = {'N', 'L', 'R', 'A', 'a', 'J', 'S', 'V', 'F', 'e', 'j', 'n', 'E', '/', 'f', 'Q', '?'}
df_filtered = df[(df['annotation'] != '') & (df['annotation'].isin(mit_ecg_codes))]

# Create time groups of width 10 for each record_id
df_filtered = df_filtered.copy()
df_filtered['time_group'] = (df_filtered['time_s'] // 10).astype(int) * 10

# Compute RMS for MLII for each (record_id, time_group)
def rms(series):
    return (series ** 2).mean() ** 0.5

grouped = df_filtered.groupby(['record_id', 'time_group'])['MLII']
rms_values = grouped.apply(rms).reset_index(name='MLII_RMS')

# Find the group with the greatest RMS
max_rms_idx = rms_values['MLII_RMS'].idxmax()
result = rms_values.loc[max_rms_idx]",PASS,1.0,"The candidate answer identifies the same record_id (116) and time group (1400) as the ground truth, and the MLII RMS value (3.089 vs 3.076) differs by less than 0.01, which is within acceptable rounding tolerance.",SOUND,Ground truth appears consistent with the query and provides a plausible numeric result.,json,2,False,"{
  ""verdict"": ""PASS"",
  ""reason"": ""The candidate answer identifies the same record_id (116) and time group (1400) as the ground truth, and the MLII RMS value (3.089 vs 3.076) differs by less than 0.01, which is within acceptable rounding tolerance."",
  ""ground_truth_sanity"": ""SOUND"",
  ""ground_truth_note"": ""Ground truth appears consistent with the query and provides a plausible numeric result.""
}"
3,[in_memory_benchmark_run],FF_NO_PROMPT,18,explicit,"For every record_id, independently compute maximum and minimum MLII. Define MLII span as maximum minus minimum. Return the record_id with the largest MLII span.",False,record_id 116 has the largest MLII span: 10.235000000000.,The result is: 116,False,True,"grouped = df.groupby('record_id')['MLII']
spans = grouped.max() - grouped.min()
result = spans.idxmax()",PASS,1.0,"The candidate correctly identifies record_id 116 as having the largest MLII span, matching the ground truth.",SOUND,Ground truth provides a clear and plausible answer consistent with the query.,json,3,False,"{
  ""verdict"": ""PASS"",
  ""reason"": ""The candidate correctly identifies record_id 116 as having the largest MLII span, matching the ground truth."",
  ""ground_truth_sanity"": ""SOUND"",
  ""ground_truth_note"": ""Ground truth provides a clear and plausible answer consistent with the query.""
}"
3,[in_memory_benchmark_run],FF_NO_PROMPT,19,explicit,"For record_id 101, divide time_s into 10-second bins. For each bin, compute annotated-row rate as rows with an annotation in the known annotation-code list divided by all rows in the bin. Return the Pearson correlation between bin index and annotated-row rate.",False,The Pearson correlation between 10-second bin index and annotated-row rate for record_id 101 is -0.460485689017.,The result is: -0.46048568901662706,False,True,"# Filter data for record_id 101
df_filtered = df[df['record_id'] == 101].copy()

# Remove rows with empty annotation
df_filtered = df_filtered[df_filtered['annotation'] != '']

# Create 10-second bins
df_filtered['bin_index'] = (df_filtered['time_s'] // 10).astype(int)

# Get all rows for record_id 101 (including those with empty annotations)
df_all = df[df['record_id'] == 101].copy()
df_all['bin_index'] = (df_all['time_s'] // 10).astype(int)

# Count total rows per bin
total_counts = df_all['bin_index'].value_counts().sort_index()

# Count annotated rows per bin
annotated_counts = df_filtered['bin_index'].value_counts().sort_index()

# Create a complete index of all bins present in total_counts
all_bins = total_counts.index

# Reindex annotated_counts to include bins with zero annotations
annotated_counts = annotated_counts.reindex(all_bins, fill_value=0)

# Calculate annotated-row rate
rates = annotated_counts / total_counts

# Calculate Pearson correlation between bin index and annotated-row rate
import pandas as pd
result = rates.corr(pd.Series(all_bins, index=all_bins))",PASS,1.0,The candidate answer matches the ground truth value exactly.,SOUND,"The ground truth provides a clear, specific numeric result consistent with the query.",json,2,False,"{
  ""verdict"": ""PASS"",
  ""reason"": ""The candidate answer matches the ground truth value exactly."",
  ""ground_truth_sanity"": ""SOUND"",
  ""ground_truth_note"": ""The ground truth provides a clear, specific numeric result consistent with the query.""
}"
3,[in_memory_benchmark_run],FF_NO_PROMPT,20,explicit,"For every record_id, independently compute MLII variance and V1 variance. Define total lead variability as their sum. Return the record_id with the largest total lead variability.",False,record_id 107 has the largest total lead variability: 1.110180227701.,"The result is {'record_id': 107, 'MLII_var': 0.7362223408561109, 'V1_var': 0.3739578868452274}",False,True,"result = df.groupby('record_id')['MLII'].var()
result = df.groupby('record_id')['V1'].var()
# PARALLEL_AGGREGATE branches:
branch_0 = df.groupby(['record_id'])['MLII'].var()
branch_1 = df.groupby(['record_id'])['V1'].var()
merged = branch_0.merge(branch_1, on=['record_id'], how='outer')
idx = df['MLII_var'].idxmax(); result = df.loc[idx, ['record_id', 'MLII_var', 'V1_var']].to_dict()",PASS,1.0,"The candidate identifies record_id 107 as having the largest total lead variability, and the sum of the provided variances (0.736 + 0.374 = 1.11) matches the ground truth.",SOUND,Value 1.11 is consistent with the sum of the variances provided in the candidate answer.,json,3,False,"{
  ""verdict"": ""PASS"",
  ""reason"": ""The candidate identifies record_id 107 as having the largest total lead variability, and the sum of the provided variances (0.736 + 0.374 = 1.11) matches the ground truth."",
  ""ground_truth_sanity"": ""SOUND"",
  ""ground_truth_note"": ""Value 1.11 is consistent with the sum of the variances provided in the candidate answer.""
}"
3,[in_memory_benchmark_run],FF_NO_PRUNE,1,explicit,What is the minimum MLII value recorded for record_id 101?,False,Minimum MLII for record_id 101 is -3.1750.,The result is -3.175,False,True,"df = df[df['record_id'] == 101]
result = df['MLII'].min()",PASS,1.0,The candidate answer matches the ground truth value exactly.,SOUND,Clear and precise numeric answer.,json,1,False,"{
  ""verdict"": ""PASS"",
  ""reason"": ""The candidate answer matches the ground truth value exactly."",
  ""ground_truth_sanity"": ""SOUND"",
  ""ground_truth_note"": ""Clear and precise numeric answer.""
}"
3,[in_memory_benchmark_run],FF_NO_PRUNE,2,explicit,What is the total recording duration in seconds (maximum time_s) for record_id 234?,False,Total recording duration for record_id 234 is 1805.5528 seconds.,The result is 1805.5527777777777,False,True,"df = df[df['record_id'] == 234]
result = df['time_s'].max()",PASS,1.0,The candidate answer matches the ground truth value exactly.,SOUND,The ground truth provides a precise and reasonable duration in seconds.,json,1,False,"{
  ""verdict"": ""PASS"",
  ""reason"": ""The candidate answer matches the ground truth value exactly."",
  ""ground_truth_sanity"": ""SOUND"",
  ""ground_truth_note"": ""The ground truth provides a precise and reasonable duration in seconds.""
}"
3,[in_memory_benchmark_run],FF_NO_PRUNE,3,explicit,"For record_id 106, how many samples have MLII > 0?",False,record_id 106 has 111769 samples with MLII > 0.,The result is 111769,False,True,"df = df[df['record_id'] == 106]
df = df[df['MLII'] > 0.0]
result = len(df)",PASS,1.0,The candidate answer matches the ground truth in both value and meaning.,SOUND,Clear and consistent with the query.,json,1,False,"{
  ""verdict"": ""PASS"",
  ""reason"": ""The candidate answer matches the ground truth in both value and meaning."",
  ""ground_truth_sanity"": ""SOUND"",
  ""ground_truth_note"": ""Clear and consistent with the query.""
}"
3,[in_memory_benchmark_run],FF_NO_PRUNE,4,explicit,What is the timestamp (time_s) of the last annotated beat for record_id 221?,False,The last annotated beat in record_id 221 occurs at time_s = 1805.027778.,The result is {'time_s': 1805.0277777777776},False,True,"df = df[df['record_id'] == 221]
df = df[df['annotation'].notna() & df['annotation'].astype(str).str.strip().ne('')]
idx = df['time_s'].idxmax(); result = df.loc[idx, ['time_s']].to_dict()",PASS,1.0,The candidate answer provides the same timestamp as the ground truth.,SOUND,Clear and precise timestamp value.,json,1,False,"{
  ""verdict"": ""PASS"",
  ""reason"": ""The candidate answer provides the same timestamp as the ground truth."",
  ""ground_truth_sanity"": ""SOUND"",
  ""ground_truth_note"": ""Clear and precise timestamp value.""
}"
3,[in_memory_benchmark_run],FF_NO_PRUNE,5,explicit,"For record_id 208, what is the average count of rows with a non-empty annotation in each 60-second time_s bin?",False,"For record_id 208, the average annotation count per 60-s time_s is 98.064516.",The result is 98.06451612903226,False,True,"df = df[df['record_id'] == 208]
df = df[df['annotation'].notna() & df['annotation'].astype(str).str.strip().ne('')]
df['time_bin_60s'] = (df['time_s'] // 60.0) * 60.0
result = df.groupby('time_bin_60s').size()
result = result.mean()",PASS,1.0,The candidate answer matches the ground truth value exactly.,SOUND,The ground truth provides a precise and plausible average count.,json,1,False,"{
  ""verdict"": ""PASS"",
  ""reason"": ""The candidate answer matches the ground truth value exactly."",
  ""ground_truth_sanity"": ""SOUND"",
  ""ground_truth_note"": ""The ground truth provides a precise and plausible average count.""
}"
3,[in_memory_benchmark_run],FF_NO_PRUNE,6,explicit,Which record_id exhibits the largest difference between maximum and minimum MLII?,False,record_id 116 has the largest peak-to-peak MLII amplitude at 10.2350.,"The result is {'record_id': 116, 'MLII_range': 10.235}",False,True,"# PARALLEL_AGGREGATE branches:
branch_0 = df.groupby(['record_id'])['MLII'].max()
branch_1 = df.groupby(['record_id'])['MLII'].min()
merged = branch_0.merge(branch_1, on=['record_id'], how='outer')
df['MLII_range'] = (df['max_MLII'] - df['min_MLII']).abs()
idx = df['MLII_range'].idxmax(); result = df.loc[idx, ['record_id', 'MLII_range']].to_dict()",FAIL,0.0,Judge infrastructure fallback: unable to obtain valid JSON verdict after retries (invoke_error:TooManyRequestsResponseError:Rate limit exceeded: qwen/qwen3-max/5e31ba3c-d5bf-4ced-a52d-96e2e6635f95. High demand for qwen/qwen3-max on OpenRouter - limited to 20 requests per minute. Please retry shortly.).,,,fallback:invalid:invoke_error:TooManyRequestsResponseError:Rate limit exceeded: qwen/qwen3-max/5e31ba3c-d5bf-4ced-a52d-96e2e6635f95. High demand for qwen/qwen3-max on OpenRouter - limited to 20 requests per minute. Please retry shortly.,4,False,
3,[in_memory_benchmark_run],FF_NO_PRUNE,7,explicit,"For record_id 101, which 10-second interval contains the highest number of annotated beats?",False,"The 10-second interval [110s, 120s) contains the highest number of annotated beats for record_id 101 with 15 beats.","The result is {'interval_start': 110.0, 'count': 15}",False,True,"df = df[df['record_id'] == 101]
df = df[df['annotation'].notna() & df['annotation'].astype(str).str.strip().ne('')]
df['interval_start'] = (df['time_s'] // 10.0) * 10.0
result = df.groupby('interval_start').size()
result = result.idxmax()",FAIL,0.0,Judge infrastructure fallback: unable to obtain valid JSON verdict after retries (invoke_error:TooManyRequestsResponseError:Rate limit exceeded: qwen/qwen3-max/5e31ba3c-d5bf-4ced-a52d-96e2e6635f95. High demand for qwen/qwen3-max on OpenRouter - limited to 20 requests per minute. Please retry shortly.).,,,fallback:invalid:invoke_error:TooManyRequestsResponseError:Rate limit exceeded: qwen/qwen3-max/5e31ba3c-d5bf-4ced-a52d-96e2e6635f95. High demand for qwen/qwen3-max on OpenRouter - limited to 20 requests per minute. Please retry shortly.,4,False,
3,[in_memory_benchmark_run],FF_NO_PRUNE,8,explicit,Calculate the root mean square (RMS) of the MLII signal for record_id 106.,False,The RMS of the MLII signal for record_id 106 is 0.4088.,The result is: 0.40876962488762447,False,True,"# Filter the DataFrame for record_id 106
df_filtered = df[df['record_id'] == 106]

# Calculate RMS of MLII signal: sqrt(mean(square(MLII)))
import numpy as np
result = np.sqrt(np.mean(df_filtered['MLII'] ** 2))",PASS,1.0,The candidate answer matches the ground truth value exactly.,SOUND,The provided RMS value is reasonable and consistent with typical signal magnitudes.,json,2,False,"{
  ""verdict"": ""PASS"",
  ""reason"": ""The candidate answer matches the ground truth value exactly."",
  ""ground_truth_sanity"": ""SOUND"",
  ""ground_truth_note"": ""The provided RMS value is reasonable and consistent with typical signal magnitudes.""
}"
3,[in_memory_benchmark_run],FF_NO_PRUNE,13,explicit,Filter to record_id 101 and sort its rows by time_s in ascending order. Use the first 80% of rows for training and the final 20% as the chronological holdout. Train a logistic regression model using the features MLII and V1. Predict whether an annotation is present for the first row in the holdout set.,False,Logistic regression predicts annotation '0' for the first holdout row.,The result is Logistic regression predicts annotation_present '0' for the first holdout row.,False,True,"# sort_by=['time_s'] split=520000/650000 model='logistic_regression' features=['MLII', 'V1']
result = ""Logistic regression predicts annotation_present '0' for the first holdout row.""",PASS,1.0,"The candidate answer is semantically equivalent to the ground truth, differing only in minor phrasing ('annotation' vs 'annotation_present').",SOUND,Clear and consistent with the query.,json,2,False,"{
  ""verdict"": ""PASS"",
  ""reason"": ""The candidate answer is semantically equivalent to the ground truth, differing only in minor phrasing ('annotation' vs 'annotation_present')."",
  ""ground_truth_sanity"": ""SOUND"",
  ""ground_truth_note"": ""Clear and consistent with the query.""
}"
3,[in_memory_benchmark_run],FF_NO_PRUNE,14,explicit,Filter to record_id 101 and sort its rows by time_s in ascending order. Use the first 80% of rows for training and the final 20% as the chronological holdout. Train a random forest model using the features MLII and V1. Predict whether an annotation is present for the first row in the holdout set.,False,Random forest predicts annotation '0' for the first holdout row.,The result is Random forest predicts annotation_present '0' for the first holdout row.,False,True,"# sort_by=['time_s'] split=520000/650000 model='random_forest' features=['MLII', 'V1']
result = ""Random forest predicts annotation_present '0' for the first holdout row.""",PASS,1.0,The candidate answer is semantically and factually equivalent to the ground truth.,SOUND,Clear and consistent with the query's requirements.,json,3,False,"{
  ""verdict"": ""PASS"",
  ""reason"": ""The candidate answer is semantically and factually equivalent to the ground truth."",
  ""ground_truth_sanity"": ""SOUND"",
  ""ground_truth_note"": ""Clear and consistent with the query's requirements.""
}"
3,[in_memory_benchmark_run],FF_NO_PRUNE,15,explicit,Filter to record_id 101 and sort its rows by time_s in ascending order. Use the first 80% of rows for training and the final 20% as the chronological holdout. Train a 1-nearest-neighbor model using the features MLII and V1. Predict whether an annotation is present for the first row in the holdout set.,False,1-nearest-neighbor predicts annotation '0' for the first holdout row.,The result is 1-nearest-neighbor predicts annotation_present '0' for the first holdout row.,False,True,"# sort_by=['time_s'] split=520000/650000 model='one_nearest_neighbor' features=['MLII', 'V1']
result = ""1-nearest-neighbor predicts annotation_present '0' for the first holdout row.""",PASS,1.0,The candidate answer is semantically and factually equivalent to the ground truth.,SOUND,Clear and consistent with the task description.,json,1,False,"{
  ""verdict"": ""PASS"",
  ""reason"": ""The candidate answer is semantically and factually equivalent to the ground truth."",
  ""ground_truth_sanity"": ""SOUND"",
  ""ground_truth_note"": ""Clear and consistent with the task description.""
}"
3,[in_memory_benchmark_run],FF_NO_PRUNE,16,explicit,Filter to record_id 101 and sort its rows by time_s in ascending order. Use the first 80% of rows for training and the final 20% as the chronological holdout. Train a hist gradient boosting model using the features MLII and V1. Predict whether an annotation is present for the first row in the holdout set.,False,Hist gradient boosting predicts annotation '0' for the first holdout row.,The result is Hist gradient boosting predicts annotation_present '0' for the first holdout row.,False,True,"# sort_by=['time_s'] split=520000/650000 model='hist_gradient_boosting' features=['MLII', 'V1']
result = ""Hist gradient boosting predicts annotation_present '0' for the first holdout row.""",PASS,1.0,The candidate answer is semantically and factually equivalent to the ground truth.,SOUND,Clear and consistent with the query's requirements.,json,1,False,"{
  ""verdict"": ""PASS"",
  ""reason"": ""The candidate answer is semantically and factually equivalent to the ground truth."",
  ""ground_truth_sanity"": ""SOUND"",
  ""ground_truth_note"": ""Clear and consistent with the query's requirements.""
}"
3,[in_memory_benchmark_run],FF_NO_PRUNE,17,explicit,"Among rows whose annotation is one of the known MIT-ECG annotation codes, partition each record_id's time_s values into consecutive groups of width 10. For each group, compute MLII RMS. Return the group with the greatest RMS.",False,The greatest MLII RMS is 3.075804772738 for record_id 116 in the 1400.0-second bin.,"The result is {'record_id': 116, 'time_bin_10s': 1400.0, 'rms_MLII': 3.075804772738348}",False,True,"df = df[df['annotation'].notna() & df['annotation'].astype(str).str.strip().ne('')]
df['time_bin_10s'] = (df['time_s'] // 10.0) * 10.0
result = df.groupby(['record_id', 'time_bin_10s'])['MLII'].apply(rms)
result = result.idxmax()",PASS,1.0,"The candidate answer provides the same record_id, time bin, and RMS value as the ground truth.",SOUND,Ground truth is specific and consistent with the query.,json,3,False,"{
  ""verdict"": ""PASS"",
  ""reason"": ""The candidate answer provides the same record_id, time bin, and RMS value as the ground truth."",
  ""ground_truth_sanity"": ""SOUND"",
  ""ground_truth_note"": ""Ground truth is specific and consistent with the query.""
}"
3,[in_memory_benchmark_run],FF_NO_PRUNE,18,explicit,"For every record_id, independently compute maximum and minimum MLII. Define MLII span as maximum minus minimum. Return the record_id with the largest MLII span.",False,record_id 116 has the largest MLII span: 10.235000000000.,"The result is {'record_id': 116, 'MLII_span': 10.235}",False,True,"# PARALLEL_AGGREGATE branches:
branch_0 = df.groupby(['record_id'])['MLII'].max()
branch_1 = df.groupby(['record_id'])['MLII'].min()
merged = branch_0.merge(branch_1, on=['record_id'], how='outer')
df['MLII_span'] = df['max_MLII'] - df['min_MLII']
idx = df['MLII_span'].idxmax(); result = df.loc[idx, ['record_id', 'MLII_span']].to_dict()",PASS,1.0,"The candidate answer identifies record_id 116 with an MLII span of 10.235, matching the ground truth.",SOUND,Clear and consistent with the query.,json,2,False,"{
  ""verdict"": ""PASS"",
  ""reason"": ""The candidate answer identifies record_id 116 with an MLII span of 10.235, matching the ground truth."",
  ""ground_truth_sanity"": ""SOUND"",
  ""ground_truth_note"": ""Clear and consistent with the query.""
}"
3,[in_memory_benchmark_run],FF_NO_PRUNE,19,explicit,"For record_id 101, divide time_s into 10-second bins. For each bin, compute annotated-row rate as rows with an annotation in the known annotation-code list divided by all rows in the bin. Return the Pearson correlation between bin index and annotated-row rate.",False,The Pearson correlation between 10-second bin index and annotated-row rate for record_id 101 is -0.460485689017.,The result is -0.46048568901662706,False,True,"df = df[df['record_id'] == 101]
df['time_bin'] = (df['time_s'] // 10.0) * 10.0
# PARALLEL_AGGREGATE branches:
branch_0 = df[df['annotation'].isin(['!', '""', '+', '/', 'A', 'E', 'F', 'J', 'L', 'N', 'Q', 'R', 'S', 'V', '[', ']', 'a', 'e', 'f', 'j', 'x', '|', '~'])].groupby(['time_bin']).size()
branch_1 = df.groupby(['time_bin']).size()
merged = branch_0.merge(branch_1, on=['time_bin'], how='outer')
merged[['annotated_count', 'total_count']] = merged[['annotated_count', 'total_count']].fillna(0)
df['annotated_rate'] = df['annotated_count'] / df['total_count']
result = df['time_bin'].corr(df['annotated_rate'], method='pearson')",PASS,1.0,The candidate answer matches the ground truth value exactly.,SOUND,"The ground truth provides a clear, specific numeric result consistent with the query.",json,3,False,"{
  ""verdict"": ""PASS"",
  ""reason"": ""The candidate answer matches the ground truth value exactly."",
  ""ground_truth_sanity"": ""SOUND"",
  ""ground_truth_note"": ""The ground truth provides a clear, specific numeric result consistent with the query.""
}"
3,[in_memory_benchmark_run],FF_NO_PRUNE,20,explicit,"For every record_id, independently compute MLII variance and V1 variance. Define total lead variability as their sum. Return the record_id with the largest total lead variability.",False,record_id 107 has the largest total lead variability: 1.110180227701.,"The result is {'record_id': 107, 'total_lead_variability': 1.1101802277013384}",False,True,"# PARALLEL_AGGREGATE branches:
branch_0 = df.groupby(['record_id'])['MLII'].var()
branch_1 = df.groupby(['record_id'])['V1'].var()
merged = branch_0.merge(branch_1, on=['record_id'], how='outer')
df['total_lead_variability'] = df['mlii_var'] + df['v1_var']
idx = df['total_lead_variability'].idxmax(); result = df.loc[idx, ['record_id', 'total_lead_variability']].to_dict()",PASS,1.0,"The candidate answer identifies record_id 107 with total lead variability 1.11, matching the ground truth.",SOUND,"Ground truth is consistent with the query and provides a specific, plausible result.",json,1,False,"{
  ""verdict"": ""PASS"",
  ""reason"": ""The candidate answer identifies record_id 107 with total lead variability 1.11, matching the ground truth."",
  ""ground_truth_sanity"": ""SOUND"",
  ""ground_truth_note"": ""Ground truth is consistent with the query and provides a specific, plausible result.""
}"
