run_id,source_file,baseline,query_id,query_id_source,query_text,expected_rejection,gt_reference_answer,candidate_answer,candidate_rejected,candidate_executed,candidate_code,llm_verdict,llm_score,llm_reason,gt_sanity,gt_sanity_note,llm_parse_status,llm_attempts,llm_override_applied,llm_raw
1,[in_memory_benchmark_run],FF_FULL,1,explicit,What is the maximum recorded x-acceleration for user 15?,False,Maximum x-acceleration for user 15 is 19.5700.,The result is 19.57,False,True,"df = df[df['subject_id'] == 15]
result = df['x'].max()",PASS,1.0,The candidate answer matches the ground truth value exactly.,SOUND,The ground truth provides a clear and plausible numeric answer.,json,1,False,"{
  ""verdict"": ""PASS"",
  ""reason"": ""The candidate answer matches the ground truth value exactly."",
  ""ground_truth_sanity"": ""SOUND"",
  ""ground_truth_note"": ""The ground truth provides a clear and plausible numeric answer.""
}"
1,[in_memory_benchmark_run],FF_FULL,2,explicit,How many users have the activity label walking?,False,Total users Walking in the dataset: 36.,The result is 36,False,True,"df = df[df['activity_label'].notna() & df['activity_label'].astype(str).str.strip().ne('')]
df = df[df['activity_label'] == 'Walking']
result = df['subject_id'].nunique()",PASS,1.0,The candidate answer '36' matches the ground truth '36' in both fact and meaning.,SOUND,Clear and consistent with the query.,json,1,False,"{
  ""verdict"": ""PASS"",
  ""reason"": ""The candidate answer '36' matches the ground truth '36' in both fact and meaning."",
  ""ground_truth_sanity"": ""SOUND"",
  ""ground_truth_note"": ""Clear and consistent with the query.""
}"
1,[in_memory_benchmark_run],FF_FULL,3,explicit,What is the average y-acceleration of user 5 with activity label Sitting?,False,Average y-acceleration for user 5 during Sitting is 3.0414.,The result is 3.0414423076923076,False,True,"df = df[df['subject_id'] == 5]
df = df[df['activity_label'] == 'Sitting']
result = df['y'].mean()",PASS,1.0,The candidate answer matches the ground truth value exactly.,SOUND,Value is consistent with a plausible average y-acceleration.,json,1,False,"{
  ""verdict"": ""PASS"",
  ""reason"": ""The candidate answer matches the ground truth value exactly."",
  ""ground_truth_sanity"": ""SOUND"",
  ""ground_truth_note"": ""Value is consistent with a plausible average y-acceleration.""
}"
1,[in_memory_benchmark_run],FF_FULL,4,explicit,Which user has the highest total number of recorded data samples?,False,User with the highest sample count is 20 with 56632 samples.,"The result is {'subject_id': 20, 'count': 56632}",False,True,"result = df.groupby('subject_id').size()
result = result.idxmax()",PASS,1.0,"The candidate answer identifies user 20 with 56632 samples, matching the ground truth.",SOUND,Clear and consistent with typical data summary format.,json,1,False,"{
  ""verdict"": ""PASS"",
  ""reason"": ""The candidate answer identifies user 20 with 56632 samples, matching the ground truth."",
  ""ground_truth_sanity"": ""SOUND"",
  ""ground_truth_note"": ""Clear and consistent with typical data summary format.""
}"
1,[in_memory_benchmark_run],FF_FULL,5,explicit,"Compare the overall acceleration magnitude between dynamic (walking,jogging,upstairs,downstairs) and resting (sitting,standing) states.",False,"Average magnitude for dynamic activities (walking,jogging,upstairs,downstairs) is 11.9625; resting activities (sitting,standing) is 9.8328; difference (dynamic-resting) is 2.1297.","The result is {'higher': 'dynamic', 'lower': 'resting', 'metric': 'mean acceleration_magnitude', 'dynamic': 11.962538760453763, 'resting': 9.832791762650903, 'difference': 2.12974699780286}",False,True,"df = df[df['activity_label'].notna() & df['activity_label'].astype(str).str.strip().ne('')]
df['acceleration_magnitude'] = (df['x']**2 + df['y']**2 + df['z']**2)**0.5
dynamic = df[df['activity_label'].isin(['Downstairs', 'Jogging', 'Upstairs', 'Walking'])]
resting = df[df['activity_label'].isin(['Sitting', 'Standing'])]
result = {label: agg(partition) for label in partitions}
result = compare(dynamic, resting, mode='difference')",PASS,1.0,The candidate answer provides the same numerical values and correctly identifies dynamic activities as having higher acceleration magnitude than resting activities.,SOUND,Values are consistent and appropriately contextualized.,json,1,False,"{
  ""verdict"": ""PASS"",
  ""reason"": ""The candidate answer provides the same numerical values and correctly identifies dynamic activities as having higher acceleration magnitude than resting activities."",
  ""ground_truth_sanity"": ""SOUND"",
  ""ground_truth_note"": ""Values are consistent and appropriately contextualized.""
}"
1,[in_memory_benchmark_run],FF_FULL,6,explicit,"Identify the user whose total recorded duration of resting states (sitting,standing) exceeds their duration of dynamic movements (walking,jogging,upstairs,downstairs) by the largest margin.",False,"Users [20, 6, 16] have total stationary duration (sitting, standing) exceeding locomotion duration (walking, jogging, upstairs, downstairs). User 20 has the largest margin (delta=54004.34s).","The result is {'subject_id': 20, 'resting_duration': 56906.660065, 'dynamic_duration': 2902.322246, 'duration_margin': 54004.33781899999}",False,True,"df = df[df['activity_label'].notna() & df['activity_label'].astype(str).str.strip().ne('')]
df = df.sort_values(['subject_id', 'timestamp']); df['dt_s'] = df.groupby(['subject_id'])['timestamp'].diff().dt.total_seconds().clip(lower=0).fillna(0.0)
# PARALLEL_AGGREGATE branches:
branch_0 = df[df['activity_label'].isin(['Sitting', 'Standing'])].groupby(['subject_id'])['dt_s'].sum()
branch_1 = df[df['activity_label'].isin(['Downstairs', 'Jogging', 'Upstairs', 'Walking'])].groupby(['subject_id'])['dt_s'].sum()
merged = branch_0.merge(branch_1, on=['subject_id'], how='outer')
merged[['resting_duration', 'dynamic_duration']] = merged[['resting_duration', 'dynamic_duration']].fillna(0)
df['duration_margin'] = df['resting_duration'] - df['dynamic_duration']
df = df[df['duration_margin'] > 0]
idx = df['duration_margin'].idxmax(); result = df.loc[idx, ['subject_id', 'resting_duration', 'dynamic_duration', 'duration_margin']].to_dict()",FAIL,0.0,Judge infrastructure fallback: unable to obtain valid JSON verdict after retries (invoke_error:TooManyRequestsResponseError:Rate limit exceeded: qwen/qwen3-max/5e31ba3c-d5bf-4ced-a52d-96e2e6635f95. High demand for qwen/qwen3-max on OpenRouter - limited to 20 requests per minute. Please retry shortly.).,,,fallback:invalid:invoke_error:TooManyRequestsResponseError:Rate limit exceeded: qwen/qwen3-max/5e31ba3c-d5bf-4ced-a52d-96e2e6635f95. High demand for qwen/qwen3-max on OpenRouter - limited to 20 requests per minute. Please retry shortly.,4,False,
1,[in_memory_benchmark_run],FF_FULL,7,explicit,What is the median acceleration magnitude for user 20 with activity label Upstairs?,False,Median net acceleration vector length for user 20 while ascending steps is 9.8931.,The result is 9.893086174221672,False,True,"df = df[df['subject_id'] == 20]
df = df[df['activity_label'] == 'Upstairs']
df['acceleration_magnitude'] = (df['x']**2 + df['y']**2 + df['z']**2)**0.5
result = df['acceleration_magnitude'].median()",PASS,1.0,The candidate answer matches the ground truth value exactly.,SOUND,Clear and consistent with the query.,json,3,False,"{
  ""verdict"": ""PASS"",
  ""reason"": ""The candidate answer matches the ground truth value exactly."",
  ""ground_truth_sanity"": ""SOUND"",
  ""ground_truth_note"": ""Clear and consistent with the query.""
}"
1,[in_memory_benchmark_run],FF_FULL,8,explicit,Calculate the absolute difference between the mean z-axis acceleration of activity labels Upstairs and Downstairs.,False,Average z for ascending elevation changes is 0.3235; descending is 0.6841; absolute difference (ascending-descending) is 0.3605.,"The result is {'higher': 'downstairs', 'lower': 'upstairs', 'metric': 'mean z', 'upstairs': 0.323542237509624, 'downstairs': 0.6840876229507197, 'abs_difference': 0.36054538544109566}",False,True,"df = df[df['activity_label'].notna() & df['activity_label'].astype(str).str.strip().ne('')]
upstairs = df[df['activity_label'].isin(['Upstairs'])]
downstairs = df[df['activity_label'].isin(['Downstairs'])]
result = {label: agg(partition) for label in partitions}
result = compare(upstairs, downstairs, mode='abs_difference')",PASS,1.0,The candidate provides the same mean z values and an absolute difference (0.361) that is within rounding tolerance of the ground truth (0.36).,SOUND,Values and logic are consistent with the query.,json,3,False,"{
  ""verdict"": ""PASS"",
  ""reason"": ""The candidate provides the same mean z values and an absolute difference (0.361) that is within rounding tolerance of the ground truth (0.36)."",
  ""ground_truth_sanity"": ""SOUND"",
  ""ground_truth_note"": ""Values and logic are consistent with the query.""
}"
1,[in_memory_benchmark_run],FF_FULL,13,explicit,"Sort all WISDM rows by timestamp in ascending order, using subject_id as the tie-breaker. Use the first 80% of rows for training and the final 20% as the chronological holdout. Train a logistic regression model using the features x, y and z. Predict the activity label for the first row in the holdout set.",False,Logistic regression predicts activity 'Jogging' for the first holdout row.,The result is Logistic regression predicts label 'Jogging' for the first holdout row.,False,True,"# sort_by=['timestamp', 'subject_id'] split=878558/1098198 model='logistic_regression' features=['x', 'y', 'z']
result = ""Logistic regression predicts label 'Jogging' for the first holdout row.""",PASS,1.0,The candidate answer is semantically and factually equivalent to the ground truth.,SOUND,Clear and consistent with the query's requirements.,json,3,False,"{
  ""verdict"": ""PASS"",
  ""reason"": ""The candidate answer is semantically and factually equivalent to the ground truth."",
  ""ground_truth_sanity"": ""SOUND"",
  ""ground_truth_note"": ""Clear and consistent with the query's requirements.""
}"
1,[in_memory_benchmark_run],FF_FULL,14,explicit,"Sort all WISDM rows by timestamp in ascending order, using subject_id as the tie-breaker. Use the first 80% of rows for training and the final 20% as the chronological holdout. Train a random forest model using the features x, y and z. Predict the activity label for the first row in the holdout set.",False,Random forest predicts activity 'Sitting' for the first holdout row.,The result is Random forest predicts label 'Sitting' for the first holdout row.,False,True,"# sort_by=['timestamp', 'subject_id'] split=878558/1098198 model='random_forest' features=['x', 'y', 'z']
result = ""Random forest predicts label 'Sitting' for the first holdout row.""",PASS,1.0,The candidate answer is semantically and factually equivalent to the ground truth.,SOUND,Clear and consistent with the query's requirements.,json,1,False,"{
  ""verdict"": ""PASS"",
  ""reason"": ""The candidate answer is semantically and factually equivalent to the ground truth."",
  ""ground_truth_sanity"": ""SOUND"",
  ""ground_truth_note"": ""Clear and consistent with the query's requirements.""
}"
1,[in_memory_benchmark_run],FF_FULL,15,explicit,"Sort all WISDM rows by timestamp in ascending order, using subject_id as the tie-breaker. Use the first 80% of rows for training and the final 20% as the chronological holdout. Train a 1-nearest-neighbor model using the features x, y and z. Predict the activity label for the first row in the holdout set.",False,1-nearest-neighbor predicts activity 'Sitting' for the first holdout row.,The result is 1-nearest-neighbor predicts label 'Sitting' for the first holdout row.,False,True,"# sort_by=['timestamp', 'subject_id'] split=878558/1098198 model='one_nearest_neighbor' features=['x', 'y', 'z']
result = ""1-nearest-neighbor predicts label 'Sitting' for the first holdout row.""",PASS,1.0,The candidate answer is semantically and factually equivalent to the ground truth.,SOUND,The ground truth is clear and consistent with the query.,json,1,False,"{
  ""verdict"": ""PASS"",
  ""reason"": ""The candidate answer is semantically and factually equivalent to the ground truth."",
  ""ground_truth_sanity"": ""SOUND"",
  ""ground_truth_note"": ""The ground truth is clear and consistent with the query.""
}"
1,[in_memory_benchmark_run],FF_FULL,16,explicit,"Sort all WISDM rows by timestamp in ascending order, using subject_id as the tie-breaker. Use the first 80% of rows for training and the final 20% as the chronological holdout. Train a hist gradient boosting model using the features x, y and z. Predict the activity label for the first row in the holdout set.",False,Hist gradient boosting predicts activity 'Sitting' for the first holdout row.,The result is Hist gradient boosting predicts label 'Sitting' for the first holdout row.,False,True,"# sort_by=['timestamp', 'subject_id'] split=878558/1098198 model='hist_gradient_boosting' features=['x', 'y', 'z']
result = ""Hist gradient boosting predicts label 'Sitting' for the first holdout row.""",PASS,1.0,The candidate answer is semantically and factually equivalent to the ground truth.,SOUND,Clear and consistent with the query's requirements.,json,1,False,"{
  ""verdict"": ""PASS"",
  ""reason"": ""The candidate answer is semantically and factually equivalent to the ground truth."",
  ""ground_truth_sanity"": ""SOUND"",
  ""ground_truth_note"": ""Clear and consistent with the query's requirements.""
}"
1,[in_memory_benchmark_run],FF_FULL,17,explicit,"For every subject_id, compute mean acceleration magnitude separately for dynamic activities (Walking, Jogging, Upstairs, Downstairs) and resting activities (Sitting, Standing). Return the subject_id with the largest dynamic-minus-resting mean magnitude.",False,subject_id 24 has the largest dynamic-minus-resting mean magnitude: 4.739240077985.,"The result is {'subject_id': 24, 'dynamic_mean_magnitude': 13.872703393647935, 'resting_mean_magnitude': 9.133463315662746, 'magnitude_difference': 4.739240077985189}",False,True,"df = df[df['activity_label'].notna() & df['activity_label'].astype(str).str.strip().ne('')]
df['acceleration_magnitude'] = (df['x']**2 + df['y']**2 + df['z']**2)**0.5
# PARALLEL_AGGREGATE branches:
branch_0 = df[df['activity_label'].isin(['Downstairs', 'Jogging', 'Upstairs', 'Walking'])].groupby(['subject_id'])['acceleration_magnitude'].mean()
branch_1 = df[df['activity_label'].isin(['Sitting', 'Standing'])].groupby(['subject_id'])['acceleration_magnitude'].mean()
merged = branch_0.merge(branch_1, on=['subject_id'], how='outer')
df['magnitude_difference'] = df['dynamic_mean_magnitude'] - df['resting_mean_magnitude']
idx = df['magnitude_difference'].idxmax(); result = df.loc[idx, ['subject_id', 'dynamic_mean_magnitude', 'resting_mean_magnitude', 'magnitude_difference']].to_dict()",PASS,1.0,"The candidate answer identifies subject_id 24 with a dynamic-minus-resting magnitude difference of 4.739, matching the ground truth.",SOUND,Ground truth is consistent with the candidate's detailed breakdown.,json,2,False,"{
  ""verdict"": ""PASS"",
  ""reason"": ""The candidate answer identifies subject_id 24 with a dynamic-minus-resting magnitude difference of 4.739, matching the ground truth."",
  ""ground_truth_sanity"": ""SOUND"",
  ""ground_truth_note"": ""Ground truth is consistent with the candidate's detailed breakdown.""
}"
1,[in_memory_benchmark_run],FF_FULL,18,explicit,"For every subject_id, compute x-acceleration variance separately while Jogging and while Walking. Return the subject_id for whom Jogging pulls furthest ahead of Walking.",False,subject_id 12 has the most negative Jogging-minus-Walking x-variance difference (Walking exceeds Jogging by the largest margin): -16.746789937351.,The result is: 31,False,True,"df = df[df['activity_label'] != '']
jogging_var = df[df['activity_label'] == 'Jogging'].groupby('subject_id')['x'].var()
walking_var = df[df['activity_label'] == 'Walking'].groupby('subject_id')['x'].var()
diff = jogging_var - walking_var
result = diff.idxmax()",FAIL,0.0,Candidate answer (31) contradicts ground truth (subject_id 12).,SOUND,"Ground truth provides a clear, specific answer consistent with the query.",json,1,False,"{
  ""verdict"": ""FAIL"",
  ""reason"": ""Candidate answer (31) contradicts ground truth (subject_id 12)."",
  ""ground_truth_sanity"": ""SOUND"",
  ""ground_truth_note"": ""Ground truth provides a clear, specific answer consistent with the query.""
}"
1,[in_memory_benchmark_run],FF_FULL,19,explicit,"For every subject_id, compute mean acceleration magnitude while Jogging and while Walking. Report whether subjects who jog harder also walk harder, ranking subjects consistently across both activities.",False,Yes — subjects who jog harder also tend to walk harder: the Spearman rank correlation between per-subject Jogging and Walking mean magnitudes is 0.703812316716.,"The result is {'subject_id': 23, 'mean_jogging_mag': 17.04236300315029, 'mean_walking_mag': 12.89231971710706}",False,True,"df = df[df['activity_label'].notna() & df['activity_label'].astype(str).str.strip().ne('')]
df['acceleration_magnitude'] = (df['x']**2 + df['y']**2 + df['z']**2)**0.5
# PARALLEL_AGGREGATE branches:
branch_0 = df[df['activity_label'].isin(['Jogging'])].groupby(['subject_id'])['acceleration_magnitude'].mean()
branch_1 = df[df['activity_label'].isin(['Walking'])].groupby(['subject_id'])['acceleration_magnitude'].mean()
merged = branch_0.merge(branch_1, on=['subject_id'], how='outer')
idx = df['mean_jogging_mag'].idxmax(); result = df.loc[idx, ['subject_id', 'mean_jogging_mag', 'mean_walking_mag']].to_dict()",FAIL,0.0,The candidate provides data for only one subject instead of computing means for all subjects and evaluating the correlation as required.,SOUND,The ground truth correctly interprets the query by computing per-subject means and assessing rank correlation.,json,2,False,"{
  ""verdict"": ""FAIL"",
  ""reason"": ""The candidate provides data for only one subject instead of computing means for all subjects and evaluating the correlation as required."",
  ""ground_truth_sanity"": ""SOUND"",
  ""ground_truth_note"": ""The ground truth correctly interprets the query by computing per-subject means and assessing rank correlation.""
}"
1,[in_memory_benchmark_run],FF_FULL,20,explicit,"For every subject_id, derive elapsed seconds from timestamp, then compute total locomotion duration (Walking, Jogging, Upstairs, Downstairs) and total resting duration (Sitting, Standing). Among subjects with more locomotion than resting time, return the subject_id with the largest locomotion-minus-resting duration.",False,subject_id 19 has the largest positive locomotion-minus-resting duration: 131091.171906999982 seconds.,"The result is {'subject_id': 19, 'locomotion_duration': 131357.35168599998, 'resting_duration': 266.179779, 'duration_delta': 131091.17190699998}",False,True,"df = df[df['activity_label'].notna() & df['activity_label'].astype(str).str.strip().ne('')]
df = df.sort_values(['subject_id', 'timestamp']); df['dt_s'] = df.groupby(['subject_id'])['timestamp'].diff().dt.total_seconds().clip(lower=0).fillna(0.0)
# PARALLEL_AGGREGATE branches:
branch_0 = df[df['activity_label'].isin(['Downstairs', 'Jogging', 'Upstairs', 'Walking'])].groupby(['subject_id'])['dt_s'].sum()
branch_1 = df[df['activity_label'].isin(['Sitting', 'Standing'])].groupby(['subject_id'])['dt_s'].sum()
merged = branch_0.merge(branch_1, on=['subject_id'], how='outer')
merged[['locomotion_duration', 'resting_duration']] = merged[['locomotion_duration', 'resting_duration']].fillna(0)
df['duration_delta'] = df['locomotion_duration'] - df['resting_duration']
df = df[df['duration_delta'] > 0]
idx = df['duration_delta'].idxmax(); result = df.loc[idx, ['subject_id', 'locomotion_duration', 'resting_duration', 'duration_delta']].to_dict()",PASS,1.0,"The candidate answer identifies subject_id 19 with a locomotion-minus-resting duration of 131091.172 seconds, matching the ground truth.",SOUND,The ground truth is consistent with the computed result in the candidate answer.,json,1,False,"{
  ""verdict"": ""PASS"",
  ""reason"": ""The candidate answer identifies subject_id 19 with a locomotion-minus-resting duration of 131091.172 seconds, matching the ground truth."",
  ""ground_truth_sanity"": ""SOUND"",
  ""ground_truth_note"": ""The ground truth is consistent with the computed result in the candidate answer.""
}"
1,[in_memory_benchmark_run],FF_NO_CACHE,1,explicit,What is the maximum recorded x-acceleration for user 15?,False,Maximum x-acceleration for user 15 is 19.5700.,The result is 19.57,False,True,"df = df[df['subject_id'] == 15]
result = df['x'].max()",PASS,1.0,The candidate answer matches the ground truth value exactly.,SOUND,Clear and specific numeric answer consistent with the query.,json,1,False,"{
  ""verdict"": ""PASS"",
  ""reason"": ""The candidate answer matches the ground truth value exactly."",
  ""ground_truth_sanity"": ""SOUND"",
  ""ground_truth_note"": ""Clear and specific numeric answer consistent with the query.""
}"
1,[in_memory_benchmark_run],FF_NO_CACHE,2,explicit,How many users have the activity label walking?,False,Total users Walking in the dataset: 36.,The result is 36,False,True,"df = df[df['activity_label'].notna() & df['activity_label'].astype(str).str.strip().ne('')]
df = df[df['activity_label'] == 'Walking']
result = df['subject_id'].nunique()",PASS,1.0,The candidate answer '36' matches the ground truth '36' in both fact and meaning.,SOUND,Clear and consistent with the query.,json,1,False,"{
  ""verdict"": ""PASS"",
  ""reason"": ""The candidate answer '36' matches the ground truth '36' in both fact and meaning."",
  ""ground_truth_sanity"": ""SOUND"",
  ""ground_truth_note"": ""Clear and consistent with the query.""
}"
1,[in_memory_benchmark_run],FF_NO_CACHE,3,explicit,What is the average y-acceleration of user 5 with activity label Sitting?,False,Average y-acceleration for user 5 during Sitting is 3.0414.,The result is 3.0414423076923076,False,True,"df = df[df['subject_id'] == 5]
df = df[df['activity_label'] == 'Sitting']
result = df['y'].mean()",PASS,1.0,The candidate answer matches the ground truth value exactly.,SOUND,Value is consistent with typical acceleration units and context.,json,1,False,"{
  ""verdict"": ""PASS"",
  ""reason"": ""The candidate answer matches the ground truth value exactly."",
  ""ground_truth_sanity"": ""SOUND"",
  ""ground_truth_note"": ""Value is consistent with typical acceleration units and context.""
}"
1,[in_memory_benchmark_run],FF_NO_CACHE,4,explicit,Which user has the highest total number of recorded data samples?,False,User with the highest sample count is 20 with 56632 samples.,"The result is {'subject_id': 20, 'count': 56632}",False,True,"result = df.groupby('subject_id').size()
result = result.idxmax()",PASS,1.0,"The candidate answer identifies user 20 with 56632 samples, matching the ground truth.",SOUND,Clear and consistent with typical data summary format.,json,1,False,"{
  ""verdict"": ""PASS"",
  ""reason"": ""The candidate answer identifies user 20 with 56632 samples, matching the ground truth."",
  ""ground_truth_sanity"": ""SOUND"",
  ""ground_truth_note"": ""Clear and consistent with typical data summary format.""
}"
1,[in_memory_benchmark_run],FF_NO_CACHE,5,explicit,"Compare the overall acceleration magnitude between dynamic (walking,jogging,upstairs,downstairs) and resting (sitting,standing) states.",False,"Average magnitude for dynamic activities (walking,jogging,upstairs,downstairs) is 11.9625; resting activities (sitting,standing) is 9.8328; difference (dynamic-resting) is 2.1297.","The result is {'higher': 'dynamic', 'lower': 'resting', 'metric': 'mean acceleration_magnitude', 'dynamic': 11.962538760453763, 'resting': 9.832791762650903, 'difference': 2.12974699780286}",False,True,"df['acceleration_magnitude'] = (df['x']**2 + df['y']**2 + df['z']**2)**0.5
dynamic = df[df['activity_label'].isin(['Downstairs', 'Jogging', 'Upstairs', 'Walking'])]
resting = df[df['activity_label'].isin(['Sitting', 'Standing'])]
result = {label: agg(partition) for label in partitions}
result = compare(dynamic, resting, mode='difference')",PASS,1.0,The candidate answer provides the same numerical values and correctly identifies dynamic activities as having higher acceleration magnitude than resting activities.,SOUND,Ground truth contains consistent and plausible numeric comparisons.,json,1,False,"{
  ""verdict"": ""PASS"",
  ""reason"": ""The candidate answer provides the same numerical values and correctly identifies dynamic activities as having higher acceleration magnitude than resting activities."",
  ""ground_truth_sanity"": ""SOUND"",
  ""ground_truth_note"": ""Ground truth contains consistent and plausible numeric comparisons.""
}"
1,[in_memory_benchmark_run],FF_NO_CACHE,6,explicit,"Identify the user whose total recorded duration of resting states (sitting,standing) exceeds their duration of dynamic movements (walking,jogging,upstairs,downstairs) by the largest margin.",False,"Users [20, 6, 16] have total stationary duration (sitting, standing) exceeding locomotion duration (walking, jogging, upstairs, downstairs). User 20 has the largest margin (delta=54004.34s).","The result is {'subject_id': 20, 'resting_duration': 56906.660065, 'dynamic_duration': 2902.322246, 'duration_margin': 54004.33781899999}",False,True,"df = df[df['activity_label'].notna() & df['activity_label'].astype(str).str.strip().ne('')]
df = df.sort_values(['subject_id', 'timestamp']); df['dt_s'] = df.groupby(['subject_id'])['timestamp'].diff().dt.total_seconds().clip(lower=0).fillna(0.0)
# PARALLEL_AGGREGATE branches:
branch_0 = df[df['activity_label'].isin(['Sitting', 'Standing'])].groupby(['subject_id'])['dt_s'].sum()
branch_1 = df[df['activity_label'].isin(['Downstairs', 'Jogging', 'Upstairs', 'Walking'])].groupby(['subject_id'])['dt_s'].sum()
merged = branch_0.merge(branch_1, on=['subject_id'], how='outer')
merged[['resting_duration', 'dynamic_duration']] = merged[['resting_duration', 'dynamic_duration']].fillna(0)
df['duration_margin'] = df['resting_duration'] - df['dynamic_duration']
df = df[df['duration_margin'] > 0]
idx = df['duration_margin'].idxmax(); result = df.loc[idx, ['subject_id', 'resting_duration', 'dynamic_duration', 'duration_margin']].to_dict()",PASS,1.0,"The candidate correctly identifies user 20 as having the largest margin, with a duration margin (54004.338) that matches the ground truth (54004.34) within acceptable rounding tolerance.",SOUND,Ground truth is consistent and precise.,json,1,False,"{
  ""verdict"": ""PASS"",
  ""reason"": ""The candidate correctly identifies user 20 as having the largest margin, with a duration margin (54004.338) that matches the ground truth (54004.34) within acceptable rounding tolerance."",
  ""ground_truth_sanity"": ""SOUND"",
  ""ground_truth_note"": ""Ground truth is consistent and precise.""
}"
1,[in_memory_benchmark_run],FF_NO_CACHE,7,explicit,What is the median acceleration magnitude for user 20 with activity label Upstairs?,False,Median net acceleration vector length for user 20 while ascending steps is 9.8931.,The result is 9.893086174221672,False,True,"df = df[df['subject_id'] == 20]
df = df[df['activity_label'] == 'Upstairs']
df['acceleration_magnitude'] = (df['x']**2 + df['y']**2 + df['z']**2)**0.5
result = df['acceleration_magnitude'].median()",PASS,1.0,The candidate answer matches the ground truth value exactly.,SOUND,The phrasing 'median net acceleration vector length' aligns with 'median acceleration magnitude'.,json,1,False,"{
  ""verdict"": ""PASS"",
  ""reason"": ""The candidate answer matches the ground truth value exactly."",
  ""ground_truth_sanity"": ""SOUND"",
  ""ground_truth_note"": ""The phrasing 'median net acceleration vector length' aligns with 'median acceleration magnitude'.""
}"
1,[in_memory_benchmark_run],FF_NO_CACHE,8,explicit,Calculate the absolute difference between the mean z-axis acceleration of activity labels Upstairs and Downstairs.,False,Average z for ascending elevation changes is 0.3235; descending is 0.6841; absolute difference (ascending-descending) is 0.3605.,"The result is {'higher': 'downstairs', 'lower': 'upstairs', 'metric': 'mean z', 'upstairs': 0.323542237509624, 'downstairs': 0.6840876229507197, 'abs_difference': 0.36054538544109566}",False,True,"df = df[df['activity_label'].notna() & df['activity_label'].astype(str).str.strip().ne('')]
upstairs = df[df['activity_label'].isin(['Upstairs'])]
downstairs = df[df['activity_label'].isin(['Downstairs'])]
result = {label: agg(partition) for label in partitions}
result = compare(upstairs, downstairs, mode='abs_difference')",PASS,1.0,The candidate provides the same mean z values and absolute difference (0.361 ≈ 0.36) as the ground truth.,SOUND,Values are consistent and correctly interpreted.,json,1,False,"{
  ""verdict"": ""PASS"",
  ""reason"": ""The candidate provides the same mean z values and absolute difference (0.361 ≈ 0.36) as the ground truth."",
  ""ground_truth_sanity"": ""SOUND"",
  ""ground_truth_note"": ""Values are consistent and correctly interpreted.""
}"
1,[in_memory_benchmark_run],FF_NO_CACHE,13,explicit,"Sort all WISDM rows by timestamp in ascending order, using subject_id as the tie-breaker. Use the first 80% of rows for training and the final 20% as the chronological holdout. Train a logistic regression model using the features x, y and z. Predict the activity label for the first row in the holdout set.",False,Logistic regression predicts activity 'Jogging' for the first holdout row.,The result is Logistic regression predicts label 'Jogging' for the first holdout row.,False,True,"# sort_by=['timestamp', 'subject_id'] split=878558/1098198 model='logistic_regression' features=['x', 'y', 'z']
result = ""Logistic regression predicts label 'Jogging' for the first holdout row.""",PASS,1.0,The candidate answer is semantically and factually equivalent to the ground truth.,SOUND,Clear and consistent with the query's requirements.,json,1,False,"{
  ""verdict"": ""PASS"",
  ""reason"": ""The candidate answer is semantically and factually equivalent to the ground truth."",
  ""ground_truth_sanity"": ""SOUND"",
  ""ground_truth_note"": ""Clear and consistent with the query's requirements.""
}"
1,[in_memory_benchmark_run],FF_NO_CACHE,14,explicit,"Sort all WISDM rows by timestamp in ascending order, using subject_id as the tie-breaker. Use the first 80% of rows for training and the final 20% as the chronological holdout. Train a random forest model using the features x, y and z. Predict the activity label for the first row in the holdout set.",False,Random forest predicts activity 'Sitting' for the first holdout row.,The result is Random forest predicts label 'Sitting' for the first holdout row.,False,True,"# sort_by=['timestamp', 'subject_id'] split=878558/1098198 model='random_forest' features=['x', 'y', 'z']
result = ""Random forest predicts label 'Sitting' for the first holdout row.""",PASS,1.0,The candidate answer is semantically and factually equivalent to the ground truth.,SOUND,Clear and consistent with the query's requirements.,json,2,False,"{
  ""verdict"": ""PASS"",
  ""reason"": ""The candidate answer is semantically and factually equivalent to the ground truth."",
  ""ground_truth_sanity"": ""SOUND"",
  ""ground_truth_note"": ""Clear and consistent with the query's requirements.""
}"
1,[in_memory_benchmark_run],FF_NO_CACHE,15,explicit,"Sort all WISDM rows by timestamp in ascending order, using subject_id as the tie-breaker. Use the first 80% of rows for training and the final 20% as the chronological holdout. Train a 1-nearest-neighbor model using the features x, y and z. Predict the activity label for the first row in the holdout set.",False,1-nearest-neighbor predicts activity 'Sitting' for the first holdout row.,The result is 1-nearest-neighbor predicts label 'Sitting' for the first holdout row.,False,True,"# sort_by=['timestamp', 'subject_id'] split=878558/1098198 model='one_nearest_neighbor' features=['x', 'y', 'z']
result = ""1-nearest-neighbor predicts label 'Sitting' for the first holdout row.""",PASS,1.0,The candidate answer is semantically and factually equivalent to the ground truth.,SOUND,Clear and consistent with the task description.,json,1,False,"{
  ""verdict"": ""PASS"",
  ""reason"": ""The candidate answer is semantically and factually equivalent to the ground truth."",
  ""ground_truth_sanity"": ""SOUND"",
  ""ground_truth_note"": ""Clear and consistent with the task description.""
}"
1,[in_memory_benchmark_run],FF_NO_CACHE,16,explicit,"Sort all WISDM rows by timestamp in ascending order, using subject_id as the tie-breaker. Use the first 80% of rows for training and the final 20% as the chronological holdout. Train a hist gradient boosting model using the features x, y and z. Predict the activity label for the first row in the holdout set.",False,Hist gradient boosting predicts activity 'Sitting' for the first holdout row.,The result is Hist gradient boosting predicts label 'Sitting' for the first holdout row.,False,True,"# sort_by=['timestamp', 'subject_id'] split=878558/1098198 model='hist_gradient_boosting' features=['x', 'y', 'z']
result = ""Hist gradient boosting predicts label 'Sitting' for the first holdout row.""",PASS,1.0,The candidate answer is semantically and factually equivalent to the ground truth.,SOUND,Clear and consistent with the query's requirements.,json,3,False,"{
  ""verdict"": ""PASS"",
  ""reason"": ""The candidate answer is semantically and factually equivalent to the ground truth."",
  ""ground_truth_sanity"": ""SOUND"",
  ""ground_truth_note"": ""Clear and consistent with the query's requirements.""
}"
1,[in_memory_benchmark_run],FF_NO_CACHE,17,explicit,"For every subject_id, compute mean acceleration magnitude separately for dynamic activities (Walking, Jogging, Upstairs, Downstairs) and resting activities (Sitting, Standing). Return the subject_id with the largest dynamic-minus-resting mean magnitude.",False,subject_id 24 has the largest dynamic-minus-resting mean magnitude: 4.739240077985.,"The result is {'subject_id': 24, 'dynamic_mean_magnitude': 13.872703393647935, 'resting_mean_magnitude': 9.133463315662746, 'magnitude_difference': 4.739240077985189}",False,True,"df = df[df['activity_label'].notna() & df['activity_label'].astype(str).str.strip().ne('')]
df['acceleration_magnitude'] = (df['x']**2 + df['y']**2 + df['z']**2)**0.5
# PARALLEL_AGGREGATE branches:
branch_0 = df[df['activity_label'].isin(['Downstairs', 'Jogging', 'Upstairs', 'Walking'])].groupby(['subject_id'])['acceleration_magnitude'].mean()
branch_1 = df[df['activity_label'].isin(['Sitting', 'Standing'])].groupby(['subject_id'])['acceleration_magnitude'].mean()
merged = branch_0.merge(branch_1, on=['subject_id'], how='outer')
df['magnitude_difference'] = df['dynamic_mean_magnitude'] - df['resting_mean_magnitude']
idx = df['magnitude_difference'].idxmax(); result = df.loc[idx, ['subject_id', 'dynamic_mean_magnitude', 'resting_mean_magnitude', 'magnitude_difference']].to_dict()",PASS,1.0,"The candidate answer identifies subject_id 24 with a dynamic-minus-resting mean magnitude of 4.739, matching the ground truth.",SOUND,Ground truth is consistent with the candidate's detailed breakdown.,json,3,False,"{
  ""verdict"": ""PASS"",
  ""reason"": ""The candidate answer identifies subject_id 24 with a dynamic-minus-resting mean magnitude of 4.739, matching the ground truth."",
  ""ground_truth_sanity"": ""SOUND"",
  ""ground_truth_note"": ""Ground truth is consistent with the candidate's detailed breakdown.""
}"
1,[in_memory_benchmark_run],FF_NO_CACHE,18,explicit,"For every subject_id, compute x-acceleration variance separately while Jogging and while Walking. Return the subject_id for whom Jogging pulls furthest ahead of Walking.",False,subject_id 12 has the most negative Jogging-minus-Walking x-variance difference (Walking exceeds Jogging by the largest margin): -16.746789937351.,The result is: 31,False,True,"df = df[df['activity_label'] != '']
jogging_var = df[df['activity_label'] == 'Jogging'].groupby('subject_id')['x'].var()
walking_var = df[df['activity_label'] == 'Walking'].groupby('subject_id')['x'].var()
diff = jogging_var - walking_var
result = diff.idxmax()",FAIL,0.0,Candidate answer (31) contradicts ground truth (subject_id 12).,SOUND,"Ground truth provides a clear, specific answer consistent with the query.",json,3,False,"{
  ""verdict"": ""FAIL"",
  ""reason"": ""Candidate answer (31) contradicts ground truth (subject_id 12)."",
  ""ground_truth_sanity"": ""SOUND"",
  ""ground_truth_note"": ""Ground truth provides a clear, specific answer consistent with the query.""
}"
1,[in_memory_benchmark_run],FF_NO_CACHE,19,explicit,"For every subject_id, compute mean acceleration magnitude while Jogging and while Walking. Report whether subjects who jog harder also walk harder, ranking subjects consistently across both activities.",False,Yes — subjects who jog harder also tend to walk harder: the Spearman rank correlation between per-subject Jogging and Walking mean magnitudes is 0.703812316716.,"The result is {'subject_id': 23, 'mean_jogging_mag': 17.04236300315029, 'mean_walking_mag': 12.89231971710706}",False,True,"df = df[df['activity_label'].notna() & df['activity_label'].astype(str).str.strip().ne('')]
df['acceleration_magnitude'] = (df['x']**2 + df['y']**2 + df['z']**2)**0.5
# PARALLEL_AGGREGATE branches:
branch_0 = df[df['activity_label'].isin(['Jogging'])].groupby(['subject_id'])['acceleration_magnitude'].mean()
branch_1 = df[df['activity_label'].isin(['Walking'])].groupby(['subject_id'])['acceleration_magnitude'].mean()
merged = branch_0.merge(branch_1, on=['subject_id'], how='outer')
idx = df['mean_jogging_mag'].idxmax(); result = df.loc[idx, ['subject_id', 'mean_jogging_mag', 'mean_walking_mag']].to_dict()",FAIL,0.0,Candidate provides data for only one subject instead of analyzing all subjects and computing a correlation as required.,SOUND,Ground truth correctly interprets the query by computing per-subject means and assessing rank correlation.,json,3,False,"{
  ""verdict"": ""FAIL"",
  ""reason"": ""Candidate provides data for only one subject instead of analyzing all subjects and computing a correlation as required."",
  ""ground_truth_sanity"": ""SOUND"",
  ""ground_truth_note"": ""Ground truth correctly interprets the query by computing per-subject means and assessing rank correlation.""
}"
1,[in_memory_benchmark_run],FF_NO_CACHE,20,explicit,"For every subject_id, derive elapsed seconds from timestamp, then compute total locomotion duration (Walking, Jogging, Upstairs, Downstairs) and total resting duration (Sitting, Standing). Among subjects with more locomotion than resting time, return the subject_id with the largest locomotion-minus-resting duration.",False,subject_id 19 has the largest positive locomotion-minus-resting duration: 131091.171906999982 seconds.,"The result is {'subject_id': 19, 'locomotion_duration': 131357.35168599998, 'resting_duration': 266.179779, 'duration_delta': 131091.17190699998}",False,True,"df = df[df['activity_label'].notna() & df['activity_label'].astype(str).str.strip().ne('')]
df = df.sort_values(['subject_id', 'timestamp']); df['dt_s'] = df.groupby(['subject_id'])['timestamp'].diff().dt.total_seconds().clip(lower=0).fillna(0.0)
# PARALLEL_AGGREGATE branches:
branch_0 = df[df['activity_label'].isin(['Downstairs', 'Jogging', 'Upstairs', 'Walking'])].groupby(['subject_id'])['dt_s'].sum()
branch_1 = df[df['activity_label'].isin(['Sitting', 'Standing'])].groupby(['subject_id'])['dt_s'].sum()
merged = branch_0.merge(branch_1, on=['subject_id'], how='outer')
merged[['locomotion_duration', 'resting_duration']] = merged[['locomotion_duration', 'resting_duration']].fillna(0)
df['duration_delta'] = df['locomotion_duration'] - df['resting_duration']
df = df[df['duration_delta'] > 0]
idx = df['duration_delta'].idxmax(); result = df.loc[idx, ['subject_id', 'locomotion_duration', 'resting_duration', 'duration_delta']].to_dict()",PASS,1.0,"The candidate answer identifies subject_id 19 with a locomotion-minus-resting duration of 131091.172 seconds, matching the ground truth.",SOUND,Ground truth is consistent with the computed result.,json,3,False,"{
  ""verdict"": ""PASS"",
  ""reason"": ""The candidate answer identifies subject_id 19 with a locomotion-minus-resting duration of 131091.172 seconds, matching the ground truth."",
  ""ground_truth_sanity"": ""SOUND"",
  ""ground_truth_note"": ""Ground truth is consistent with the computed result.""
}"
1,[in_memory_benchmark_run],FF_NO_PROMPT,1,explicit,What is the maximum recorded x-acceleration for user 15?,False,Maximum x-acceleration for user 15 is 19.5700.,The result is 19.57,False,True,"df = df[df['subject_id'].isin([15])]
result = df['x'].max()",PASS,1.0,The candidate answer matches the ground truth value exactly.,SOUND,Value is specific and plausible for an acceleration measurement.,json,1,False,"{
  ""verdict"": ""PASS"",
  ""reason"": ""The candidate answer matches the ground truth value exactly."",
  ""ground_truth_sanity"": ""SOUND"",
  ""ground_truth_note"": ""Value is specific and plausible for an acceleration measurement.""
}"
1,[in_memory_benchmark_run],FF_NO_PROMPT,2,explicit,How many users have the activity label walking?,False,Total users Walking in the dataset: 36.,The result is 36,False,True,"df = df[df['activity_label'].notna() & df['activity_label'].astype(str).str.strip().ne('')]
df = df[df['activity_label'].isin(['Walking'])]
result = df['subject_id'].nunique()",PASS,1.0,The candidate answer '36' matches the ground truth '36' in both value and context.,SOUND,Clear and consistent with the query.,json,1,False,"{
  ""verdict"": ""PASS"",
  ""reason"": ""The candidate answer '36' matches the ground truth '36' in both value and context."",
  ""ground_truth_sanity"": ""SOUND"",
  ""ground_truth_note"": ""Clear and consistent with the query.""
}"
1,[in_memory_benchmark_run],FF_NO_PROMPT,3,explicit,What is the average y-acceleration of user 5 with activity label Sitting?,False,Average y-acceleration for user 5 during Sitting is 3.0414.,The result is: 3.0414423076923076,False,True,"df_filtered = df[(df['subject_id'] == 5) & (df['activity_label'] == 'Sitting')]
result = df_filtered['y'].mean()",PASS,1.0,The candidate answer matches the ground truth value exactly.,SOUND,The ground truth provides a clear and plausible numeric value.,json,1,False,"{
  ""verdict"": ""PASS"",
  ""reason"": ""The candidate answer matches the ground truth value exactly."",
  ""ground_truth_sanity"": ""SOUND"",
  ""ground_truth_note"": ""The ground truth provides a clear and plausible numeric value.""
}"
1,[in_memory_benchmark_run],FF_NO_PROMPT,4,explicit,Which user has the highest total number of recorded data samples?,False,User with the highest sample count is 20 with 56632 samples.,"The result is {'subject_id': 20, 'count': 56632}",False,True,"result = df.groupby('subject_id').size()
result = result.idxmax()",PASS,1.0,"The candidate answer identifies user 20 with 56632 samples, matching the ground truth.",SOUND,Clear and consistent with typical data aggregation results.,json,1,False,"{
  ""verdict"": ""PASS"",
  ""reason"": ""The candidate answer identifies user 20 with 56632 samples, matching the ground truth."",
  ""ground_truth_sanity"": ""SOUND"",
  ""ground_truth_note"": ""Clear and consistent with typical data aggregation results.""
}"
1,[in_memory_benchmark_run],FF_NO_PROMPT,5,explicit,"Compare the overall acceleration magnitude between dynamic (walking,jogging,upstairs,downstairs) and resting (sitting,standing) states.",False,"Average magnitude for dynamic activities (walking,jogging,upstairs,downstairs) is 11.9625; resting activities (sitting,standing) is 9.8328; difference (dynamic-resting) is 2.1297.","The result is: {""dynamic_mean_acceleration"": 11.962538760453763, ""resting_mean_acceleration"": 9.832791762650903}",False,True,"df = df[df['activity_label'] != '']
dynamic_activities = ['Walking', 'Jogging', 'Upstairs', 'Downstairs']
resting_activities = ['Sitting', 'Standing']
df['accel_magnitude'] = (df['x']**2 + df['y']**2 + df['z']**2)**0.5
dynamic_mean = df[df['activity_label'].isin(dynamic_activities)]['accel_magnitude'].mean()
resting_mean = df[df['activity_label'].isin(resting_activities)]['accel_magnitude'].mean()
result = {'dynamic_mean_acceleration': dynamic_mean, 'resting_mean_acceleration': resting_mean}",FAIL,0.0,Candidate answer omits the difference (2.13) which is part of the ground truth.,SOUND,"Ground truth includes both means and their difference, all relevant to the query.",json,1,False,"{
  ""verdict"": ""FAIL"",
  ""reason"": ""Candidate answer omits the difference (2.13) which is part of the ground truth."",
  ""ground_truth_sanity"": ""SOUND"",
  ""ground_truth_note"": ""Ground truth includes both means and their difference, all relevant to the query.""
}"
1,[in_memory_benchmark_run],FF_NO_PROMPT,7,explicit,What is the median acceleration magnitude for user 20 with activity label Upstairs?,False,Median net acceleration vector length for user 20 while ascending steps is 9.8931.,The result is 9.893086174221672,False,True,"df = df[df['subject_id'].isin([20])]
df = df[df['activity_label'].isin(['Upstairs'])]
df['acceleration_magnitude'] = (df['x']**2 + df['y']**2 + df['z']**2)**0.5
result = df['acceleration_magnitude'].median()",PASS,1.0,The candidate answer matches the ground truth value exactly.,SOUND,Clear and precise numeric answer consistent with the query.,json,3,False,"{
  ""verdict"": ""PASS"",
  ""reason"": ""The candidate answer matches the ground truth value exactly."",
  ""ground_truth_sanity"": ""SOUND"",
  ""ground_truth_note"": ""Clear and precise numeric answer consistent with the query.""
}"
1,[in_memory_benchmark_run],FF_NO_PROMPT,8,explicit,Calculate the absolute difference between the mean z-axis acceleration of activity labels Upstairs and Downstairs.,False,Average z for ascending elevation changes is 0.3235; descending is 0.6841; absolute difference (ascending-descending) is 0.3605.,The result is: 0.36054538544109566,False,True,"# Filter out empty activity labels
df_filtered = df[df['activity_label'] != '']

# Calculate mean z-axis acceleration for Upstairs and Downstairs
mean_upstairs = df_filtered[df_filtered['activity_label'] == 'Upstairs']['z'].mean()
mean_downstairs = df_filtered[df_filtered['activity_label'] == 'Downstairs']['z'].mean()

# Calculate absolute difference
result = abs(mean_upstairs - mean_downstairs)",PASS,1.0,The candidate answer 0.361 is numerically equivalent to the ground truth 0.36 within the allowed rounding tolerance (< 0.01).,SOUND,The ground truth provides a clear and reasonable calculation of the absolute difference.,json,2,False,"{
  ""verdict"": ""PASS"",
  ""reason"": ""The candidate answer 0.361 is numerically equivalent to the ground truth 0.36 within the allowed rounding tolerance (< 0.01)."",
  ""ground_truth_sanity"": ""SOUND"",
  ""ground_truth_note"": ""The ground truth provides a clear and reasonable calculation of the absolute difference.""
}"
1,[in_memory_benchmark_run],FF_NO_PROMPT,13,explicit,"Sort all WISDM rows by timestamp in ascending order, using subject_id as the tie-breaker. Use the first 80% of rows for training and the final 20% as the chronological holdout. Train a logistic regression model using the features x, y and z. Predict the activity label for the first row in the holdout set.",False,Logistic regression predicts activity 'Jogging' for the first holdout row.,The result is Logistic regression predicts activity_label '1' for the first holdout row.,False,True,"df = df[df['activity_label'].notna() & df['activity_label'].astype(str).str.strip().ne('')]
# sort_by=['timestamp', 'subject_id'] split=878558/1098198 model='logistic_regression' features=['x', 'y', 'z']
result = ""Logistic regression predicts activity_label '1' for the first holdout row.""",FAIL,0.0,"The candidate answer uses label '1' while the ground truth specifies 'Jogging', and without confirmation that '1' maps to 'Jogging', they are not semantically equivalent.",SOUND,Assumes standard WISDM label encoding where 'Jogging' is a valid activity class.,json,2,False,"{
  ""verdict"": ""FAIL"",
  ""reason"": ""The candidate answer uses label '1' while the ground truth specifies 'Jogging', and without confirmation that '1' maps to 'Jogging', they are not semantically equivalent."",
  ""ground_truth_sanity"": ""SOUND"",
  ""ground_truth_note"": ""Assumes standard WISDM label encoding where 'Jogging' is a valid activity class.""
}"
1,[in_memory_benchmark_run],FF_NO_PROMPT,14,explicit,"Sort all WISDM rows by timestamp in ascending order, using subject_id as the tie-breaker. Use the first 80% of rows for training and the final 20% as the chronological holdout. Train a random forest model using the features x, y and z. Predict the activity label for the first row in the holdout set.",False,Random forest predicts activity 'Sitting' for the first holdout row.,The result is Random forest predicts activity_label '1' for the first holdout row.,False,True,"df = df[df['activity_label'].notna() & df['activity_label'].astype(str).str.strip().ne('')]
# sort_by=['timestamp', 'subject_id'] split=878558/1098198 model='random_forest' features=['x', 'y', 'z']
result = ""Random forest predicts activity_label '1' for the first holdout row.""",FAIL,0.0,"The candidate answer uses a numeric label '1' while the ground truth specifies the activity name 'Sitting'; without confirmation that '1' maps to 'Sitting', they are not semantically equivalent.",SOUND,Assumes standard WISDM label encoding where 'Sitting' corresponds to a known numeric code.,json,1,False,"{
  ""verdict"": ""FAIL"",
  ""reason"": ""The candidate answer uses a numeric label '1' while the ground truth specifies the activity name 'Sitting'; without confirmation that '1' maps to 'Sitting', they are not semantically equivalent."",
  ""ground_truth_sanity"": ""SOUND"",
  ""ground_truth_note"": ""Assumes standard WISDM label encoding where 'Sitting' corresponds to a known numeric code.""
}"
1,[in_memory_benchmark_run],FF_NO_PROMPT,15,explicit,"Sort all WISDM rows by timestamp in ascending order, using subject_id as the tie-breaker. Use the first 80% of rows for training and the final 20% as the chronological holdout. Train a 1-nearest-neighbor model using the features x, y and z. Predict the activity label for the first row in the holdout set.",False,1-nearest-neighbor predicts activity 'Sitting' for the first holdout row.,The result is 1-nearest-neighbor predicts activity_label '1' for the first holdout row.,False,True,"df = df[df['activity_label'].notna() & df['activity_label'].astype(str).str.strip().ne('')]
# sort_by=['timestamp', 'subject_id'] split=878558/1098198 model='one_nearest_neighbor' features=['x', 'y', 'z']
result = ""1-nearest-neighbor predicts activity_label '1' for the first holdout row.""",PASS,1.0,Deterministic override: candidate contains the same primary numeric value as ground truth.,SOUND,Assumes standard WISDM label mapping where numeric codes correspond to known activities like 'Sitting'.,json,3,True,"{
  ""verdict"": ""FAIL"",
  ""reason"": ""The candidate answer uses activity label '1' while the ground truth specifies 'Sitting', which are not semantically equivalent without confirmation that '1' maps to 'Sitting'."",
  ""ground_truth_sanity"": ""SOUND"",
  ""ground_truth_note"": ""Assumes standard WISDM label mapping where numeric codes correspond to known activities like 'Sitting'.""
}"
1,[in_memory_benchmark_run],FF_NO_PROMPT,16,explicit,"Sort all WISDM rows by timestamp in ascending order, using subject_id as the tie-breaker. Use the first 80% of rows for training and the final 20% as the chronological holdout. Train a hist gradient boosting model using the features x, y and z. Predict the activity label for the first row in the holdout set.",False,Hist gradient boosting predicts activity 'Sitting' for the first holdout row.,The result is Hist gradient boosting predicts activity_label '1' for the first holdout row.,False,True,"df = df[df['activity_label'].notna() & df['activity_label'].astype(str).str.strip().ne('')]
# sort_by=['timestamp', 'subject_id'] split=878558/1098198 model='hist_gradient_boosting' features=['x', 'y', 'z']
result = ""Hist gradient boosting predicts activity_label '1' for the first holdout row.""",FAIL,0.0,"The candidate answer uses label '1' while the ground truth specifies activity 'Sitting', and without confirmation that '1' maps to 'Sitting', they are not semantically equivalent.",SOUND,Assumes standard WISDM label encoding where 'Sitting' corresponds to a known integer label.,json,1,False,"{
  ""verdict"": ""FAIL"",
  ""reason"": ""The candidate answer uses label '1' while the ground truth specifies activity 'Sitting', and without confirmation that '1' maps to 'Sitting', they are not semantically equivalent."",
  ""ground_truth_sanity"": ""SOUND"",
  ""ground_truth_note"": ""Assumes standard WISDM label encoding where 'Sitting' corresponds to a known integer label.""
}"
1,[in_memory_benchmark_run],FF_NO_PROMPT,17,explicit,"For every subject_id, compute mean acceleration magnitude separately for dynamic activities (Walking, Jogging, Upstairs, Downstairs) and resting activities (Sitting, Standing). Return the subject_id with the largest dynamic-minus-resting mean magnitude.",False,subject_id 24 has the largest dynamic-minus-resting mean magnitude: 4.739240077985.,The result is: 24,False,True,"df = df[df['activity_label'] != '']
dynamic_activities = ['Walking', 'Jogging', 'Upstairs', 'Downstairs']
resting_activities = ['Sitting', 'Standing']

df['acc_magnitude'] = (df['x']**2 + df['y']**2 + df['z']**2)**0.5

dynamic_means = df[df['activity_label'].isin(dynamic_activities)].groupby('subject_id')['acc_magnitude'].mean()
resting_means = df[df['activity_label'].isin(resting_activities)].groupby('subject_id')['acc_magnitude'].mean()

diffs = dynamic_means - resting_means
result = diffs.idxmax()",PASS,1.0,The candidate answer '24' matches the ground truth subject_id 24.,SOUND,Ground truth provides a clear and plausible answer with supporting value.,json,1,False,"{
  ""verdict"": ""PASS"",
  ""reason"": ""The candidate answer '24' matches the ground truth subject_id 24."",
  ""ground_truth_sanity"": ""SOUND"",
  ""ground_truth_note"": ""Ground truth provides a clear and plausible answer with supporting value.""
}"
1,[in_memory_benchmark_run],FF_NO_PROMPT,18,explicit,"For every subject_id, compute x-acceleration variance separately while Jogging and while Walking. Return the subject_id for whom Jogging pulls furthest ahead of Walking.",False,subject_id 12 has the most negative Jogging-minus-Walking x-variance difference (Walking exceeds Jogging by the largest margin): -16.746789937351.,"The result is {'subject_id': 19, 'jogging_var': 19.95}",False,True,"df = df[df['activity_label'].isin(['Jogging', 'Walking'])]
result = df.groupby(['subject_id', 'activity_label'])['x'].var()
# PARALLEL_AGGREGATE branches:
branch_0 = df[df['activity_label'].isin(['Jogging'])].groupby(['subject_id'])['x'].max()
branch_1 = df[df['activity_label'].isin(['Walking'])].groupby(['subject_id'])['x'].max()
merged = branch_0.merge(branch_1, on=['subject_id'], how='outer')
idx = df['jogging_var'].idxmax(); result = df.loc[idx, ['subject_id']].to_dict()",FAIL,0.0,"Candidate identifies subject_id 19 as the answer, but ground truth specifies subject_id 12 with a negative Jogging-minus-Walking difference, indicating Walking exceeds Jogging; candidate does not address the required comparison or sign.",SOUND,"Ground truth correctly interprets 'pulls furthest ahead' as the most negative difference (Walking > Jogging), which aligns with the query's phrasing.",json,1,False,"{
  ""verdict"": ""FAIL"",
  ""reason"": ""Candidate identifies subject_id 19 as the answer, but ground truth specifies subject_id 12 with a negative Jogging-minus-Walking difference, indicating Walking exceeds Jogging; candidate does not address the required comparison or sign."",
  ""ground_truth_sanity"": ""SOUND"",
  ""ground_truth_note"": ""Ground truth correctly interprets 'pulls furthest ahead' as the most negative difference (Walking > Jogging), which aligns with the query's phrasing.""
}"
1,[in_memory_benchmark_run],FF_NO_PROMPT,19,explicit,"For every subject_id, compute mean acceleration magnitude while Jogging and while Walking. Report whether subjects who jog harder also walk harder, ranking subjects consistently across both activities.",False,Yes — subjects who jog harder also tend to walk harder: the Spearman rank correlation between per-subject Jogging and Walking mean magnitudes is 0.703812316716.,"The result is {'groups': 36, 'columns': ['subject_id', 'mean_jogging', 'mean_walking']}",False,True,"df = df[df['activity_label'].notna() & df['activity_label'].astype(str).str.strip().ne('')]
df['acc_magnitude'] = (df['x']**2 + df['y']**2 + df['z']**2)**0.5
df = df[df['activity_label'].isin(['Jogging', 'Walking'])]
result = df.groupby(['subject_id', 'activity_label'])['acc_magnitude'].mean()
# PARALLEL_AGGREGATE branches:
branch_0 = df[df['activity_label'].isin(['Jogging'])].groupby(['subject_id'])['acc_magnitude'].mean()
branch_1 = df[df['activity_label'].isin(['Walking'])].groupby(['subject_id'])['acc_magnitude'].mean()
merged = branch_0.merge(branch_1, on=['subject_id'], how='outer')",FAIL,0.0,Candidate answer provides incomplete data without computing or reporting the Spearman correlation or the required conclusion.,SOUND,Ground truth correctly interprets the query by computing per-subject means and their rank correlation.,json,2,False,"{
  ""verdict"": ""FAIL"",
  ""reason"": ""Candidate answer provides incomplete data without computing or reporting the Spearman correlation or the required conclusion."",
  ""ground_truth_sanity"": ""SOUND"",
  ""ground_truth_note"": ""Ground truth correctly interprets the query by computing per-subject means and their rank correlation.""
}"
1,[in_memory_benchmark_run],FF_NO_PRUNE,1,explicit,What is the maximum recorded x-acceleration for user 15?,False,Maximum x-acceleration for user 15 is 19.5700.,The result is 19.57,False,True,"df = df[df['subject_id'] == 15]
result = df['x'].max()",PASS,1.0,The candidate answer matches the ground truth value exactly.,SOUND,Value is specific and plausible for an acceleration measurement.,json,1,False,"{
  ""verdict"": ""PASS"",
  ""reason"": ""The candidate answer matches the ground truth value exactly."",
  ""ground_truth_sanity"": ""SOUND"",
  ""ground_truth_note"": ""Value is specific and plausible for an acceleration measurement.""
}"
1,[in_memory_benchmark_run],FF_NO_PRUNE,2,explicit,How many users have the activity label walking?,False,Total users Walking in the dataset: 36.,The result is 36,False,True,"df = df[df['activity_label'].isin(['Walking'])]
result = df['subject_id'].nunique()",PASS,1.0,The candidate answer '36' matches the ground truth '36' in both value and context.,SOUND,Clear and consistent with the query.,json,1,False,"{
  ""verdict"": ""PASS"",
  ""reason"": ""The candidate answer '36' matches the ground truth '36' in both value and context."",
  ""ground_truth_sanity"": ""SOUND"",
  ""ground_truth_note"": ""Clear and consistent with the query.""
}"
1,[in_memory_benchmark_run],FF_NO_PRUNE,3,explicit,What is the average y-acceleration of user 5 with activity label Sitting?,False,Average y-acceleration for user 5 during Sitting is 3.0414.,The result is 3.0414423076923076,False,True,"df = df[df['subject_id'] == 5]
df = df[df['activity_label'].isin(['Sitting'])]
result = df['y'].mean()",PASS,1.0,The candidate answer matches the ground truth value exactly.,SOUND,Value is consistent with a plausible average y-acceleration.,json,1,False,"{
  ""verdict"": ""PASS"",
  ""reason"": ""The candidate answer matches the ground truth value exactly."",
  ""ground_truth_sanity"": ""SOUND"",
  ""ground_truth_note"": ""Value is consistent with a plausible average y-acceleration.""
}"
1,[in_memory_benchmark_run],FF_NO_PRUNE,4,explicit,Which user has the highest total number of recorded data samples?,False,User with the highest sample count is 20 with 56632 samples.,"The result is {'subject_id': 20, 'count': 56632}",False,True,"df = df[df['activity_label'].notna() & df['activity_label'].astype(str).str.strip().ne('')]
result = df.groupby('subject_id').size()
result = result.idxmax()",PASS,1.0,"The candidate answer identifies user 20 with 56632 samples, matching the ground truth.",SOUND,Clear and consistent with typical data summary format.,json,1,False,"{
  ""verdict"": ""PASS"",
  ""reason"": ""The candidate answer identifies user 20 with 56632 samples, matching the ground truth."",
  ""ground_truth_sanity"": ""SOUND"",
  ""ground_truth_note"": ""Clear and consistent with typical data summary format.""
}"
1,[in_memory_benchmark_run],FF_NO_PRUNE,5,explicit,"Compare the overall acceleration magnitude between dynamic (walking,jogging,upstairs,downstairs) and resting (sitting,standing) states.",False,"Average magnitude for dynamic activities (walking,jogging,upstairs,downstairs) is 11.9625; resting activities (sitting,standing) is 9.8328; difference (dynamic-resting) is 2.1297.","The result is {'higher': 'dynamic', 'lower': 'resting', 'metric': 'mean acceleration_magnitude', 'dynamic': 11.962538760453763, 'resting': 9.832791762650903, 'difference': 2.12974699780286}",False,True,"df = df[df['activity_label'].notna() & df['activity_label'].astype(str).str.strip().ne('')]
df['acceleration_magnitude'] = (df['x']**2 + df['y']**2 + df['z']**2)**0.5
dynamic = df[df['activity_label'].isin(['Downstairs', 'Jogging', 'Upstairs', 'Walking'])]
resting = df[df['activity_label'].isin(['Sitting', 'Standing'])]
result = {label: agg(partition) for label in partitions}
result = compare(dynamic, resting, mode='difference')",PASS,1.0,The candidate answer provides the same numerical values and correctly identifies dynamic activities as having higher acceleration magnitude than resting activities.,SOUND,Ground truth contains consistent and plausible numeric comparisons.,json,1,False,"{
  ""verdict"": ""PASS"",
  ""reason"": ""The candidate answer provides the same numerical values and correctly identifies dynamic activities as having higher acceleration magnitude than resting activities."",
  ""ground_truth_sanity"": ""SOUND"",
  ""ground_truth_note"": ""Ground truth contains consistent and plausible numeric comparisons.""
}"
1,[in_memory_benchmark_run],FF_NO_PRUNE,6,explicit,"Identify the user whose total recorded duration of resting states (sitting,standing) exceeds their duration of dynamic movements (walking,jogging,upstairs,downstairs) by the largest margin.",False,"Users [20, 6, 16] have total stationary duration (sitting, standing) exceeding locomotion duration (walking, jogging, upstairs, downstairs). User 20 has the largest margin (delta=54004.34s).","The result is {'subject_id': 20, 'resting_duration': 56906.660065, 'dynamic_duration': 2902.322246, 'duration_margin': 54004.33781899999}",False,True,"df = df[df['activity_label'].notna() & df['activity_label'].astype(str).str.strip().ne('')]
df = df.sort_values(['subject_id', 'timestamp']); df['dt_s'] = df.groupby(['subject_id'])['timestamp'].diff().dt.total_seconds().clip(lower=0).fillna(0.0)
# PARALLEL_AGGREGATE branches:
branch_0 = df[df['activity_label'].isin(['Sitting', 'Standing'])].groupby(['subject_id'])['dt_s'].sum()
branch_1 = df[df['activity_label'].isin(['Downstairs', 'Jogging', 'Upstairs', 'Walking'])].groupby(['subject_id'])['dt_s'].sum()
merged = branch_0.merge(branch_1, on=['subject_id'], how='outer')
merged[['resting_duration', 'dynamic_duration']] = merged[['resting_duration', 'dynamic_duration']].fillna(0)
df['duration_margin'] = df['resting_duration'] - df['dynamic_duration']
df = df[df['duration_margin'] > 0]
idx = df['duration_margin'].idxmax(); result = df.loc[idx, ['subject_id', 'resting_duration', 'dynamic_duration', 'duration_margin']].to_dict()",FAIL,0.0,Judge infrastructure fallback: unable to obtain valid JSON verdict after retries (invoke_error:TooManyRequestsResponseError:Rate limit exceeded: qwen/qwen3-max/5e31ba3c-d5bf-4ced-a52d-96e2e6635f95. High demand for qwen/qwen3-max on OpenRouter - limited to 20 requests per minute. Please retry shortly.).,,,fallback:invalid:invoke_error:TooManyRequestsResponseError:Rate limit exceeded: qwen/qwen3-max/5e31ba3c-d5bf-4ced-a52d-96e2e6635f95. High demand for qwen/qwen3-max on OpenRouter - limited to 20 requests per minute. Please retry shortly.,4,False,
1,[in_memory_benchmark_run],FF_NO_PRUNE,7,explicit,What is the median acceleration magnitude for user 20 with activity label Upstairs?,False,Median net acceleration vector length for user 20 while ascending steps is 9.8931.,The result is 9.893086174221672,False,True,"df = df[df['subject_id'].isin([20])]
df = df[df['activity_label'].isin(['Upstairs'])]
df['acceleration_magnitude'] = (df['x']**2 + df['y']**2 + df['z']**2)**0.5
result = df['acceleration_magnitude'].median()",PASS,1.0,The candidate answer matches the ground truth value exactly.,SOUND,Clear and consistent with the query.,json,4,False,"{
  ""verdict"": ""PASS"",
  ""reason"": ""The candidate answer matches the ground truth value exactly."",
  ""ground_truth_sanity"": ""SOUND"",
  ""ground_truth_note"": ""Clear and consistent with the query.""
}"
1,[in_memory_benchmark_run],FF_NO_PRUNE,8,explicit,Calculate the absolute difference between the mean z-axis acceleration of activity labels Upstairs and Downstairs.,False,Average z for ascending elevation changes is 0.3235; descending is 0.6841; absolute difference (ascending-descending) is 0.3605.,"The result is {'higher': 'downstairs', 'lower': 'upstairs', 'metric': 'mean z', 'upstairs': 0.323542237509624, 'downstairs': 0.6840876229507197, 'abs_difference': 0.36054538544109566}",False,True,"df = df[df['activity_label'].notna() & df['activity_label'].astype(str).str.strip().ne('')]
upstairs = df[df['activity_label'].isin(['Upstairs'])]
downstairs = df[df['activity_label'].isin(['Downstairs'])]
result = {label: agg(partition) for label in partitions}
result = compare(upstairs, downstairs, mode='abs_difference')",PASS,1.0,The candidate provides the same mean z values and absolute difference (0.361 ≈ 0.36) as the ground truth.,SOUND,Values are consistent and correctly interpreted.,json,1,False,"{
  ""verdict"": ""PASS"",
  ""reason"": ""The candidate provides the same mean z values and absolute difference (0.361 ≈ 0.36) as the ground truth."",
  ""ground_truth_sanity"": ""SOUND"",
  ""ground_truth_note"": ""Values are consistent and correctly interpreted.""
}"
1,[in_memory_benchmark_run],FF_NO_PRUNE,13,explicit,"Sort all WISDM rows by timestamp in ascending order, using subject_id as the tie-breaker. Use the first 80% of rows for training and the final 20% as the chronological holdout. Train a logistic regression model using the features x, y and z. Predict the activity label for the first row in the holdout set.",False,Logistic regression predicts activity 'Jogging' for the first holdout row.,The result is Logistic regression predicts label 'Jogging' for the first holdout row.,False,True,"# sort_by=['timestamp', 'subject_id'] split=878558/1098198 model='logistic_regression' features=['x', 'y', 'z']
result = ""Logistic regression predicts label 'Jogging' for the first holdout row.""",PASS,1.0,The candidate answer is semantically and factually equivalent to the ground truth.,SOUND,Clear and consistent with the query's requirements.,json,3,False,"{
  ""verdict"": ""PASS"",
  ""reason"": ""The candidate answer is semantically and factually equivalent to the ground truth."",
  ""ground_truth_sanity"": ""SOUND"",
  ""ground_truth_note"": ""Clear and consistent with the query's requirements.""
}"
1,[in_memory_benchmark_run],FF_NO_PRUNE,14,explicit,"Sort all WISDM rows by timestamp in ascending order, using subject_id as the tie-breaker. Use the first 80% of rows for training and the final 20% as the chronological holdout. Train a random forest model using the features x, y and z. Predict the activity label for the first row in the holdout set.",False,Random forest predicts activity 'Sitting' for the first holdout row.,The result is Random forest predicts activity_label 'Sitting' for the first holdout row.,False,True,"# sort_by=['timestamp', 'subject_id'] split=878558/1098198 model='random_forest' features=['x', 'y', 'z']
result = ""Random forest predicts activity_label 'Sitting' for the first holdout row.""",PASS,1.0,The candidate answer is semantically and factually equivalent to the ground truth.,SOUND,Clear and consistent with the query's requirements.,json,2,False,"{
  ""verdict"": ""PASS"",
  ""reason"": ""The candidate answer is semantically and factually equivalent to the ground truth."",
  ""ground_truth_sanity"": ""SOUND"",
  ""ground_truth_note"": ""Clear and consistent with the query's requirements.""
}"
1,[in_memory_benchmark_run],FF_NO_PRUNE,15,explicit,"Sort all WISDM rows by timestamp in ascending order, using subject_id as the tie-breaker. Use the first 80% of rows for training and the final 20% as the chronological holdout. Train a 1-nearest-neighbor model using the features x, y and z. Predict the activity label for the first row in the holdout set.",False,1-nearest-neighbor predicts activity 'Sitting' for the first holdout row.,The result is 1-nearest-neighbor predicts activity_label 'Sitting' for the first holdout row.,False,True,"# sort_by=['timestamp', 'subject_id'] split=878558/1098198 model='one_nearest_neighbor' features=['x', 'y', 'z']
result = ""1-nearest-neighbor predicts activity_label 'Sitting' for the first holdout row.""",PASS,1.0,The candidate answer is semantically and factually equivalent to the ground truth.,SOUND,Clear and consistent with the query's requirements.,json,1,False,"{
  ""verdict"": ""PASS"",
  ""reason"": ""The candidate answer is semantically and factually equivalent to the ground truth."",
  ""ground_truth_sanity"": ""SOUND"",
  ""ground_truth_note"": ""Clear and consistent with the query's requirements.""
}"
1,[in_memory_benchmark_run],FF_NO_PRUNE,16,explicit,"Sort all WISDM rows by timestamp in ascending order, using subject_id as the tie-breaker. Use the first 80% of rows for training and the final 20% as the chronological holdout. Train a hist gradient boosting model using the features x, y and z. Predict the activity label for the first row in the holdout set.",False,Hist gradient boosting predicts activity 'Sitting' for the first holdout row.,The result is Hist gradient boosting predicts activity_label 'Sitting' for the first holdout row.,False,True,"# sort_by=['timestamp', 'subject_id'] split=878558/1098198 model='hist_gradient_boosting' features=['x', 'y', 'z']
result = ""Hist gradient boosting predicts activity_label 'Sitting' for the first holdout row.""",PASS,1.0,The candidate answer matches the ground truth in both predicted activity and context.,SOUND,Prediction aligns with expected model behavior on WISDM data.,json,2,False,"{
  ""verdict"": ""PASS"",
  ""reason"": ""The candidate answer matches the ground truth in both predicted activity and context."",
  ""ground_truth_sanity"": ""SOUND"",
  ""ground_truth_note"": ""Prediction aligns with expected model behavior on WISDM data.""
}"
1,[in_memory_benchmark_run],FF_NO_PRUNE,17,explicit,"For every subject_id, compute mean acceleration magnitude separately for dynamic activities (Walking, Jogging, Upstairs, Downstairs) and resting activities (Sitting, Standing). Return the subject_id with the largest dynamic-minus-resting mean magnitude.",False,subject_id 24 has the largest dynamic-minus-resting mean magnitude: 4.739240077985.,"The result is {'subject_id': 24, 'dynamic_mean_magnitude': 13.872703393647935, 'resting_mean_magnitude': 9.133463315662746, 'magnitude_difference': 4.739240077985189}",False,True,"df = df[df['activity_label'].notna() & df['activity_label'].astype(str).str.strip().ne('')]
df['acceleration_magnitude'] = (df['x']**2 + df['y']**2 + df['z']**2)**0.5
# PARALLEL_AGGREGATE branches:
branch_0 = df[df['activity_label'].isin(['Downstairs', 'Jogging', 'Upstairs', 'Walking'])].groupby(['subject_id'])['acceleration_magnitude'].mean()
branch_1 = df[df['activity_label'].isin(['Sitting', 'Standing'])].groupby(['subject_id'])['acceleration_magnitude'].mean()
merged = branch_0.merge(branch_1, on=['subject_id'], how='outer')
df['magnitude_difference'] = df['dynamic_mean_magnitude'] - df['resting_mean_magnitude']
idx = df['magnitude_difference'].idxmax(); result = df.loc[idx, ['subject_id', 'dynamic_mean_magnitude', 'resting_mean_magnitude', 'magnitude_difference']].to_dict()",PASS,1.0,"The candidate answer identifies subject_id 24 with a dynamic-minus-resting mean magnitude of 4.739, matching the ground truth.",SOUND,Ground truth is consistent with the candidate's detailed breakdown.,json,1,False,"{
  ""verdict"": ""PASS"",
  ""reason"": ""The candidate answer identifies subject_id 24 with a dynamic-minus-resting mean magnitude of 4.739, matching the ground truth."",
  ""ground_truth_sanity"": ""SOUND"",
  ""ground_truth_note"": ""Ground truth is consistent with the candidate's detailed breakdown.""
}"
1,[in_memory_benchmark_run],FF_NO_PRUNE,18,explicit,"For every subject_id, compute x-acceleration variance separately while Jogging and while Walking. Return the subject_id for whom Jogging pulls furthest ahead of Walking.",False,subject_id 12 has the most negative Jogging-minus-Walking x-variance difference (Walking exceeds Jogging by the largest margin): -16.746789937351.,"The result is {'subject_id': 31, 'jogging_x_var': 109.50167848631395, 'walking_x_var': 7.69762219970115, 'variance_delta': 101.8040562866128}",False,True,"df = df[df['activity_label'].notna() & df['activity_label'].astype(str).str.strip().ne('')]
# PARALLEL_AGGREGATE branches:
branch_0 = df[df['activity_label'].isin(['Jogging'])].groupby(['subject_id'])['x'].var()
branch_1 = df[df['activity_label'].isin(['Walking'])].groupby(['subject_id'])['x'].var()
merged = branch_0.merge(branch_1, on=['subject_id'], how='outer')
df['variance_delta'] = df['jogging_x_var'] - df['walking_x_var']
idx = df['variance_delta'].idxmax(); result = df.loc[idx, ['subject_id', 'jogging_x_var', 'walking_x_var', 'variance_delta']].to_dict()",FAIL,0.0,"Candidate identifies subject_id 31 as having the largest positive difference (Jogging > Walking), but ground truth identifies subject_id 12 as having the most negative difference (Walking > Jogging by the largest margin).",SOUND,"Ground truth correctly interprets 'pulls furthest ahead' as the largest positive Jogging-minus-Walking difference; however, it states a negative value, which contradicts the phrasing. But given the explicit note that Walking exceeds Jogging, it's internally consistent.",json,1,False,"{
  ""verdict"": ""FAIL"",
  ""reason"": ""Candidate identifies subject_id 31 as having the largest positive difference (Jogging > Walking), but ground truth identifies subject_id 12 as having the most negative difference (Walking > Jogging by the largest margin)."",
  ""ground_truth_sanity"": ""SOUND"",
  ""ground_truth_note"": ""Ground truth correctly interprets 'pulls furthest ahead' as the largest positive Jogging-minus-Walking difference; however, it states a negative value, which contradicts the phrasing. But given the explicit note that Walking exceeds Jogging, it's internally consistent.""
}"
1,[in_memory_benchmark_run],FF_NO_PRUNE,19,explicit,"For every subject_id, compute mean acceleration magnitude while Jogging and while Walking. Report whether subjects who jog harder also walk harder, ranking subjects consistently across both activities.",False,Yes — subjects who jog harder also tend to walk harder: the Spearman rank correlation between per-subject Jogging and Walking mean magnitudes is 0.703812316716.,The result is 0.7491948405475497,False,True,"df = df[df['activity_label'].notna() & df['activity_label'].astype(str).str.strip().ne('')]
df['acceleration_magnitude'] = (df['x']**2 + df['y']**2 + df['z']**2)**0.5
# PARALLEL_AGGREGATE branches:
branch_0 = df[df['activity_label'].isin(['Jogging'])].groupby(['subject_id'])['acceleration_magnitude'].mean()
branch_1 = df[df['activity_label'].isin(['Walking'])].groupby(['subject_id'])['acceleration_magnitude'].mean()
merged = branch_0.merge(branch_1, on=['subject_id'], how='outer')
result = df['mean_jogging_mag'].corr(df['mean_walking_mag'], method='pearson')",FAIL,0.0,"The candidate answer provides a different correlation value (0.749) than the ground truth (0.704), which exceeds the allowed rounding tolerance.",SOUND,The ground truth provides a plausible Spearman correlation with appropriate interpretation.,json,1,False,"{
  ""verdict"": ""FAIL"",
  ""reason"": ""The candidate answer provides a different correlation value (0.749) than the ground truth (0.704), which exceeds the allowed rounding tolerance."",
  ""ground_truth_sanity"": ""SOUND"",
  ""ground_truth_note"": ""The ground truth provides a plausible Spearman correlation with appropriate interpretation.""
}"
1,[in_memory_benchmark_run],FF_NO_PRUNE,20,explicit,"For every subject_id, derive elapsed seconds from timestamp, then compute total locomotion duration (Walking, Jogging, Upstairs, Downstairs) and total resting duration (Sitting, Standing). Among subjects with more locomotion than resting time, return the subject_id with the largest locomotion-minus-resting duration.",False,subject_id 19 has the largest positive locomotion-minus-resting duration: 131091.171906999982 seconds.,"The result is {'subject_id': 19, 'locomotion_duration': 131357.35168599998, 'resting_duration': 266.179779, 'duration_delta': 131091.17190699998}",False,True,"df = df[df['activity_label'].notna() & df['activity_label'].astype(str).str.strip().ne('')]
df = df.sort_values(['subject_id', 'timestamp']); df['dt_s'] = df.groupby(['subject_id'])['timestamp'].diff().dt.total_seconds().clip(lower=0).fillna(0.0)
# PARALLEL_AGGREGATE branches:
branch_0 = df[df['activity_label'].isin(['Downstairs', 'Jogging', 'Upstairs', 'Walking'])].groupby(['subject_id'])['dt_s'].sum()
branch_1 = df[df['activity_label'].isin(['Sitting', 'Standing'])].groupby(['subject_id'])['dt_s'].sum()
merged = branch_0.merge(branch_1, on=['subject_id'], how='outer')
merged[['locomotion_duration', 'resting_duration']] = merged[['locomotion_duration', 'resting_duration']].fillna(0)
df['duration_delta'] = df['locomotion_duration'] - df['resting_duration']
df = df[df['duration_delta'] > 0]
idx = df['duration_delta'].idxmax(); result = df.loc[idx, ['subject_id', 'locomotion_duration', 'resting_duration', 'duration_delta']].to_dict()",PASS,1.0,"The candidate answer identifies subject_id 19 with a locomotion-minus-resting duration of 131091.172 seconds, matching the ground truth.",SOUND,The ground truth is consistent with the computed result.,json,1,False,"{
  ""verdict"": ""PASS"",
  ""reason"": ""The candidate answer identifies subject_id 19 with a locomotion-minus-resting duration of 131091.172 seconds, matching the ground truth."",
  ""ground_truth_sanity"": ""SOUND"",
  ""ground_truth_note"": ""The ground truth is consistent with the computed result.""
}"
2,[in_memory_benchmark_run],FF_FULL,1,explicit,What is the maximum recorded x-acceleration for user 15?,False,Maximum x-acceleration for user 15 is 19.5700.,The result is 19.57,False,True,"df = df[df['subject_id'] == 15]
result = df['x'].max()",PASS,1.0,The candidate answer matches the ground truth value exactly.,SOUND,The ground truth provides a clear and plausible numeric value.,json,1,False,"{
  ""verdict"": ""PASS"",
  ""reason"": ""The candidate answer matches the ground truth value exactly."",
  ""ground_truth_sanity"": ""SOUND"",
  ""ground_truth_note"": ""The ground truth provides a clear and plausible numeric value.""
}"
2,[in_memory_benchmark_run],FF_FULL,2,explicit,How many users have the activity label walking?,False,Total users Walking in the dataset: 36.,The result is 36,False,True,"df = df[df['activity_label'].notna() & df['activity_label'].astype(str).str.strip().ne('')]
df = df[df['activity_label'] == 'Walking']
result = df['subject_id'].nunique()",PASS,1.0,The candidate answer '36' matches the ground truth '36' in both value and context.,SOUND,Clear and consistent with the query.,json,1,False,"{
  ""verdict"": ""PASS"",
  ""reason"": ""The candidate answer '36' matches the ground truth '36' in both value and context."",
  ""ground_truth_sanity"": ""SOUND"",
  ""ground_truth_note"": ""Clear and consistent with the query.""
}"
2,[in_memory_benchmark_run],FF_FULL,3,explicit,What is the average y-acceleration of user 5 with activity label Sitting?,False,Average y-acceleration for user 5 during Sitting is 3.0414.,The result is 3.0414423076923076,False,True,"df = df[df['subject_id'] == 5]
df = df[df['activity_label'] == 'Sitting']
result = df['y'].mean()",PASS,1.0,The candidate answer matches the ground truth value exactly.,SOUND,Value is consistent with query context.,json,1,False,"{
  ""verdict"": ""PASS"",
  ""reason"": ""The candidate answer matches the ground truth value exactly."",
  ""ground_truth_sanity"": ""SOUND"",
  ""ground_truth_note"": ""Value is consistent with query context.""
}"
2,[in_memory_benchmark_run],FF_FULL,4,explicit,Which user has the highest total number of recorded data samples?,False,User with the highest sample count is 20 with 56632 samples.,"The result is {'subject_id': 20, 'count': 56632}",False,True,"result = df.groupby('subject_id').size()
result = result.idxmax()",PASS,1.0,"The candidate answer identifies user 20 with 56632 samples, matching the ground truth.",SOUND,Clear and consistent with typical data summary format.,json,1,False,"{
  ""verdict"": ""PASS"",
  ""reason"": ""The candidate answer identifies user 20 with 56632 samples, matching the ground truth."",
  ""ground_truth_sanity"": ""SOUND"",
  ""ground_truth_note"": ""Clear and consistent with typical data summary format.""
}"
2,[in_memory_benchmark_run],FF_FULL,5,explicit,"Compare the overall acceleration magnitude between dynamic (walking,jogging,upstairs,downstairs) and resting (sitting,standing) states.",False,"Average magnitude for dynamic activities (walking,jogging,upstairs,downstairs) is 11.9625; resting activities (sitting,standing) is 9.8328; difference (dynamic-resting) is 2.1297.","The result is {'higher': 'dynamic', 'lower': 'resting', 'metric': 'mean acceleration_magnitude', 'dynamic': 11.962538760453763, 'resting': 9.832791762650903, 'difference': 2.12974699780286}",False,True,"df = df[df['activity_label'].notna() & df['activity_label'].astype(str).str.strip().ne('')]
df['acceleration_magnitude'] = (df['x']**2 + df['y']**2 + df['z']**2)**0.5
dynamic = df[df['activity_label'].isin(['Downstairs', 'Jogging', 'Upstairs', 'Walking'])]
resting = df[df['activity_label'].isin(['Sitting', 'Standing'])]
result = {label: agg(partition) for label in partitions}
result = compare(dynamic, resting, mode='difference')",PASS,1.0,The candidate answer provides the same numerical values and correctly identifies dynamic activities as having higher acceleration magnitude than resting activities.,SOUND,Values and interpretation are consistent with typical acceleration magnitudes in activity recognition datasets.,json,1,False,"{
  ""verdict"": ""PASS"",
  ""reason"": ""The candidate answer provides the same numerical values and correctly identifies dynamic activities as having higher acceleration magnitude than resting activities."",
  ""ground_truth_sanity"": ""SOUND"",
  ""ground_truth_note"": ""Values and interpretation are consistent with typical acceleration magnitudes in activity recognition datasets.""
}"
2,[in_memory_benchmark_run],FF_FULL,6,explicit,"Identify the user whose total recorded duration of resting states (sitting,standing) exceeds their duration of dynamic movements (walking,jogging,upstairs,downstairs) by the largest margin.",False,"Users [20, 6, 16] have total stationary duration (sitting, standing) exceeding locomotion duration (walking, jogging, upstairs, downstairs). User 20 has the largest margin (delta=54004.34s).","The result is {'subject_id': 20, 'resting_duration': 56906.660065, 'dynamic_duration': 2902.322246, 'duration_margin': 54004.33781899999}",False,True,"df = df[df['activity_label'].notna() & df['activity_label'].astype(str).str.strip().ne('')]
df = df.sort_values(['subject_id', 'timestamp']); df['dt_s'] = df.groupby(['subject_id'])['timestamp'].diff().dt.total_seconds().clip(lower=0).fillna(0.0)
# PARALLEL_AGGREGATE branches:
branch_0 = df[df['activity_label'].isin(['Sitting', 'Standing'])].groupby(['subject_id'])['dt_s'].sum()
branch_1 = df[df['activity_label'].isin(['Downstairs', 'Jogging', 'Upstairs', 'Walking'])].groupby(['subject_id'])['dt_s'].sum()
merged = branch_0.merge(branch_1, on=['subject_id'], how='outer')
merged[['resting_duration', 'dynamic_duration']] = merged[['resting_duration', 'dynamic_duration']].fillna(0)
df['duration_margin'] = df['resting_duration'] - df['dynamic_duration']
df = df[df['duration_margin'] > 0]
idx = df['duration_margin'].idxmax(); result = df.loc[idx, ['subject_id', 'resting_duration', 'dynamic_duration', 'duration_margin']].to_dict()",FAIL,0.0,Judge infrastructure fallback: unable to obtain valid JSON verdict after retries (invoke_error:TooManyRequestsResponseError:Rate limit exceeded: qwen/qwen3-max/5e31ba3c-d5bf-4ced-a52d-96e2e6635f95. High demand for qwen/qwen3-max on OpenRouter - limited to 20 requests per minute. Please retry shortly.).,,,fallback:invalid:invoke_error:TooManyRequestsResponseError:Rate limit exceeded: qwen/qwen3-max/5e31ba3c-d5bf-4ced-a52d-96e2e6635f95. High demand for qwen/qwen3-max on OpenRouter - limited to 20 requests per minute. Please retry shortly.,4,False,
2,[in_memory_benchmark_run],FF_FULL,7,explicit,What is the median acceleration magnitude for user 20 with activity label Upstairs?,False,Median net acceleration vector length for user 20 while ascending steps is 9.8931.,The result is 9.893086174221672,False,True,"df = df[df['subject_id'] == 20]
df = df[df['activity_label'] == 'Upstairs']
df['acceleration_magnitude'] = (df['x']**2 + df['y']**2 + df['z']**2)**0.5
result = df['acceleration_magnitude'].median()",FAIL,0.0,Judge infrastructure fallback: unable to obtain valid JSON verdict after retries (invoke_error:TooManyRequestsResponseError:Rate limit exceeded: qwen/qwen3-max/5e31ba3c-d5bf-4ced-a52d-96e2e6635f95. High demand for qwen/qwen3-max on OpenRouter - limited to 20 requests per minute. Please retry shortly.).,,,fallback:invalid:invoke_error:TooManyRequestsResponseError:Rate limit exceeded: qwen/qwen3-max/5e31ba3c-d5bf-4ced-a52d-96e2e6635f95. High demand for qwen/qwen3-max on OpenRouter - limited to 20 requests per minute. Please retry shortly.,4,False,
2,[in_memory_benchmark_run],FF_FULL,8,explicit,Calculate the absolute difference between the mean z-axis acceleration of activity labels Upstairs and Downstairs.,False,Average z for ascending elevation changes is 0.3235; descending is 0.6841; absolute difference (ascending-descending) is 0.3605.,"The result is {'higher': 'downstairs', 'lower': 'upstairs', 'metric': 'mean z', 'upstairs': 0.323542237509624, 'downstairs': 0.6840876229507197, 'abs_difference': 0.36054538544109566}",False,True,"df = df[df['activity_label'].notna() & df['activity_label'].astype(str).str.strip().ne('')]
upstairs = df[df['activity_label'].isin(['Upstairs'])]
downstairs = df[df['activity_label'].isin(['Downstairs'])]
result = {label: agg(partition) for label in partitions}
result = compare(upstairs, downstairs, mode='abs_difference')",PASS,1.0,The candidate provides the same mean z values and absolute difference (0.361 ≈ 0.36) as the ground truth.,SOUND,Values are consistent and correctly interpreted.,json,2,False,"{
  ""verdict"": ""PASS"",
  ""reason"": ""The candidate provides the same mean z values and absolute difference (0.361 ≈ 0.36) as the ground truth."",
  ""ground_truth_sanity"": ""SOUND"",
  ""ground_truth_note"": ""Values are consistent and correctly interpreted.""
}"
2,[in_memory_benchmark_run],FF_FULL,13,explicit,"Sort all WISDM rows by timestamp in ascending order, using subject_id as the tie-breaker. Use the first 80% of rows for training and the final 20% as the chronological holdout. Train a logistic regression model using the features x, y and z. Predict the activity label for the first row in the holdout set.",False,Logistic regression predicts activity 'Jogging' for the first holdout row.,The result is Logistic regression predicts label 'Jogging' for the first holdout row.,False,True,"# sort_by=['timestamp', 'subject_id'] split=878558/1098198 model='logistic_regression' features=['x', 'y', 'z']
result = ""Logistic regression predicts label 'Jogging' for the first holdout row.""",PASS,1.0,The candidate answer is semantically and factually equivalent to the ground truth.,SOUND,Clear and consistent with the query's requirements.,json,2,False,"{
  ""verdict"": ""PASS"",
  ""reason"": ""The candidate answer is semantically and factually equivalent to the ground truth."",
  ""ground_truth_sanity"": ""SOUND"",
  ""ground_truth_note"": ""Clear and consistent with the query's requirements.""
}"
2,[in_memory_benchmark_run],FF_FULL,14,explicit,"Sort all WISDM rows by timestamp in ascending order, using subject_id as the tie-breaker. Use the first 80% of rows for training and the final 20% as the chronological holdout. Train a random forest model using the features x, y and z. Predict the activity label for the first row in the holdout set.",False,Random forest predicts activity 'Sitting' for the first holdout row.,The result is Random forest predicts label 'Sitting' for the first holdout row.,False,True,"# sort_by=['timestamp', 'subject_id'] split=878558/1098198 model='random_forest' features=['x', 'y', 'z']
result = ""Random forest predicts label 'Sitting' for the first holdout row.""",PASS,1.0,The candidate answer is semantically and factually equivalent to the ground truth.,SOUND,Clear and consistent with the query's requirements.,json,1,False,"{
  ""verdict"": ""PASS"",
  ""reason"": ""The candidate answer is semantically and factually equivalent to the ground truth."",
  ""ground_truth_sanity"": ""SOUND"",
  ""ground_truth_note"": ""Clear and consistent with the query's requirements.""
}"
2,[in_memory_benchmark_run],FF_FULL,15,explicit,"Sort all WISDM rows by timestamp in ascending order, using subject_id as the tie-breaker. Use the first 80% of rows for training and the final 20% as the chronological holdout. Train a 1-nearest-neighbor model using the features x, y and z. Predict the activity label for the first row in the holdout set.",False,1-nearest-neighbor predicts activity 'Sitting' for the first holdout row.,The result is 1-nearest-neighbor predicts label 'Sitting' for the first holdout row.,False,True,"# sort_by=['timestamp', 'subject_id'] split=878558/1098198 model='one_nearest_neighbor' features=['x', 'y', 'z']
result = ""1-nearest-neighbor predicts label 'Sitting' for the first holdout row.""",PASS,1.0,The candidate answer is semantically and factually equivalent to the ground truth.,SOUND,Clear and consistent with the query's requirements.,json,1,False,"{
  ""verdict"": ""PASS"",
  ""reason"": ""The candidate answer is semantically and factually equivalent to the ground truth."",
  ""ground_truth_sanity"": ""SOUND"",
  ""ground_truth_note"": ""Clear and consistent with the query's requirements.""
}"
2,[in_memory_benchmark_run],FF_FULL,16,explicit,"Sort all WISDM rows by timestamp in ascending order, using subject_id as the tie-breaker. Use the first 80% of rows for training and the final 20% as the chronological holdout. Train a hist gradient boosting model using the features x, y and z. Predict the activity label for the first row in the holdout set.",False,Hist gradient boosting predicts activity 'Sitting' for the first holdout row.,The result is Hist gradient boosting predicts label 'Sitting' for the first holdout row.,False,True,"# sort_by=['timestamp', 'subject_id'] split=878558/1098198 model='hist_gradient_boosting' features=['x', 'y', 'z']
result = ""Hist gradient boosting predicts label 'Sitting' for the first holdout row.""",PASS,1.0,The candidate answer is semantically and factually equivalent to the ground truth.,SOUND,Clear and consistent with the query's requirements.,json,1,False,"{
  ""verdict"": ""PASS"",
  ""reason"": ""The candidate answer is semantically and factually equivalent to the ground truth."",
  ""ground_truth_sanity"": ""SOUND"",
  ""ground_truth_note"": ""Clear and consistent with the query's requirements.""
}"
2,[in_memory_benchmark_run],FF_FULL,17,explicit,"For every subject_id, compute mean acceleration magnitude separately for dynamic activities (Walking, Jogging, Upstairs, Downstairs) and resting activities (Sitting, Standing). Return the subject_id with the largest dynamic-minus-resting mean magnitude.",False,subject_id 24 has the largest dynamic-minus-resting mean magnitude: 4.739240077985.,"The result is {'subject_id': 24, 'dynamic_mean_magnitude': 13.872703393647935, 'resting_mean_magnitude': 9.133463315662746, 'magnitude_difference': 4.739240077985189}",False,True,"df = df[df['activity_label'].notna() & df['activity_label'].astype(str).str.strip().ne('')]
df['acceleration_magnitude'] = (df['x']**2 + df['y']**2 + df['z']**2)**0.5
# PARALLEL_AGGREGATE branches:
branch_0 = df[df['activity_label'].isin(['Downstairs', 'Jogging', 'Upstairs', 'Walking'])].groupby(['subject_id'])['acceleration_magnitude'].mean()
branch_1 = df[df['activity_label'].isin(['Sitting', 'Standing'])].groupby(['subject_id'])['acceleration_magnitude'].mean()
merged = branch_0.merge(branch_1, on=['subject_id'], how='outer')
df['magnitude_difference'] = df['dynamic_mean_magnitude'] - df['resting_mean_magnitude']
idx = df['magnitude_difference'].idxmax(); result = df.loc[idx, ['subject_id', 'dynamic_mean_magnitude', 'resting_mean_magnitude', 'magnitude_difference']].to_dict()",PASS,1.0,"The candidate answer identifies subject_id 24 with a dynamic-minus-resting magnitude difference of 4.739, matching the ground truth.",SOUND,Ground truth is consistent with the candidate's detailed breakdown.,json,2,False,"{
  ""verdict"": ""PASS"",
  ""reason"": ""The candidate answer identifies subject_id 24 with a dynamic-minus-resting magnitude difference of 4.739, matching the ground truth."",
  ""ground_truth_sanity"": ""SOUND"",
  ""ground_truth_note"": ""Ground truth is consistent with the candidate's detailed breakdown.""
}"
2,[in_memory_benchmark_run],FF_FULL,18,explicit,"For every subject_id, compute x-acceleration variance separately while Jogging and while Walking. Return the subject_id for whom Jogging pulls furthest ahead of Walking.",False,subject_id 12 has the most negative Jogging-minus-Walking x-variance difference (Walking exceeds Jogging by the largest margin): -16.746789937351.,The result is: 31,False,True,"df = df[df['activity_label'] != '']
jogging_var = df[df['activity_label'] == 'Jogging'].groupby('subject_id')['x'].var()
walking_var = df[df['activity_label'] == 'Walking'].groupby('subject_id')['x'].var()
var_diff = jogging_var - walking_var
result = var_diff.idxmax()",FAIL,0.0,Candidate answer (31) contradicts ground truth (subject_id 12).,SOUND,"Ground truth provides a clear, specific answer consistent with the query.",json,1,False,"{
  ""verdict"": ""FAIL"",
  ""reason"": ""Candidate answer (31) contradicts ground truth (subject_id 12)."",
  ""ground_truth_sanity"": ""SOUND"",
  ""ground_truth_note"": ""Ground truth provides a clear, specific answer consistent with the query.""
}"
2,[in_memory_benchmark_run],FF_FULL,19,explicit,"For every subject_id, compute mean acceleration magnitude while Jogging and while Walking. Report whether subjects who jog harder also walk harder, ranking subjects consistently across both activities.",False,Yes — subjects who jog harder also tend to walk harder: the Spearman rank correlation between per-subject Jogging and Walking mean magnitudes is 0.703812316716.,"The result is {'subject_id': 23, 'mean_jogging_magnitude': 17.04236300315029, 'mean_walking_magnitude': 12.89231971710706}",False,True,"df = df[df['activity_label'].notna() & df['activity_label'].astype(str).str.strip().ne('')]
df['acceleration_magnitude'] = (df['x']**2 + df['y']**2 + df['z']**2)**0.5
# PARALLEL_AGGREGATE branches:
branch_0 = df[df['activity_label'].isin(['Jogging'])].groupby(['subject_id'])['acceleration_magnitude'].mean()
branch_1 = df[df['activity_label'].isin(['Walking'])].groupby(['subject_id'])['acceleration_magnitude'].mean()
merged = branch_0.merge(branch_1, on=['subject_id'], how='outer')
idx = df['mean_jogging_magnitude'].idxmax(); result = df.loc[idx, ['subject_id', 'mean_jogging_magnitude', 'mean_walking_magnitude']].to_dict()",FAIL,0.0,Candidate provides data for only one subject instead of analyzing all subjects and computing a correlation as required.,SOUND,The ground truth correctly interprets the query by computing per-subject means and assessing rank consistency via Spearman correlation.,json,2,False,"{
  ""verdict"": ""FAIL"",
  ""reason"": ""Candidate provides data for only one subject instead of analyzing all subjects and computing a correlation as required."",
  ""ground_truth_sanity"": ""SOUND"",
  ""ground_truth_note"": ""The ground truth correctly interprets the query by computing per-subject means and assessing rank consistency via Spearman correlation.""
}"
2,[in_memory_benchmark_run],FF_FULL,20,explicit,"For every subject_id, derive elapsed seconds from timestamp, then compute total locomotion duration (Walking, Jogging, Upstairs, Downstairs) and total resting duration (Sitting, Standing). Among subjects with more locomotion than resting time, return the subject_id with the largest locomotion-minus-resting duration.",False,subject_id 19 has the largest positive locomotion-minus-resting duration: 131091.171906999982 seconds.,"The result is {'subject_id': 19, 'locomotion_duration': 131357.35168599998, 'resting_duration': 266.179779, 'duration_delta': 131091.17190699998}",False,True,"df = df[df['activity_label'].notna() & df['activity_label'].astype(str).str.strip().ne('')]
df = df.sort_values(['subject_id', 'timestamp']); df['dt_s'] = df.groupby(['subject_id'])['timestamp'].diff().dt.total_seconds().clip(lower=0).fillna(0.0)
# PARALLEL_AGGREGATE branches:
branch_0 = df[df['activity_label'].isin(['Downstairs', 'Jogging', 'Upstairs', 'Walking'])].groupby(['subject_id'])['dt_s'].sum()
branch_1 = df[df['activity_label'].isin(['Sitting', 'Standing'])].groupby(['subject_id'])['dt_s'].sum()
merged = branch_0.merge(branch_1, on=['subject_id'], how='outer')
merged[['locomotion_duration', 'resting_duration']] = merged[['locomotion_duration', 'resting_duration']].fillna(0)
df['duration_delta'] = df['locomotion_duration'] - df['resting_duration']
df = df[df['duration_delta'] > 0]
idx = df['duration_delta'].idxmax(); result = df.loc[idx, ['subject_id', 'locomotion_duration', 'resting_duration', 'duration_delta']].to_dict()",PASS,1.0,"The candidate answer identifies subject_id 19 with a locomotion-minus-resting duration of 131091.172 seconds, matching the ground truth.",SOUND,Ground truth is consistent with the computed result.,json,3,False,"{
  ""verdict"": ""PASS"",
  ""reason"": ""The candidate answer identifies subject_id 19 with a locomotion-minus-resting duration of 131091.172 seconds, matching the ground truth."",
  ""ground_truth_sanity"": ""SOUND"",
  ""ground_truth_note"": ""Ground truth is consistent with the computed result.""
}"
2,[in_memory_benchmark_run],FF_NO_CACHE,1,explicit,What is the maximum recorded x-acceleration for user 15?,False,Maximum x-acceleration for user 15 is 19.5700.,The result is 19.57,False,True,"df = df[df['subject_id'] == 15]
result = df['x'].max()",PASS,1.0,The candidate answer matches the ground truth value exactly.,SOUND,Clear and precise numeric answer.,json,1,False,"{
  ""verdict"": ""PASS"",
  ""reason"": ""The candidate answer matches the ground truth value exactly."",
  ""ground_truth_sanity"": ""SOUND"",
  ""ground_truth_note"": ""Clear and precise numeric answer.""
}"
2,[in_memory_benchmark_run],FF_NO_CACHE,2,explicit,How many users have the activity label walking?,False,Total users Walking in the dataset: 36.,The result is 36,False,True,"df = df[df['activity_label'].notna() & df['activity_label'].astype(str).str.strip().ne('')]
df = df[df['activity_label'] == 'Walking']
result = df['subject_id'].nunique()",PASS,1.0,The candidate answer '36' matches the ground truth '36' in both value and context.,SOUND,Clear and consistent with the query.,json,1,False,"{
  ""verdict"": ""PASS"",
  ""reason"": ""The candidate answer '36' matches the ground truth '36' in both value and context."",
  ""ground_truth_sanity"": ""SOUND"",
  ""ground_truth_note"": ""Clear and consistent with the query.""
}"
2,[in_memory_benchmark_run],FF_NO_CACHE,3,explicit,What is the average y-acceleration of user 5 with activity label Sitting?,False,Average y-acceleration for user 5 during Sitting is 3.0414.,The result is 3.0414423076923076,False,True,"df = df[df['subject_id'] == 5]
df = df[df['activity_label'] == 'Sitting']
result = df['y'].mean()",PASS,1.0,The candidate answer matches the ground truth value exactly.,SOUND,Value is consistent with query context.,json,1,False,"{
  ""verdict"": ""PASS"",
  ""reason"": ""The candidate answer matches the ground truth value exactly."",
  ""ground_truth_sanity"": ""SOUND"",
  ""ground_truth_note"": ""Value is consistent with query context.""
}"
2,[in_memory_benchmark_run],FF_NO_CACHE,4,explicit,Which user has the highest total number of recorded data samples?,False,User with the highest sample count is 20 with 56632 samples.,"The result is {'subject_id': 20, 'count': 56632}",False,True,"result = df.groupby('subject_id').size()
result = result.idxmax()",PASS,1.0,"The candidate answer identifies user 20 with 56632 samples, matching the ground truth.",SOUND,Clear and consistent with typical data summary format.,json,1,False,"{
  ""verdict"": ""PASS"",
  ""reason"": ""The candidate answer identifies user 20 with 56632 samples, matching the ground truth."",
  ""ground_truth_sanity"": ""SOUND"",
  ""ground_truth_note"": ""Clear and consistent with typical data summary format.""
}"
2,[in_memory_benchmark_run],FF_NO_CACHE,5,explicit,"Compare the overall acceleration magnitude between dynamic (walking,jogging,upstairs,downstairs) and resting (sitting,standing) states.",False,"Average magnitude for dynamic activities (walking,jogging,upstairs,downstairs) is 11.9625; resting activities (sitting,standing) is 9.8328; difference (dynamic-resting) is 2.1297.","The result is {'higher': 'dynamic', 'lower': 'resting', 'metric': 'mean acceleration_magnitude', 'dynamic': 11.962538760453763, 'resting': 9.832791762650903, 'difference': 2.12974699780286}",False,True,"df = df[df['activity_label'].notna() & df['activity_label'].astype(str).str.strip().ne('')]
df['acceleration_magnitude'] = (df['x']**2 + df['y']**2 + df['z']**2)**0.5
dynamic = df[df['activity_label'].isin(['Downstairs', 'Jogging', 'Upstairs', 'Walking'])]
resting = df[df['activity_label'].isin(['Sitting', 'Standing'])]
result = {label: agg(partition) for label in partitions}
result = compare(dynamic, resting, mode='difference')",PASS,1.0,The candidate answer provides the same numerical values and correctly identifies dynamic activities as having higher acceleration magnitude than resting activities.,SOUND,Values and interpretation align with typical accelerometer data patterns.,json,1,False,"{
  ""verdict"": ""PASS"",
  ""reason"": ""The candidate answer provides the same numerical values and correctly identifies dynamic activities as having higher acceleration magnitude than resting activities."",
  ""ground_truth_sanity"": ""SOUND"",
  ""ground_truth_note"": ""Values and interpretation align with typical accelerometer data patterns.""
}"
2,[in_memory_benchmark_run],FF_NO_CACHE,6,explicit,"Identify the user whose total recorded duration of resting states (sitting,standing) exceeds their duration of dynamic movements (walking,jogging,upstairs,downstairs) by the largest margin.",False,"Users [20, 6, 16] have total stationary duration (sitting, standing) exceeding locomotion duration (walking, jogging, upstairs, downstairs). User 20 has the largest margin (delta=54004.34s).","The result is {'subject_id': 20, 'resting_duration': 56906.660065, 'dynamic_duration': 2902.322246, 'duration_margin': 54004.33781899999}",False,True,"df = df[df['activity_label'].notna() & df['activity_label'].astype(str).str.strip().ne('')]
df = df.sort_values(['subject_id', 'timestamp']); df['dt_s'] = df.groupby(['subject_id'])['timestamp'].diff().dt.total_seconds().clip(lower=0).fillna(0.0)
# PARALLEL_AGGREGATE branches:
branch_0 = df[df['activity_label'].isin(['Sitting', 'Standing'])].groupby(['subject_id'])['dt_s'].sum()
branch_1 = df[df['activity_label'].isin(['Downstairs', 'Jogging', 'Upstairs', 'Walking'])].groupby(['subject_id'])['dt_s'].sum()
merged = branch_0.merge(branch_1, on=['subject_id'], how='outer')
merged[['resting_duration', 'dynamic_duration']] = merged[['resting_duration', 'dynamic_duration']].fillna(0)
df['duration_margin'] = df['resting_duration'] - df['dynamic_duration']
df = df[df['duration_margin'] > 0]
idx = df['duration_margin'].idxmax(); result = df.loc[idx, ['subject_id', 'resting_duration', 'dynamic_duration', 'duration_margin']].to_dict()",PASS,1.0,"The candidate correctly identifies user 20 as having the largest margin, with a duration difference matching the ground truth within acceptable rounding.",SOUND,Ground truth is consistent with the data and query.,json,1,False,"{
  ""verdict"": ""PASS"",
  ""reason"": ""The candidate correctly identifies user 20 as having the largest margin, with a duration difference matching the ground truth within acceptable rounding."",
  ""ground_truth_sanity"": ""SOUND"",
  ""ground_truth_note"": ""Ground truth is consistent with the data and query.""
}"
2,[in_memory_benchmark_run],FF_NO_CACHE,7,explicit,What is the median acceleration magnitude for user 20 with activity label Upstairs?,False,Median net acceleration vector length for user 20 while ascending steps is 9.8931.,The result is 9.893086174221672,False,True,"df = df[df['subject_id'] == 20]
df = df[df['activity_label'] == 'Upstairs']
df['acceleration_magnitude'] = (df['x']**2 + df['y']**2 + df['z']**2)**0.5
result = df['acceleration_magnitude'].median()",PASS,1.0,The candidate answer matches the ground truth value exactly.,SOUND,Clear and consistent with the query.,json,4,False,"{
  ""verdict"": ""PASS"",
  ""reason"": ""The candidate answer matches the ground truth value exactly."",
  ""ground_truth_sanity"": ""SOUND"",
  ""ground_truth_note"": ""Clear and consistent with the query.""
}"
2,[in_memory_benchmark_run],FF_NO_CACHE,8,explicit,Calculate the absolute difference between the mean z-axis acceleration of activity labels Upstairs and Downstairs.,False,Average z for ascending elevation changes is 0.3235; descending is 0.6841; absolute difference (ascending-descending) is 0.3605.,"The result is {'higher': 'downstairs', 'lower': 'upstairs', 'metric': 'mean z', 'upstairs': 0.323542237509624, 'downstairs': 0.6840876229507197, 'abs_difference': 0.36054538544109566}",False,True,"df = df[df['activity_label'].notna() & df['activity_label'].astype(str).str.strip().ne('')]
upstairs = df[df['activity_label'].isin(['Upstairs'])]
downstairs = df[df['activity_label'].isin(['Downstairs'])]
result = {label: agg(partition) for label in partitions}
result = compare(upstairs, downstairs, mode='abs_difference')",PASS,1.0,The candidate provides the same mean z values and absolute difference (0.361 ≈ 0.36) as the ground truth.,SOUND,Values are consistent and correctly interpreted.,json,3,False,"{
  ""verdict"": ""PASS"",
  ""reason"": ""The candidate provides the same mean z values and absolute difference (0.361 ≈ 0.36) as the ground truth."",
  ""ground_truth_sanity"": ""SOUND"",
  ""ground_truth_note"": ""Values are consistent and correctly interpreted.""
}"
2,[in_memory_benchmark_run],FF_NO_CACHE,13,explicit,"Sort all WISDM rows by timestamp in ascending order, using subject_id as the tie-breaker. Use the first 80% of rows for training and the final 20% as the chronological holdout. Train a logistic regression model using the features x, y and z. Predict the activity label for the first row in the holdout set.",False,Logistic regression predicts activity 'Jogging' for the first holdout row.,The result is Logistic regression predicts label 'Jogging' for the first holdout row.,False,True,"# sort_by=['timestamp', 'subject_id'] split=878558/1098198 model='logistic_regression' features=['x', 'y', 'z']
result = ""Logistic regression predicts label 'Jogging' for the first holdout row.""",PASS,1.0,The candidate answer is semantically and factually equivalent to the ground truth.,SOUND,Clear and consistent with the query's requirements.,json,1,False,"{
  ""verdict"": ""PASS"",
  ""reason"": ""The candidate answer is semantically and factually equivalent to the ground truth."",
  ""ground_truth_sanity"": ""SOUND"",
  ""ground_truth_note"": ""Clear and consistent with the query's requirements.""
}"
2,[in_memory_benchmark_run],FF_NO_CACHE,14,explicit,"Sort all WISDM rows by timestamp in ascending order, using subject_id as the tie-breaker. Use the first 80% of rows for training and the final 20% as the chronological holdout. Train a random forest model using the features x, y and z. Predict the activity label for the first row in the holdout set.",False,Random forest predicts activity 'Sitting' for the first holdout row.,The result is Random forest predicts label 'Sitting' for the first holdout row.,False,True,"# sort_by=['timestamp', 'subject_id'] split=878558/1098198 model='random_forest' features=['x', 'y', 'z']
result = ""Random forest predicts label 'Sitting' for the first holdout row.""",PASS,1.0,The candidate answer is semantically and factually equivalent to the ground truth.,SOUND,Clear and consistent with the query's requirements.,json,1,False,"{
  ""verdict"": ""PASS"",
  ""reason"": ""The candidate answer is semantically and factually equivalent to the ground truth."",
  ""ground_truth_sanity"": ""SOUND"",
  ""ground_truth_note"": ""Clear and consistent with the query's requirements.""
}"
2,[in_memory_benchmark_run],FF_NO_CACHE,15,explicit,"Sort all WISDM rows by timestamp in ascending order, using subject_id as the tie-breaker. Use the first 80% of rows for training and the final 20% as the chronological holdout. Train a 1-nearest-neighbor model using the features x, y and z. Predict the activity label for the first row in the holdout set.",False,1-nearest-neighbor predicts activity 'Sitting' for the first holdout row.,The result is 1-nearest-neighbor predicts label 'Sitting' for the first holdout row.,False,True,"# sort_by=['timestamp', 'subject_id'] split=878558/1098198 model='one_nearest_neighbor' features=['x', 'y', 'z']
result = ""1-nearest-neighbor predicts label 'Sitting' for the first holdout row.""",PASS,1.0,The candidate answer is semantically and factually equivalent to the ground truth.,SOUND,Clear and consistent with the query's requirements.,json,1,False,"{
  ""verdict"": ""PASS"",
  ""reason"": ""The candidate answer is semantically and factually equivalent to the ground truth."",
  ""ground_truth_sanity"": ""SOUND"",
  ""ground_truth_note"": ""Clear and consistent with the query's requirements.""
}"
2,[in_memory_benchmark_run],FF_NO_CACHE,16,explicit,"Sort all WISDM rows by timestamp in ascending order, using subject_id as the tie-breaker. Use the first 80% of rows for training and the final 20% as the chronological holdout. Train a hist gradient boosting model using the features x, y and z. Predict the activity label for the first row in the holdout set.",False,Hist gradient boosting predicts activity 'Sitting' for the first holdout row.,The result is Hist gradient boosting predicts label 'Sitting' for the first holdout row.,False,True,"# sort_by=['timestamp', 'subject_id'] split=878558/1098198 model='hist_gradient_boosting' features=['x', 'y', 'z']
result = ""Hist gradient boosting predicts label 'Sitting' for the first holdout row.""",PASS,1.0,The candidate answer is semantically and factually equivalent to the ground truth.,SOUND,Clear and consistent with the query's requirements.,json,3,False,"{
  ""verdict"": ""PASS"",
  ""reason"": ""The candidate answer is semantically and factually equivalent to the ground truth."",
  ""ground_truth_sanity"": ""SOUND"",
  ""ground_truth_note"": ""Clear and consistent with the query's requirements.""
}"
2,[in_memory_benchmark_run],FF_NO_CACHE,17,explicit,"For every subject_id, compute mean acceleration magnitude separately for dynamic activities (Walking, Jogging, Upstairs, Downstairs) and resting activities (Sitting, Standing). Return the subject_id with the largest dynamic-minus-resting mean magnitude.",False,subject_id 24 has the largest dynamic-minus-resting mean magnitude: 4.739240077985.,"The result is {'subject_id': 24, 'dynamic_mean_magnitude': 13.872703393647935, 'resting_mean_magnitude': 9.133463315662746, 'magnitude_difference': 4.739240077985189}",False,True,"df = df[df['activity_label'].notna() & df['activity_label'].astype(str).str.strip().ne('')]
df['acceleration_magnitude'] = (df['x']**2 + df['y']**2 + df['z']**2)**0.5
# PARALLEL_AGGREGATE branches:
branch_0 = df[df['activity_label'].isin(['Downstairs', 'Jogging', 'Upstairs', 'Walking'])].groupby(['subject_id'])['acceleration_magnitude'].mean()
branch_1 = df[df['activity_label'].isin(['Sitting', 'Standing'])].groupby(['subject_id'])['acceleration_magnitude'].mean()
merged = branch_0.merge(branch_1, on=['subject_id'], how='outer')
df['magnitude_difference'] = df['dynamic_mean_magnitude'] - df['resting_mean_magnitude']
idx = df['magnitude_difference'].idxmax(); result = df.loc[idx, ['subject_id', 'dynamic_mean_magnitude', 'resting_mean_magnitude', 'magnitude_difference']].to_dict()",PASS,1.0,"The candidate answer identifies subject_id 24 with a dynamic-minus-resting magnitude difference of 4.739, matching the ground truth.",SOUND,Ground truth is consistent with the candidate's detailed breakdown.,json,2,False,"{
  ""verdict"": ""PASS"",
  ""reason"": ""The candidate answer identifies subject_id 24 with a dynamic-minus-resting magnitude difference of 4.739, matching the ground truth."",
  ""ground_truth_sanity"": ""SOUND"",
  ""ground_truth_note"": ""Ground truth is consistent with the candidate's detailed breakdown.""
}"
2,[in_memory_benchmark_run],FF_NO_CACHE,18,explicit,"For every subject_id, compute x-acceleration variance separately while Jogging and while Walking. Return the subject_id for whom Jogging pulls furthest ahead of Walking.",False,subject_id 12 has the most negative Jogging-minus-Walking x-variance difference (Walking exceeds Jogging by the largest margin): -16.746789937351.,The result is: 31,False,True,"df = df[df['activity_label'] != '']
jogging_var = df[df['activity_label'] == 'Jogging'].groupby('subject_id')['x'].var()
walking_var = df[df['activity_label'] == 'Walking'].groupby('subject_id')['x'].var()
diff = jogging_var - walking_var
result = diff.idxmax()",FAIL,0.0,Candidate answer (31) does not match the ground truth (subject_id 12).,SOUND,"Ground truth provides a clear, specific answer consistent with the query.",json,2,False,"{
  ""verdict"": ""FAIL"",
  ""reason"": ""Candidate answer (31) does not match the ground truth (subject_id 12)."",
  ""ground_truth_sanity"": ""SOUND"",
  ""ground_truth_note"": ""Ground truth provides a clear, specific answer consistent with the query.""
}"
2,[in_memory_benchmark_run],FF_NO_CACHE,19,explicit,"For every subject_id, compute mean acceleration magnitude while Jogging and while Walking. Report whether subjects who jog harder also walk harder, ranking subjects consistently across both activities.",False,Yes — subjects who jog harder also tend to walk harder: the Spearman rank correlation between per-subject Jogging and Walking mean magnitudes is 0.703812316716.,"The result is {'subject_id': 23, 'mean_jogging_mag': 17.04236300315029, 'mean_walking_mag': 12.89231971710706}",False,True,"df = df[df['activity_label'].notna() & df['activity_label'].astype(str).str.strip().ne('')]
df['acceleration_magnitude'] = (df['x']**2 + df['y']**2 + df['z']**2)**0.5
# PARALLEL_AGGREGATE branches:
branch_0 = df[df['activity_label'].isin(['Jogging'])].groupby(['subject_id'])['acceleration_magnitude'].mean()
branch_1 = df[df['activity_label'].isin(['Walking'])].groupby(['subject_id'])['acceleration_magnitude'].mean()
merged = branch_0.merge(branch_1, on=['subject_id'], how='outer')
idx = df['mean_jogging_mag'].idxmax(); result = df.loc[idx, ['subject_id', 'mean_jogging_mag', 'mean_walking_mag']].to_dict()",FAIL,0.0,Candidate provides data for only one subject instead of analyzing all subjects and computing correlation as required.,SOUND,Ground truth correctly interprets the query by computing per-subject means and assessing rank correlation.,json,2,False,"{
  ""verdict"": ""FAIL"",
  ""reason"": ""Candidate provides data for only one subject instead of analyzing all subjects and computing correlation as required."",
  ""ground_truth_sanity"": ""SOUND"",
  ""ground_truth_note"": ""Ground truth correctly interprets the query by computing per-subject means and assessing rank correlation.""
}"
2,[in_memory_benchmark_run],FF_NO_CACHE,20,explicit,"For every subject_id, derive elapsed seconds from timestamp, then compute total locomotion duration (Walking, Jogging, Upstairs, Downstairs) and total resting duration (Sitting, Standing). Among subjects with more locomotion than resting time, return the subject_id with the largest locomotion-minus-resting duration.",False,subject_id 19 has the largest positive locomotion-minus-resting duration: 131091.171906999982 seconds.,"The result is {'subject_id': 19, 'locomotion_duration': 131357.35168599998, 'resting_duration': 266.179779, 'duration_delta': 131091.17190699998}",False,True,"df = df[df['activity_label'].notna() & df['activity_label'].astype(str).str.strip().ne('')]
df = df.sort_values(['subject_id', 'timestamp']); df['dt_s'] = df.groupby(['subject_id'])['timestamp'].diff().dt.total_seconds().clip(lower=0).fillna(0.0)
# PARALLEL_AGGREGATE branches:
branch_0 = df[df['activity_label'].isin(['Downstairs', 'Jogging', 'Upstairs', 'Walking'])].groupby(['subject_id'])['dt_s'].sum()
branch_1 = df[df['activity_label'].isin(['Sitting', 'Standing'])].groupby(['subject_id'])['dt_s'].sum()
merged = branch_0.merge(branch_1, on=['subject_id'], how='outer')
merged[['locomotion_duration', 'resting_duration']] = merged[['locomotion_duration', 'resting_duration']].fillna(0)
df['duration_delta'] = df['locomotion_duration'] - df['resting_duration']
df = df[df['duration_delta'] > 0]
idx = df['duration_delta'].idxmax(); result = df.loc[idx, ['subject_id', 'locomotion_duration', 'resting_duration', 'duration_delta']].to_dict()",PASS,1.0,"The candidate answer identifies subject_id 19 with a locomotion-minus-resting duration of 131091.172 seconds, matching the ground truth.",SOUND,Ground truth is consistent with the computed delta in the candidate answer.,json,1,False,"{
  ""verdict"": ""PASS"",
  ""reason"": ""The candidate answer identifies subject_id 19 with a locomotion-minus-resting duration of 131091.172 seconds, matching the ground truth."",
  ""ground_truth_sanity"": ""SOUND"",
  ""ground_truth_note"": ""Ground truth is consistent with the computed delta in the candidate answer.""
}"
2,[in_memory_benchmark_run],FF_NO_PROMPT,1,explicit,What is the maximum recorded x-acceleration for user 15?,False,Maximum x-acceleration for user 15 is 19.5700.,The result is 19.57,False,True,"df = df[df['subject_id'].isin([15])]
result = df['x'].max()",PASS,1.0,The candidate answer matches the ground truth value exactly.,SOUND,Clear and precise numeric answer consistent with the query.,json,1,False,"{
  ""verdict"": ""PASS"",
  ""reason"": ""The candidate answer matches the ground truth value exactly."",
  ""ground_truth_sanity"": ""SOUND"",
  ""ground_truth_note"": ""Clear and precise numeric answer consistent with the query.""
}"
2,[in_memory_benchmark_run],FF_NO_PROMPT,2,explicit,How many users have the activity label walking?,False,Total users Walking in the dataset: 36.,The result is 36,False,True,"df = df[df['activity_label'].notna() & df['activity_label'].astype(str).str.strip().ne('')]
df = df[df['activity_label'].isin(['Walking'])]
result = df['subject_id'].nunique()",PASS,1.0,The candidate answer '36' matches the ground truth '36' in both fact and meaning.,SOUND,Clear and consistent with the query.,json,1,False,"{
  ""verdict"": ""PASS"",
  ""reason"": ""The candidate answer '36' matches the ground truth '36' in both fact and meaning."",
  ""ground_truth_sanity"": ""SOUND"",
  ""ground_truth_note"": ""Clear and consistent with the query.""
}"
2,[in_memory_benchmark_run],FF_NO_PROMPT,3,explicit,What is the average y-acceleration of user 5 with activity label Sitting?,False,Average y-acceleration for user 5 during Sitting is 3.0414.,The result is: 3.0414423076923076,False,True,result = df[(df['subject_id'] == 5) & (df['activity_label'] == 'Sitting')]['y'].mean(),PASS,1.0,The candidate answer matches the ground truth value exactly.,SOUND,The ground truth provides a clear and plausible numeric value.,json,1,False,"{
  ""verdict"": ""PASS"",
  ""reason"": ""The candidate answer matches the ground truth value exactly."",
  ""ground_truth_sanity"": ""SOUND"",
  ""ground_truth_note"": ""The ground truth provides a clear and plausible numeric value.""
}"
2,[in_memory_benchmark_run],FF_NO_PROMPT,4,explicit,Which user has the highest total number of recorded data samples?,False,User with the highest sample count is 20 with 56632 samples.,"The result is {'subject_id': 20, 'count': 56632}",False,True,"result = df.groupby('subject_id').size()
result = result.idxmax()",PASS,1.0,"The candidate answer identifies user 20 with 56632 samples, matching the ground truth.",SOUND,Clear and consistent with typical data aggregation results.,json,1,False,"{
  ""verdict"": ""PASS"",
  ""reason"": ""The candidate answer identifies user 20 with 56632 samples, matching the ground truth."",
  ""ground_truth_sanity"": ""SOUND"",
  ""ground_truth_note"": ""Clear and consistent with typical data aggregation results.""
}"
2,[in_memory_benchmark_run],FF_NO_PROMPT,5,explicit,"Compare the overall acceleration magnitude between dynamic (walking,jogging,upstairs,downstairs) and resting (sitting,standing) states.",False,"Average magnitude for dynamic activities (walking,jogging,upstairs,downstairs) is 11.9625; resting activities (sitting,standing) is 9.8328; difference (dynamic-resting) is 2.1297.","The result is: {""dynamic_mean_acceleration"": 11.962538760453763, ""resting_mean_acceleration"": 9.832791762650903, ""difference"": 2.12974699780286}",False,True,"# Filter out any rows with empty activity_label
df = df[df['activity_label'] != '']

# Define dynamic and resting states
dynamic_states = ['Walking', 'Jogging', 'Upstairs', 'Downstairs']
resting_states = ['Sitting', 'Standing']

# Compute acceleration magnitude
df['acceleration_magnitude'] = (df['x']**2 + df['y']**2 + df['z']**2)**0.5

# Separate dynamic and resting data
dynamic_df = df[df['activity_label'].isin(dynamic_states)]
resting_df = df[df['activity_label'].isin(resting_states)]

# Compute overall mean acceleration magnitude for each group
dynamic_mean = dynamic_df['acceleration_magnitude'].mean()
resting_mean = resting_df['acceleration_magnitude'].mean()

# Return comparison as a dictionary
result = {
    'dynamic_mean_acceleration': dynamic_mean,
    'resting_mean_acceleration': resting_mean,
    'difference': dynamic_mean - resting_mean
}",PASS,1.0,The candidate answer provides the same numerical values and comparison as the ground truth.,SOUND,Values are consistent and appropriately contextualized.,json,1,False,"{
  ""verdict"": ""PASS"",
  ""reason"": ""The candidate answer provides the same numerical values and comparison as the ground truth."",
  ""ground_truth_sanity"": ""SOUND"",
  ""ground_truth_note"": ""Values are consistent and appropriately contextualized.""
}"
2,[in_memory_benchmark_run],FF_NO_PROMPT,7,explicit,What is the median acceleration magnitude for user 20 with activity label Upstairs?,False,Median net acceleration vector length for user 20 while ascending steps is 9.8931.,The result is 9.893086174221672,False,True,"df = df[df['subject_id'].isin([20])]
df = df[df['activity_label'].isin(['Upstairs'])]
df['acceleration_magnitude'] = (df['x']**2 + df['y']**2 + df['z']**2)**0.5
result = df['acceleration_magnitude'].median()",FAIL,0.0,Judge infrastructure fallback: unable to obtain valid JSON verdict after retries (invoke_error:TooManyRequestsResponseError:Rate limit exceeded: qwen/qwen3-max/5e31ba3c-d5bf-4ced-a52d-96e2e6635f95. High demand for qwen/qwen3-max on OpenRouter - limited to 20 requests per minute. Please retry shortly.).,,,fallback:invalid:invoke_error:TooManyRequestsResponseError:Rate limit exceeded: qwen/qwen3-max/5e31ba3c-d5bf-4ced-a52d-96e2e6635f95. High demand for qwen/qwen3-max on OpenRouter - limited to 20 requests per minute. Please retry shortly.,4,False,
2,[in_memory_benchmark_run],FF_NO_PROMPT,8,explicit,Calculate the absolute difference between the mean z-axis acceleration of activity labels Upstairs and Downstairs.,False,Average z for ascending elevation changes is 0.3235; descending is 0.6841; absolute difference (ascending-descending) is 0.3605.,The result is: 0.36054538544109566,False,True,"# Filter out empty activity labels
df_filtered = df[df['activity_label'] != '']

# Calculate mean z-axis acceleration for Upstairs and Downstairs
mean_upstairs = df_filtered[df_filtered['activity_label'] == 'Upstairs']['z'].mean()
mean_downstairs = df_filtered[df_filtered['activity_label'] == 'Downstairs']['z'].mean()

# Calculate absolute difference
result = abs(mean_upstairs - mean_downstairs)",PASS,1.0,The candidate answer 0.361 is within 0.01 of the ground truth 0.36 and represents the same absolute difference.,SOUND,Values and calculation are consistent with the query.,json,1,False,"{
  ""verdict"": ""PASS"",
  ""reason"": ""The candidate answer 0.361 is within 0.01 of the ground truth 0.36 and represents the same absolute difference."",
  ""ground_truth_sanity"": ""SOUND"",
  ""ground_truth_note"": ""Values and calculation are consistent with the query.""
}"
2,[in_memory_benchmark_run],FF_NO_PROMPT,13,explicit,"Sort all WISDM rows by timestamp in ascending order, using subject_id as the tie-breaker. Use the first 80% of rows for training and the final 20% as the chronological holdout. Train a logistic regression model using the features x, y and z. Predict the activity label for the first row in the holdout set.",False,Logistic regression predicts activity 'Jogging' for the first holdout row.,The result is Logistic regression predicts activity_label '1' for the first holdout row.,False,True,"df = df[df['activity_label'].notna() & df['activity_label'].astype(str).str.strip().ne('')]
# sort_by=['timestamp', 'subject_id'] split=878558/1098198 model='logistic_regression' features=['x', 'y', 'z']
result = ""Logistic regression predicts activity_label '1' for the first holdout row.""",FAIL,0.0,"The candidate answer uses a numeric label '1' while the ground truth specifies the activity name 'Jogging', and they are not confirmed to be equivalent.",SOUND,"Assumes standard WISDM labeling where 'Jogging' corresponds to label '1'; however, without explicit confirmation, numeric and string labels aren't automatically equivalent.",json,3,False,"{
  ""verdict"": ""FAIL"",
  ""reason"": ""The candidate answer uses a numeric label '1' while the ground truth specifies the activity name 'Jogging', and they are not confirmed to be equivalent."",
  ""ground_truth_sanity"": ""SOUND"",
  ""ground_truth_note"": ""Assumes standard WISDM labeling where 'Jogging' corresponds to label '1'; however, without explicit confirmation, numeric and string labels aren't automatically equivalent.""
}"
2,[in_memory_benchmark_run],FF_NO_PROMPT,14,explicit,"Sort all WISDM rows by timestamp in ascending order, using subject_id as the tie-breaker. Use the first 80% of rows for training and the final 20% as the chronological holdout. Train a random forest model using the features x, y and z. Predict the activity label for the first row in the holdout set.",False,Random forest predicts activity 'Sitting' for the first holdout row.,The result is Random forest predicts activity_label '1' for the first holdout row.,False,True,"df = df[df['activity_label'].notna() & df['activity_label'].astype(str).str.strip().ne('')]
# sort_by=['timestamp', 'subject_id'] split=878558/1098198 model='random_forest' features=['x', 'y', 'z']
result = ""Random forest predicts activity_label '1' for the first holdout row.""",FAIL,0.0,"The candidate answer uses a numeric label '1' while the ground truth specifies the activity name 'Sitting', and they are not confirmed to be equivalent.",SOUND,Assumes standard WISDM labeling where 'Sitting' corresponds to a known string label.,json,3,False,"{
  ""verdict"": ""FAIL"",
  ""reason"": ""The candidate answer uses a numeric label '1' while the ground truth specifies the activity name 'Sitting', and they are not confirmed to be equivalent."",
  ""ground_truth_sanity"": ""SOUND"",
  ""ground_truth_note"": ""Assumes standard WISDM labeling where 'Sitting' corresponds to a known string label.""
}"
2,[in_memory_benchmark_run],FF_NO_PROMPT,15,explicit,"Sort all WISDM rows by timestamp in ascending order, using subject_id as the tie-breaker. Use the first 80% of rows for training and the final 20% as the chronological holdout. Train a 1-nearest-neighbor model using the features x, y and z. Predict the activity label for the first row in the holdout set.",False,1-nearest-neighbor predicts activity 'Sitting' for the first holdout row.,The result is 1-nearest-neighbor predicts activity_label '1' for the first holdout row.,False,True,"df = df[df['activity_label'].notna() & df['activity_label'].astype(str).str.strip().ne('')]
# sort_by=['timestamp', 'subject_id'] split=878558/1098198 model='one_nearest_neighbor' features=['x', 'y', 'z']
result = ""1-nearest-neighbor predicts activity_label '1' for the first holdout row.""",PASS,1.0,Deterministic override: candidate contains the same primary numeric value as ground truth.,SOUND,Assumes standard WISDM label encoding where 'Sitting' corresponds to a known string label.,json,1,True,"{
  ""verdict"": ""FAIL"",
  ""reason"": ""The candidate answer uses activity label '1' while the ground truth specifies 'Sitting', which are not semantically equivalent without a provided label mapping."",
  ""ground_truth_sanity"": ""SOUND"",
  ""ground_truth_note"": ""Assumes standard WISDM label encoding where 'Sitting' corresponds to a known string label.""
}"
2,[in_memory_benchmark_run],FF_NO_PROMPT,16,explicit,"Sort all WISDM rows by timestamp in ascending order, using subject_id as the tie-breaker. Use the first 80% of rows for training and the final 20% as the chronological holdout. Train a hist gradient boosting model using the features x, y and z. Predict the activity label for the first row in the holdout set.",False,Hist gradient boosting predicts activity 'Sitting' for the first holdout row.,The result is Hist gradient boosting predicts activity_label '1' for the first holdout row.,False,True,"df = df[df['activity_label'].notna() & df['activity_label'].astype(str).str.strip().ne('')]
# sort_by=['timestamp', 'subject_id'] split=878558/1098198 model='hist_gradient_boosting' features=['x', 'y', 'z']
result = ""Hist gradient boosting predicts activity_label '1' for the first holdout row.""",FAIL,0.0,"The candidate answer uses label '1' while the ground truth specifies activity 'Sitting', and without confirmation that '1' maps to 'Sitting', they are not semantically equivalent.",SOUND,Assumes standard WISDM label encoding where 'Sitting' corresponds to a known integer label.,json,3,False,"{
  ""verdict"": ""FAIL"",
  ""reason"": ""The candidate answer uses label '1' while the ground truth specifies activity 'Sitting', and without confirmation that '1' maps to 'Sitting', they are not semantically equivalent."",
  ""ground_truth_sanity"": ""SOUND"",
  ""ground_truth_note"": ""Assumes standard WISDM label encoding where 'Sitting' corresponds to a known integer label.""
}"
2,[in_memory_benchmark_run],FF_NO_PROMPT,17,explicit,"For every subject_id, compute mean acceleration magnitude separately for dynamic activities (Walking, Jogging, Upstairs, Downstairs) and resting activities (Sitting, Standing). Return the subject_id with the largest dynamic-minus-resting mean magnitude.",False,subject_id 24 has the largest dynamic-minus-resting mean magnitude: 4.739240077985.,The result is: 24,False,True,"df = df[df['activity_label'] != '']
df['acc_magnitude'] = (df['x']**2 + df['y']**2 + df['z']**2)**0.5
dynamic_activities = ['Walking', 'Jogging', 'Upstairs', 'Downstairs']
resting_activities = ['Sitting', 'Standing']
df_dynamic = df[df['activity_label'].isin(dynamic_activities)]
df_resting = df[df['activity_label'].isin(resting_activities)]
mean_dynamic = df_dynamic.groupby('subject_id')['acc_magnitude'].mean()
mean_resting = df_resting.groupby('subject_id')['acc_magnitude'].mean()
diff = mean_dynamic - mean_resting
result = diff.idxmax()",PASS,1.0,"The candidate answer '24' matches the ground truth subject_id 24, which is the correct response to the query.",SOUND,Ground truth provides a clear and plausible answer consistent with the query.,json,2,False,"{
  ""verdict"": ""PASS"",
  ""reason"": ""The candidate answer '24' matches the ground truth subject_id 24, which is the correct response to the query."",
  ""ground_truth_sanity"": ""SOUND"",
  ""ground_truth_note"": ""Ground truth provides a clear and plausible answer consistent with the query.""
}"
2,[in_memory_benchmark_run],FF_NO_PROMPT,18,explicit,"For every subject_id, compute x-acceleration variance separately while Jogging and while Walking. Return the subject_id for whom Jogging pulls furthest ahead of Walking.",False,subject_id 12 has the most negative Jogging-minus-Walking x-variance difference (Walking exceeds Jogging by the largest margin): -16.746789937351.,"The result is {'subject_id': 8, 'jogging_var': 126.69033515064194}",False,True,"df = df[df['activity_label'].notna() & df['activity_label'].astype(str).str.strip().ne('')]
# PARALLEL_AGGREGATE branches:
branch_0 = df[df['activity_label'].isin(['Jogging'])].groupby(['subject_id'])['x'].var()
branch_1 = df[df['activity_label'].isin(['Walking'])].groupby(['subject_id'])['x'].var()
merged = branch_0.merge(branch_1, on=['subject_id'], how='outer')
idx = df['jogging_var'].idxmax(); result = df.loc[idx, ['subject_id']].to_dict()",FAIL,0.0,"Candidate identifies subject_id 8 as the answer, but ground truth states subject_id 12 has the most negative Jogging-minus-Walking x-variance difference.",SOUND,Ground truth correctly interprets the query as seeking the subject with the largest negative difference (Walking > Jogging).,json,1,False,"{
  ""verdict"": ""FAIL"",
  ""reason"": ""Candidate identifies subject_id 8 as the answer, but ground truth states subject_id 12 has the most negative Jogging-minus-Walking x-variance difference."",
  ""ground_truth_sanity"": ""SOUND"",
  ""ground_truth_note"": ""Ground truth correctly interprets the query as seeking the subject with the largest negative difference (Walking > Jogging).""
}"
2,[in_memory_benchmark_run],FF_NO_PROMPT,19,explicit,"For every subject_id, compute mean acceleration magnitude while Jogging and while Walking. Report whether subjects who jog harder also walk harder, ranking subjects consistently across both activities.",False,Yes — subjects who jog harder also tend to walk harder: the Spearman rank correlation between per-subject Jogging and Walking mean magnitudes is 0.703812316716.,"The result is {'groups': 36, 'columns': ['subject_id', 'mean_jogging', 'mean_walking']}",False,True,"df = df[df['activity_label'].notna() & df['activity_label'].astype(str).str.strip().ne('')]
df['acc_magnitude'] = (df['x']**2 + df['y']**2 + df['z']**2)**0.5
df = df[df['activity_label'].isin(['Jogging', 'Walking'])]
result = df.groupby(['subject_id', 'activity_label'])['acc_magnitude'].mean()
# PARALLEL_AGGREGATE branches:
branch_0 = df[df['activity_label'].isin(['Jogging'])].groupby(['subject_id'])['acc_magnitude'].mean()
branch_1 = df[df['activity_label'].isin(['Walking'])].groupby(['subject_id'])['acc_magnitude'].mean()
merged = branch_0.merge(branch_1, on=['subject_id'], how='outer')",FAIL,0.0,Candidate answer provides incomplete data without computing or reporting the required correlation or conclusion.,SOUND,Ground truth correctly interprets the query by computing per-subject means and assessing rank consistency via Spearman correlation.,json,2,False,"{
  ""verdict"": ""FAIL"",
  ""reason"": ""Candidate answer provides incomplete data without computing or reporting the required correlation or conclusion."",
  ""ground_truth_sanity"": ""SOUND"",
  ""ground_truth_note"": ""Ground truth correctly interprets the query by computing per-subject means and assessing rank consistency via Spearman correlation.""
}"
2,[in_memory_benchmark_run],FF_NO_PRUNE,1,explicit,What is the maximum recorded x-acceleration for user 15?,False,Maximum x-acceleration for user 15 is 19.5700.,The result is 19.57,False,True,"df = df[df['subject_id'] == 15]
result = df['x'].max()",PASS,1.0,The candidate answer matches the ground truth value exactly.,SOUND,Clear and precise numeric answer.,json,1,False,"{
  ""verdict"": ""PASS"",
  ""reason"": ""The candidate answer matches the ground truth value exactly."",
  ""ground_truth_sanity"": ""SOUND"",
  ""ground_truth_note"": ""Clear and precise numeric answer.""
}"
2,[in_memory_benchmark_run],FF_NO_PRUNE,2,explicit,How many users have the activity label walking?,False,Total users Walking in the dataset: 36.,The result is 36,False,True,"df = df[df['activity_label'].isin(['Walking'])]
result = df['subject_id'].nunique()",PASS,1.0,The candidate answer '36' matches the ground truth '36' in both value and context.,SOUND,Clear and consistent with the query.,json,1,False,"{
  ""verdict"": ""PASS"",
  ""reason"": ""The candidate answer '36' matches the ground truth '36' in both value and context."",
  ""ground_truth_sanity"": ""SOUND"",
  ""ground_truth_note"": ""Clear and consistent with the query.""
}"
2,[in_memory_benchmark_run],FF_NO_PRUNE,3,explicit,What is the average y-acceleration of user 5 with activity label Sitting?,False,Average y-acceleration for user 5 during Sitting is 3.0414.,The result is 3.0414423076923076,False,True,"df = df[df['subject_id'] == 5]
df = df[df['activity_label'].isin(['Sitting'])]
result = df['y'].mean()",PASS,1.0,The candidate answer matches the ground truth value exactly.,SOUND,Value is consistent with query context.,json,1,False,"{
  ""verdict"": ""PASS"",
  ""reason"": ""The candidate answer matches the ground truth value exactly."",
  ""ground_truth_sanity"": ""SOUND"",
  ""ground_truth_note"": ""Value is consistent with query context.""
}"
2,[in_memory_benchmark_run],FF_NO_PRUNE,4,explicit,Which user has the highest total number of recorded data samples?,False,User with the highest sample count is 20 with 56632 samples.,"The result is {'subject_id': 20, 'count': 56632}",False,True,"df = df[df['activity_label'].notna() & df['activity_label'].astype(str).str.strip().ne('')]
result = df.groupby('subject_id').size()
result = result.idxmax()",PASS,1.0,"The candidate answer identifies user 20 with 56632 samples, matching the ground truth.",SOUND,Clear and consistent with typical data summary format.,json,1,False,"{
  ""verdict"": ""PASS"",
  ""reason"": ""The candidate answer identifies user 20 with 56632 samples, matching the ground truth."",
  ""ground_truth_sanity"": ""SOUND"",
  ""ground_truth_note"": ""Clear and consistent with typical data summary format.""
}"
2,[in_memory_benchmark_run],FF_NO_PRUNE,5,explicit,"Compare the overall acceleration magnitude between dynamic (walking,jogging,upstairs,downstairs) and resting (sitting,standing) states.",False,"Average magnitude for dynamic activities (walking,jogging,upstairs,downstairs) is 11.9625; resting activities (sitting,standing) is 9.8328; difference (dynamic-resting) is 2.1297.","The result is {'higher': 'dynamic', 'lower': 'resting', 'metric': 'mean acceleration_magnitude', 'dynamic': 11.962538760453763, 'resting': 9.832791762650903, 'difference': 2.12974699780286}",False,True,"df = df[df['activity_label'].notna() & df['activity_label'].astype(str).str.strip().ne('')]
df['acceleration_magnitude'] = (df['x']**2 + df['y']**2 + df['z']**2)**0.5
dynamic = df[df['activity_label'].isin(['Downstairs', 'Jogging', 'Upstairs', 'Walking'])]
resting = df[df['activity_label'].isin(['Sitting', 'Standing'])]
result = {label: agg(partition) for label in partitions}
result = compare(dynamic, resting, mode='difference')",PASS,1.0,The candidate answer provides the same numerical values and correctly identifies dynamic activities as having higher acceleration magnitude than resting activities.,SOUND,Values and interpretation are consistent with typical accelerometer data analysis.,json,1,False,"{
  ""verdict"": ""PASS"",
  ""reason"": ""The candidate answer provides the same numerical values and correctly identifies dynamic activities as having higher acceleration magnitude than resting activities."",
  ""ground_truth_sanity"": ""SOUND"",
  ""ground_truth_note"": ""Values and interpretation are consistent with typical accelerometer data analysis.""
}"
2,[in_memory_benchmark_run],FF_NO_PRUNE,6,explicit,"Identify the user whose total recorded duration of resting states (sitting,standing) exceeds their duration of dynamic movements (walking,jogging,upstairs,downstairs) by the largest margin.",False,"Users [20, 6, 16] have total stationary duration (sitting, standing) exceeding locomotion duration (walking, jogging, upstairs, downstairs). User 20 has the largest margin (delta=54004.34s).","The result is {'subject_id': 20, 'resting_duration': 56906.660065, 'dynamic_duration': 2902.322246, 'duration_margin': 54004.33781899999}",False,True,"df = df[df['activity_label'].notna() & df['activity_label'].astype(str).str.strip().ne('')]
df = df.sort_values(['subject_id', 'timestamp']); df['dt_s'] = df.groupby(['subject_id'])['timestamp'].diff().dt.total_seconds().clip(lower=0).fillna(0.0)
# PARALLEL_AGGREGATE branches:
branch_0 = df[df['activity_label'].isin(['Sitting', 'Standing'])].groupby(['subject_id'])['dt_s'].sum()
branch_1 = df[df['activity_label'].isin(['Downstairs', 'Jogging', 'Upstairs', 'Walking'])].groupby(['subject_id'])['dt_s'].sum()
merged = branch_0.merge(branch_1, on=['subject_id'], how='outer')
merged[['resting_duration', 'dynamic_duration']] = merged[['resting_duration', 'dynamic_duration']].fillna(0)
df['duration_margin'] = df['resting_duration'] - df['dynamic_duration']
df = df[df['duration_margin'] > 0]
idx = df['duration_margin'].idxmax(); result = df.loc[idx, ['subject_id', 'resting_duration', 'dynamic_duration', 'duration_margin']].to_dict()",FAIL,0.0,Judge infrastructure fallback: unable to obtain valid JSON verdict after retries (invoke_error:TooManyRequestsResponseError:Rate limit exceeded: qwen/qwen3-max/5e31ba3c-d5bf-4ced-a52d-96e2e6635f95. High demand for qwen/qwen3-max on OpenRouter - limited to 20 requests per minute. Please retry shortly.).,,,fallback:invalid:invoke_error:TooManyRequestsResponseError:Rate limit exceeded: qwen/qwen3-max/5e31ba3c-d5bf-4ced-a52d-96e2e6635f95. High demand for qwen/qwen3-max on OpenRouter - limited to 20 requests per minute. Please retry shortly.,4,False,
2,[in_memory_benchmark_run],FF_NO_PRUNE,7,explicit,What is the median acceleration magnitude for user 20 with activity label Upstairs?,False,Median net acceleration vector length for user 20 while ascending steps is 9.8931.,The result is 9.98501872941966,False,True,"_v = df['subject_id'].median(); df = df[df['subject_id'] == _v]
df = df[df['activity_label'].isin(['Upstairs'])]
df['acceleration_magnitude'] = (df['x']**2 + df['y']**2 + df['z']**2)**0.5
result = df['acceleration_magnitude'].median()",FAIL,0.0,Judge infrastructure fallback: unable to obtain valid JSON verdict after retries (invoke_error:TooManyRequestsResponseError:Rate limit exceeded: qwen/qwen3-max/5e31ba3c-d5bf-4ced-a52d-96e2e6635f95. High demand for qwen/qwen3-max on OpenRouter - limited to 20 requests per minute. Please retry shortly.).,,,fallback:invalid:invoke_error:TooManyRequestsResponseError:Rate limit exceeded: qwen/qwen3-max/5e31ba3c-d5bf-4ced-a52d-96e2e6635f95. High demand for qwen/qwen3-max on OpenRouter - limited to 20 requests per minute. Please retry shortly.,4,False,
2,[in_memory_benchmark_run],FF_NO_PRUNE,8,explicit,Calculate the absolute difference between the mean z-axis acceleration of activity labels Upstairs and Downstairs.,False,Average z for ascending elevation changes is 0.3235; descending is 0.6841; absolute difference (ascending-descending) is 0.3605.,"The result is {'higher': 'downstairs', 'lower': 'upstairs', 'metric': 'mean z', 'upstairs': 0.323542237509624, 'downstairs': 0.6840876229507197, 'abs_difference': 0.36054538544109566}",False,True,"upstairs = df[df['activity_label'].isin(['Upstairs'])]
downstairs = df[df['activity_label'].isin(['Downstairs'])]
result = {label: agg(partition) for label in partitions}
result = compare(upstairs, downstairs, mode='abs_difference')",PASS,1.0,The candidate provides the same mean z values and absolute difference (0.361 ≈ 0.36) as the ground truth.,SOUND,Values are consistent and correctly interpreted.,json,2,False,"{
  ""verdict"": ""PASS"",
  ""reason"": ""The candidate provides the same mean z values and absolute difference (0.361 ≈ 0.36) as the ground truth."",
  ""ground_truth_sanity"": ""SOUND"",
  ""ground_truth_note"": ""Values are consistent and correctly interpreted.""
}"
2,[in_memory_benchmark_run],FF_NO_PRUNE,13,explicit,"Sort all WISDM rows by timestamp in ascending order, using subject_id as the tie-breaker. Use the first 80% of rows for training and the final 20% as the chronological holdout. Train a logistic regression model using the features x, y and z. Predict the activity label for the first row in the holdout set.",False,Logistic regression predicts activity 'Jogging' for the first holdout row.,The result is Logistic regression predicts activity_label 'Jogging' for the first holdout row.,False,True,"# sort_by=['timestamp', 'subject_id'] split=878558/1098198 model='logistic_regression' features=['x', 'y', 'z']
result = ""Logistic regression predicts activity_label 'Jogging' for the first holdout row.""",PASS,1.0,The candidate answer is semantically and factually equivalent to the ground truth.,SOUND,Clear and consistent with the query's requirements.,json,2,False,"{
  ""verdict"": ""PASS"",
  ""reason"": ""The candidate answer is semantically and factually equivalent to the ground truth."",
  ""ground_truth_sanity"": ""SOUND"",
  ""ground_truth_note"": ""Clear and consistent with the query's requirements.""
}"
2,[in_memory_benchmark_run],FF_NO_PRUNE,14,explicit,"Sort all WISDM rows by timestamp in ascending order, using subject_id as the tie-breaker. Use the first 80% of rows for training and the final 20% as the chronological holdout. Train a random forest model using the features x, y and z. Predict the activity label for the first row in the holdout set.",False,Random forest predicts activity 'Sitting' for the first holdout row.,The result is Random forest predicts activity_label 'Sitting' for the first holdout row.,False,True,"# sort_by=['timestamp', 'subject_id'] split=878558/1098198 model='random_forest' features=['x', 'y', 'z']
result = ""Random forest predicts activity_label 'Sitting' for the first holdout row.""",PASS,1.0,The candidate answer is semantically and factually equivalent to the ground truth.,SOUND,Clear and consistent with the query's requirements.,json,2,False,"{
  ""verdict"": ""PASS"",
  ""reason"": ""The candidate answer is semantically and factually equivalent to the ground truth."",
  ""ground_truth_sanity"": ""SOUND"",
  ""ground_truth_note"": ""Clear and consistent with the query's requirements.""
}"
2,[in_memory_benchmark_run],FF_NO_PRUNE,15,explicit,"Sort all WISDM rows by timestamp in ascending order, using subject_id as the tie-breaker. Use the first 80% of rows for training and the final 20% as the chronological holdout. Train a 1-nearest-neighbor model using the features x, y and z. Predict the activity label for the first row in the holdout set.",False,1-nearest-neighbor predicts activity 'Sitting' for the first holdout row.,The result is 1-nearest-neighbor predicts activity_label 'Sitting' for the first holdout row.,False,True,"# sort_by=['timestamp', 'subject_id'] split=878558/1098198 model='one_nearest_neighbor' features=['x', 'y', 'z']
result = ""1-nearest-neighbor predicts activity_label 'Sitting' for the first holdout row.""",PASS,1.0,The candidate answer matches the ground truth in both prediction and activity label.,SOUND,Answer is consistent with the described procedure and expected output.,json,1,False,"{
  ""verdict"": ""PASS"",
  ""reason"": ""The candidate answer matches the ground truth in both prediction and activity label."",
  ""ground_truth_sanity"": ""SOUND"",
  ""ground_truth_note"": ""Answer is consistent with the described procedure and expected output.""
}"
2,[in_memory_benchmark_run],FF_NO_PRUNE,16,explicit,"Sort all WISDM rows by timestamp in ascending order, using subject_id as the tie-breaker. Use the first 80% of rows for training and the final 20% as the chronological holdout. Train a hist gradient boosting model using the features x, y and z. Predict the activity label for the first row in the holdout set.",False,Hist gradient boosting predicts activity 'Sitting' for the first holdout row.,The predicted behavior label for the first holdout row is: Sitting.,False,True,"# Filter out rows with empty activity_label
df = df[df['activity_label'] != '']

# Sort by timestamp, then by subject_id as tie-breaker
df = df.sort_values(by=['timestamp', 'subject_id']).reset_index(drop=True)

# Split into 80% training and 20% holdout
n = len(df)
train_size = int(0.8 * n)
train_df = df.iloc[:train_size]
holdout_df = df.iloc[train_size:]

# Prepare training data
X_train = train_df[['x', 'y', 'z']]
y_train = train_df['activity_label']

# Train HistGradientBoostingClassifier
from sklearn.ensemble import HistGradientBoostingClassifier
model = HistGradientBoostingClassifier()
model.fit(X_train, y_train)

# Predict the first row in the holdout set
first_holdout = holdout_df.iloc[[0]]
X_holdout = first_holdout[['x', 'y', 'z']]
prediction = model.predict(X_holdout)[0]

result = prediction",PASS,1.0,The candidate answer matches the ground truth in predicting 'Sitting' for the first holdout row.,SOUND,Prediction aligns with expected model behavior on WISDM data.,json,1,False,"{
  ""verdict"": ""PASS"",
  ""reason"": ""The candidate answer matches the ground truth in predicting 'Sitting' for the first holdout row."",
  ""ground_truth_sanity"": ""SOUND"",
  ""ground_truth_note"": ""Prediction aligns with expected model behavior on WISDM data.""
}"
2,[in_memory_benchmark_run],FF_NO_PRUNE,17,explicit,"For every subject_id, compute mean acceleration magnitude separately for dynamic activities (Walking, Jogging, Upstairs, Downstairs) and resting activities (Sitting, Standing). Return the subject_id with the largest dynamic-minus-resting mean magnitude.",False,subject_id 24 has the largest dynamic-minus-resting mean magnitude: 4.739240077985.,"The result is {'subject_id': 24, 'dynamic_mean_magnitude': 13.872703393647935, 'resting_mean_magnitude': 9.133463315662746, 'magnitude_difference': 4.739240077985189}",False,True,"df = df[df['activity_label'].notna() & df['activity_label'].astype(str).str.strip().ne('')]
df['acceleration_magnitude'] = (df['x']**2 + df['y']**2 + df['z']**2)**0.5
# PARALLEL_AGGREGATE branches:
branch_0 = df[df['activity_label'].isin(['Downstairs', 'Jogging', 'Upstairs', 'Walking'])].groupby(['subject_id'])['acceleration_magnitude'].mean()
branch_1 = df[df['activity_label'].isin(['Sitting', 'Standing'])].groupby(['subject_id'])['acceleration_magnitude'].mean()
merged = branch_0.merge(branch_1, on=['subject_id'], how='outer')
df['magnitude_difference'] = df['dynamic_mean_magnitude'] - df['resting_mean_magnitude']
idx = df['magnitude_difference'].idxmax(); result = df.loc[idx, ['subject_id', 'dynamic_mean_magnitude', 'resting_mean_magnitude', 'magnitude_difference']].to_dict()",PASS,1.0,"The candidate answer identifies subject_id 24 with a dynamic-minus-resting magnitude difference of 4.739, matching the ground truth.",SOUND,Ground truth is consistent with the candidate's detailed breakdown.,json,1,False,"{
  ""verdict"": ""PASS"",
  ""reason"": ""The candidate answer identifies subject_id 24 with a dynamic-minus-resting magnitude difference of 4.739, matching the ground truth."",
  ""ground_truth_sanity"": ""SOUND"",
  ""ground_truth_note"": ""Ground truth is consistent with the candidate's detailed breakdown.""
}"
2,[in_memory_benchmark_run],FF_NO_PRUNE,18,explicit,"For every subject_id, compute x-acceleration variance separately while Jogging and while Walking. Return the subject_id for whom Jogging pulls furthest ahead of Walking.",False,subject_id 12 has the most negative Jogging-minus-Walking x-variance difference (Walking exceeds Jogging by the largest margin): -16.746789937351.,"The result is {'subject_id': 31, 'jogging_x_var': 109.50167848631395, 'walking_x_var': 7.69762219970115, 'variance_delta': 101.8040562866128}",False,True,"df = df[df['activity_label'].notna() & df['activity_label'].astype(str).str.strip().ne('')]
# PARALLEL_AGGREGATE branches:
branch_0 = df[df['activity_label'].isin(['Jogging'])].groupby(['subject_id'])['x'].var()
branch_1 = df[df['activity_label'].isin(['Walking'])].groupby(['subject_id'])['x'].var()
merged = branch_0.merge(branch_1, on=['subject_id'], how='outer')
df['variance_delta'] = df['jogging_x_var'] - df['walking_x_var']
idx = df['variance_delta'].idxmax(); result = df.loc[idx, ['subject_id', 'jogging_x_var', 'walking_x_var', 'variance_delta']].to_dict()",FAIL,0.0,"Candidate identifies subject_id 31 as having the largest positive difference (Jogging > Walking), but ground truth identifies subject_id 12 as having the most negative difference (Walking > Jogging by the largest margin).",SOUND,"Ground truth correctly interprets 'pulls furthest ahead' as the largest positive Jogging-minus-Walking difference; however, it states subject_id 12 has the most negative difference, which contradicts the query's intent. But since the instruction says to treat ground truth as given, we assume it's correct in context.",json,3,False,"{
  ""verdict"": ""FAIL"",
  ""reason"": ""Candidate identifies subject_id 31 as having the largest positive difference (Jogging > Walking), but ground truth identifies subject_id 12 as having the most negative difference (Walking > Jogging by the largest margin)."",
  ""ground_truth_sanity"": ""SOUND"",
  ""ground_truth_note"": ""Ground truth correctly interprets 'pulls furthest ahead' as the largest positive Jogging-minus-Walking difference; however, it states subject_id 12 has the most negative difference, which contradicts the query's intent. But since the instruction says to treat ground truth as given, we assume it's correct in context.""
}"
2,[in_memory_benchmark_run],FF_NO_PRUNE,19,explicit,"For every subject_id, compute mean acceleration magnitude while Jogging and while Walking. Report whether subjects who jog harder also walk harder, ranking subjects consistently across both activities.",False,Yes — subjects who jog harder also tend to walk harder: the Spearman rank correlation between per-subject Jogging and Walking mean magnitudes is 0.703812316716.,The result is 0.7491948405475497,False,True,"df = df[df['activity_label'].notna() & df['activity_label'].astype(str).str.strip().ne('')]
df['acceleration_magnitude'] = (df['x']**2 + df['y']**2 + df['z']**2)**0.5
# PARALLEL_AGGREGATE branches:
branch_0 = df[df['activity_label'].isin(['Jogging'])].groupby(['subject_id'])['acceleration_magnitude'].mean()
branch_1 = df[df['activity_label'].isin(['Walking'])].groupby(['subject_id'])['acceleration_magnitude'].mean()
merged = branch_0.merge(branch_1, on=['subject_id'], how='outer')
result = df['mean_jogging_magnitude'].corr(df['mean_walking_magnitude'], method='pearson')",FAIL,0.0,"The candidate answer provides a different correlation value (0.749) than the ground truth (0.704), which exceeds the allowed rounding tolerance.",SOUND,The ground truth provides a plausible Spearman correlation with clear interpretation.,json,2,False,"{
  ""verdict"": ""FAIL"",
  ""reason"": ""The candidate answer provides a different correlation value (0.749) than the ground truth (0.704), which exceeds the allowed rounding tolerance."",
  ""ground_truth_sanity"": ""SOUND"",
  ""ground_truth_note"": ""The ground truth provides a plausible Spearman correlation with clear interpretation.""
}"
2,[in_memory_benchmark_run],FF_NO_PRUNE,20,explicit,"For every subject_id, derive elapsed seconds from timestamp, then compute total locomotion duration (Walking, Jogging, Upstairs, Downstairs) and total resting duration (Sitting, Standing). Among subjects with more locomotion than resting time, return the subject_id with the largest locomotion-minus-resting duration.",False,subject_id 19 has the largest positive locomotion-minus-resting duration: 131091.171906999982 seconds.,"The result is {'subject_id': 19, 'locomotion_duration': 131357.35168599998, 'resting_duration': 266.179779, 'duration_delta': 131091.17190699998}",False,True,"df = df[df['activity_label'].notna() & df['activity_label'].astype(str).str.strip().ne('')]
df = df.sort_values(['subject_id', 'timestamp']); df['dt_s'] = df.groupby(['subject_id'])['timestamp'].diff().dt.total_seconds().clip(lower=0).fillna(0.0)
# PARALLEL_AGGREGATE branches:
branch_0 = df[df['activity_label'].isin(['Downstairs', 'Jogging', 'Upstairs', 'Walking'])].groupby(['subject_id'])['dt_s'].sum()
branch_1 = df[df['activity_label'].isin(['Sitting', 'Standing'])].groupby(['subject_id'])['dt_s'].sum()
merged = branch_0.merge(branch_1, on=['subject_id'], how='outer')
merged[['locomotion_duration', 'resting_duration']] = merged[['locomotion_duration', 'resting_duration']].fillna(0)
df['duration_delta'] = df['locomotion_duration'] - df['resting_duration']
df = df[df['duration_delta'] > 0]
idx = df['duration_delta'].idxmax(); result = df.loc[idx, ['subject_id', 'locomotion_duration', 'resting_duration', 'duration_delta']].to_dict()",PASS,1.0,"The candidate answer identifies subject_id 19 with a locomotion-minus-resting duration of 131091.172 seconds, matching the ground truth.",SOUND,The ground truth is consistent with the computed result in the candidate answer.,json,2,False,"{
  ""verdict"": ""PASS"",
  ""reason"": ""The candidate answer identifies subject_id 19 with a locomotion-minus-resting duration of 131091.172 seconds, matching the ground truth."",
  ""ground_truth_sanity"": ""SOUND"",
  ""ground_truth_note"": ""The ground truth is consistent with the computed result in the candidate answer.""
}"
3,[in_memory_benchmark_run],FF_FULL,1,explicit,What is the maximum recorded x-acceleration for user 15?,False,Maximum x-acceleration for user 15 is 19.5700.,The result is 19.57,False,True,"df = df[df['subject_id'] == 15]
result = df['x'].max()",PASS,1.0,The candidate answer matches the ground truth value exactly.,SOUND,The ground truth provides a clear and plausible numeric value.,json,1,False,"{
  ""verdict"": ""PASS"",
  ""reason"": ""The candidate answer matches the ground truth value exactly."",
  ""ground_truth_sanity"": ""SOUND"",
  ""ground_truth_note"": ""The ground truth provides a clear and plausible numeric value.""
}"
3,[in_memory_benchmark_run],FF_FULL,2,explicit,How many users have the activity label walking?,False,Total users Walking in the dataset: 36.,The result is 36,False,True,"df = df[df['activity_label'].notna() & df['activity_label'].astype(str).str.strip().ne('')]
df = df[df['activity_label'] == 'Walking']
result = df['subject_id'].nunique()",PASS,1.0,The candidate answer matches the ground truth in both value and meaning.,SOUND,Clear and consistent with the query.,json,1,False,"{
  ""verdict"": ""PASS"",
  ""reason"": ""The candidate answer matches the ground truth in both value and meaning."",
  ""ground_truth_sanity"": ""SOUND"",
  ""ground_truth_note"": ""Clear and consistent with the query.""
}"
3,[in_memory_benchmark_run],FF_FULL,3,explicit,What is the average y-acceleration of user 5 with activity label Sitting?,False,Average y-acceleration for user 5 during Sitting is 3.0414.,The result is 3.0414423076923076,False,True,"df = df[df['subject_id'] == 5]
df = df[df['activity_label'] == 'Sitting']
result = df['y'].mean()",PASS,1.0,The candidate answer matches the ground truth value exactly.,SOUND,"The ground truth provides a clear, specific numeric value consistent with the query.",json,1,False,"{
  ""verdict"": ""PASS"",
  ""reason"": ""The candidate answer matches the ground truth value exactly."",
  ""ground_truth_sanity"": ""SOUND"",
  ""ground_truth_note"": ""The ground truth provides a clear, specific numeric value consistent with the query.""
}"
3,[in_memory_benchmark_run],FF_FULL,4,explicit,Which user has the highest total number of recorded data samples?,False,User with the highest sample count is 20 with 56632 samples.,"The result is {'subject_id': 20, 'count': 56632}",False,True,"result = df.groupby('subject_id').size()
result = result.idxmax()",PASS,1.0,"The candidate answer identifies user 20 with 56632 samples, matching the ground truth.",SOUND,Clear and consistent with typical data summarization.,json,1,False,"{
  ""verdict"": ""PASS"",
  ""reason"": ""The candidate answer identifies user 20 with 56632 samples, matching the ground truth."",
  ""ground_truth_sanity"": ""SOUND"",
  ""ground_truth_note"": ""Clear and consistent with typical data summarization.""
}"
3,[in_memory_benchmark_run],FF_FULL,5,explicit,"Compare the overall acceleration magnitude between dynamic (walking,jogging,upstairs,downstairs) and resting (sitting,standing) states.",False,"Average magnitude for dynamic activities (walking,jogging,upstairs,downstairs) is 11.9625; resting activities (sitting,standing) is 9.8328; difference (dynamic-resting) is 2.1297.","The result is {'higher': 'dynamic', 'lower': 'resting', 'metric': 'mean acceleration_magnitude', 'dynamic': 11.962538760453763, 'resting': 9.832791762650903, 'difference': 2.12974699780286}",False,True,"df = df[df['activity_label'].notna() & df['activity_label'].astype(str).str.strip().ne('')]
df['acceleration_magnitude'] = (df['x']**2 + df['y']**2 + df['z']**2)**0.5
dynamic = df[df['activity_label'].isin(['Downstairs', 'Jogging', 'Upstairs', 'Walking'])]
resting = df[df['activity_label'].isin(['Sitting', 'Standing'])]
result = {label: agg(partition) for label in partitions}
result = compare(dynamic, resting, mode='difference')",PASS,1.0,The candidate answer provides the same numerical values and correctly identifies dynamic activities as having higher acceleration magnitude than resting activities.,SOUND,Ground truth contains consistent and plausible numeric values for the described comparison.,json,1,False,"{
  ""verdict"": ""PASS"",
  ""reason"": ""The candidate answer provides the same numerical values and correctly identifies dynamic activities as having higher acceleration magnitude than resting activities."",
  ""ground_truth_sanity"": ""SOUND"",
  ""ground_truth_note"": ""Ground truth contains consistent and plausible numeric values for the described comparison.""
}"
3,[in_memory_benchmark_run],FF_FULL,6,explicit,"Identify the user whose total recorded duration of resting states (sitting,standing) exceeds their duration of dynamic movements (walking,jogging,upstairs,downstairs) by the largest margin.",False,"Users [20, 6, 16] have total stationary duration (sitting, standing) exceeding locomotion duration (walking, jogging, upstairs, downstairs). User 20 has the largest margin (delta=54004.34s).","The result is {'subject_id': 20, 'resting_duration': 56906.660065, 'dynamic_duration': 2902.322246, 'duration_margin': 54004.33781899999}",False,True,"df = df[df['activity_label'].notna() & df['activity_label'].astype(str).str.strip().ne('')]
df = df.sort_values(['subject_id', 'timestamp']); df['dt_s'] = df.groupby(['subject_id'])['timestamp'].diff().dt.total_seconds().clip(lower=0).fillna(0.0)
# PARALLEL_AGGREGATE branches:
branch_0 = df[df['activity_label'].isin(['Sitting', 'Standing'])].groupby(['subject_id'])['dt_s'].sum()
branch_1 = df[df['activity_label'].isin(['Downstairs', 'Jogging', 'Upstairs', 'Walking'])].groupby(['subject_id'])['dt_s'].sum()
merged = branch_0.merge(branch_1, on=['subject_id'], how='outer')
merged[['resting_duration', 'dynamic_duration']] = merged[['resting_duration', 'dynamic_duration']].fillna(0)
df['duration_margin'] = df['resting_duration'] - df['dynamic_duration']
df = df[df['duration_margin'] > 0]
idx = df['duration_margin'].idxmax(); result = df.loc[idx, ['subject_id', 'resting_duration', 'dynamic_duration', 'duration_margin']].to_dict()",FAIL,0.0,Judge infrastructure fallback: unable to obtain valid JSON verdict after retries (invoke_error:TooManyRequestsResponseError:Rate limit exceeded: qwen/qwen3-max/5e31ba3c-d5bf-4ced-a52d-96e2e6635f95. High demand for qwen/qwen3-max on OpenRouter - limited to 20 requests per minute. Please retry shortly.).,,,fallback:invalid:invoke_error:TooManyRequestsResponseError:Rate limit exceeded: qwen/qwen3-max/5e31ba3c-d5bf-4ced-a52d-96e2e6635f95. High demand for qwen/qwen3-max on OpenRouter - limited to 20 requests per minute. Please retry shortly.,4,False,
3,[in_memory_benchmark_run],FF_FULL,7,explicit,What is the median acceleration magnitude for user 20 with activity label Upstairs?,False,Median net acceleration vector length for user 20 while ascending steps is 9.8931.,The result is 9.893086174221672,False,True,"df = df[df['subject_id'] == 20]
df = df[df['activity_label'] == 'Upstairs']
df['acceleration_magnitude'] = (df['x']**2 + df['y']**2 + df['z']**2)**0.5
result = df['acceleration_magnitude'].median()",PASS,1.0,The candidate answer matches the ground truth value exactly.,SOUND,Clear and precise numeric answer consistent with the query.,json,3,False,"{
  ""verdict"": ""PASS"",
  ""reason"": ""The candidate answer matches the ground truth value exactly."",
  ""ground_truth_sanity"": ""SOUND"",
  ""ground_truth_note"": ""Clear and precise numeric answer consistent with the query.""
}"
3,[in_memory_benchmark_run],FF_FULL,8,explicit,Calculate the absolute difference between the mean z-axis acceleration of activity labels Upstairs and Downstairs.,False,Average z for ascending elevation changes is 0.3235; descending is 0.6841; absolute difference (ascending-descending) is 0.3605.,"The result is {'higher': 'downstairs', 'lower': 'upstairs', 'metric': 'mean z', 'upstairs': 0.323542237509624, 'downstairs': 0.6840876229507197, 'abs_difference': 0.36054538544109566}",False,True,"df = df[df['activity_label'].notna() & df['activity_label'].astype(str).str.strip().ne('')]
upstairs = df[df['activity_label'].isin(['Upstairs'])]
downstairs = df[df['activity_label'].isin(['Downstairs'])]
result = {label: agg(partition) for label in partitions}
result = compare(upstairs, downstairs, mode='abs_difference')",PASS,1.0,The candidate provides the same mean z values and absolute difference (0.361 ≈ 0.36) as the ground truth.,SOUND,Values are consistent and correctly interpreted.,json,2,False,"{
  ""verdict"": ""PASS"",
  ""reason"": ""The candidate provides the same mean z values and absolute difference (0.361 ≈ 0.36) as the ground truth."",
  ""ground_truth_sanity"": ""SOUND"",
  ""ground_truth_note"": ""Values are consistent and correctly interpreted.""
}"
3,[in_memory_benchmark_run],FF_FULL,13,explicit,"Sort all WISDM rows by timestamp in ascending order, using subject_id as the tie-breaker. Use the first 80% of rows for training and the final 20% as the chronological holdout. Train a logistic regression model using the features x, y and z. Predict the activity label for the first row in the holdout set.",False,Logistic regression predicts activity 'Jogging' for the first holdout row.,The result is Logistic regression predicts label 'Jogging' for the first holdout row.,False,True,"# sort_by=['timestamp', 'subject_id'] split=878558/1098198 model='logistic_regression' features=['x', 'y', 'z']
result = ""Logistic regression predicts label 'Jogging' for the first holdout row.""",PASS,1.0,The candidate answer is semantically and factually equivalent to the ground truth.,SOUND,Clear and consistent with the query's requirements.,json,2,False,"{
  ""verdict"": ""PASS"",
  ""reason"": ""The candidate answer is semantically and factually equivalent to the ground truth."",
  ""ground_truth_sanity"": ""SOUND"",
  ""ground_truth_note"": ""Clear and consistent with the query's requirements.""
}"
3,[in_memory_benchmark_run],FF_FULL,14,explicit,"Sort all WISDM rows by timestamp in ascending order, using subject_id as the tie-breaker. Use the first 80% of rows for training and the final 20% as the chronological holdout. Train a random forest model using the features x, y and z. Predict the activity label for the first row in the holdout set.",False,Random forest predicts activity 'Sitting' for the first holdout row.,The result is Random forest predicts label 'Sitting' for the first holdout row.,False,True,"# sort_by=['timestamp', 'subject_id'] split=878558/1098198 model='random_forest' features=['x', 'y', 'z']
result = ""Random forest predicts label 'Sitting' for the first holdout row.""",PASS,1.0,The candidate answer is semantically and factually equivalent to the ground truth.,SOUND,Clear and consistent with the query's requirements.,json,1,False,"{
  ""verdict"": ""PASS"",
  ""reason"": ""The candidate answer is semantically and factually equivalent to the ground truth."",
  ""ground_truth_sanity"": ""SOUND"",
  ""ground_truth_note"": ""Clear and consistent with the query's requirements.""
}"
3,[in_memory_benchmark_run],FF_FULL,15,explicit,"Sort all WISDM rows by timestamp in ascending order, using subject_id as the tie-breaker. Use the first 80% of rows for training and the final 20% as the chronological holdout. Train a 1-nearest-neighbor model using the features x, y and z. Predict the activity label for the first row in the holdout set.",False,1-nearest-neighbor predicts activity 'Sitting' for the first holdout row.,The result is 1-nearest-neighbor predicts label 'Sitting' for the first holdout row.,False,True,"# sort_by=['timestamp', 'subject_id'] split=878558/1098198 model='one_nearest_neighbor' features=['x', 'y', 'z']
result = ""1-nearest-neighbor predicts label 'Sitting' for the first holdout row.""",PASS,1.0,The candidate answer is factually and semantically equivalent to the ground truth.,SOUND,The ground truth is clear and consistent with the query.,json,1,False,"{
  ""verdict"": ""PASS"",
  ""reason"": ""The candidate answer is factually and semantically equivalent to the ground truth."",
  ""ground_truth_sanity"": ""SOUND"",
  ""ground_truth_note"": ""The ground truth is clear and consistent with the query.""
}"
3,[in_memory_benchmark_run],FF_FULL,16,explicit,"Sort all WISDM rows by timestamp in ascending order, using subject_id as the tie-breaker. Use the first 80% of rows for training and the final 20% as the chronological holdout. Train a hist gradient boosting model using the features x, y and z. Predict the activity label for the first row in the holdout set.",False,Hist gradient boosting predicts activity 'Sitting' for the first holdout row.,The result is Hist gradient boosting predicts label 'Sitting' for the first holdout row.,False,True,"# sort_by=['timestamp', 'subject_id'] split=878558/1098198 model='hist_gradient_boosting' features=['x', 'y', 'z']
result = ""Hist gradient boosting predicts label 'Sitting' for the first holdout row.""",PASS,1.0,The candidate answer is semantically and factually equivalent to the ground truth.,SOUND,Clear and consistent with the query's requirements.,json,1,False,"{
  ""verdict"": ""PASS"",
  ""reason"": ""The candidate answer is semantically and factually equivalent to the ground truth."",
  ""ground_truth_sanity"": ""SOUND"",
  ""ground_truth_note"": ""Clear and consistent with the query's requirements.""
}"
3,[in_memory_benchmark_run],FF_FULL,17,explicit,"For every subject_id, compute mean acceleration magnitude separately for dynamic activities (Walking, Jogging, Upstairs, Downstairs) and resting activities (Sitting, Standing). Return the subject_id with the largest dynamic-minus-resting mean magnitude.",False,subject_id 24 has the largest dynamic-minus-resting mean magnitude: 4.739240077985.,"The result is {'subject_id': 24, 'dynamic_mean_mag': 13.872703393647935, 'resting_mean_mag': 9.133463315662746, 'magnitude_delta': 4.739240077985189}",False,True,"df = df[df['activity_label'].notna() & df['activity_label'].astype(str).str.strip().ne('')]
df['acceleration_magnitude'] = (df['x']**2 + df['y']**2 + df['z']**2)**0.5
# PARALLEL_AGGREGATE branches:
branch_0 = df[df['activity_label'].isin(['Downstairs', 'Jogging', 'Upstairs', 'Walking'])].groupby(['subject_id'])['acceleration_magnitude'].mean()
branch_1 = df[df['activity_label'].isin(['Sitting', 'Standing'])].groupby(['subject_id'])['acceleration_magnitude'].mean()
merged = branch_0.merge(branch_1, on=['subject_id'], how='outer')
df['magnitude_delta'] = df['dynamic_mean_mag'] - df['resting_mean_mag']
idx = df['magnitude_delta'].idxmax(); result = df.loc[idx, ['subject_id', 'dynamic_mean_mag', 'resting_mean_mag', 'magnitude_delta']].to_dict()",PASS,1.0,"The candidate answer identifies subject_id 24 with a dynamic-minus-resting magnitude delta of 4.739, matching the ground truth.",SOUND,Ground truth is consistent with the computed result.,json,1,False,"{
  ""verdict"": ""PASS"",
  ""reason"": ""The candidate answer identifies subject_id 24 with a dynamic-minus-resting magnitude delta of 4.739, matching the ground truth."",
  ""ground_truth_sanity"": ""SOUND"",
  ""ground_truth_note"": ""Ground truth is consistent with the computed result.""
}"
3,[in_memory_benchmark_run],FF_FULL,18,explicit,"For every subject_id, compute x-acceleration variance separately while Jogging and while Walking. Return the subject_id for whom Jogging pulls furthest ahead of Walking.",False,subject_id 12 has the most negative Jogging-minus-Walking x-variance difference (Walking exceeds Jogging by the largest margin): -16.746789937351.,The result is: 31,False,True,"df = df[df['activity_label'] != '']
jogging_var = df[df['activity_label'] == 'Jogging'].groupby('subject_id')['x'].var()
walking_var = df[df['activity_label'] == 'Walking'].groupby('subject_id')['x'].var()
diff = jogging_var - walking_var
result = diff.idxmax()",FAIL,0.0,Candidate answer (31) does not match the ground truth (subject_id 12).,SOUND,Ground truth correctly identifies subject 12 with the most negative difference.,json,1,False,"{
  ""verdict"": ""FAIL"",
  ""reason"": ""Candidate answer (31) does not match the ground truth (subject_id 12)."",
  ""ground_truth_sanity"": ""SOUND"",
  ""ground_truth_note"": ""Ground truth correctly identifies subject 12 with the most negative difference.""
}"
3,[in_memory_benchmark_run],FF_FULL,19,explicit,"For every subject_id, compute mean acceleration magnitude while Jogging and while Walking. Report whether subjects who jog harder also walk harder, ranking subjects consistently across both activities.",False,Yes — subjects who jog harder also tend to walk harder: the Spearman rank correlation between per-subject Jogging and Walking mean magnitudes is 0.703812316716.,"The result is {'subject_id': 23, 'mean_jogging_mag': 17.04236300315029, 'mean_walking_mag': 12.89231971710706}",False,True,"df = df[df['activity_label'].notna() & df['activity_label'].astype(str).str.strip().ne('')]
df['acceleration_magnitude'] = (df['x']**2 + df['y']**2 + df['z']**2)**0.5
# PARALLEL_AGGREGATE branches:
branch_0 = df[df['activity_label'].isin(['Jogging'])].groupby(['subject_id'])['acceleration_magnitude'].mean()
branch_1 = df[df['activity_label'].isin(['Walking'])].groupby(['subject_id'])['acceleration_magnitude'].mean()
merged = branch_0.merge(branch_1, on=['subject_id'], how='outer')
idx = df['mean_jogging_mag'].idxmax(); result = df.loc[idx, ['subject_id', 'mean_jogging_mag', 'mean_walking_mag']].to_dict()",FAIL,0.0,Candidate provides data for only one subject instead of analyzing all subjects and computing correlation as required.,SOUND,Ground truth correctly interprets the query by computing per-subject means and assessing rank correlation.,json,3,False,"{
  ""verdict"": ""FAIL"",
  ""reason"": ""Candidate provides data for only one subject instead of analyzing all subjects and computing correlation as required."",
  ""ground_truth_sanity"": ""SOUND"",
  ""ground_truth_note"": ""Ground truth correctly interprets the query by computing per-subject means and assessing rank correlation.""
}"
3,[in_memory_benchmark_run],FF_FULL,20,explicit,"For every subject_id, derive elapsed seconds from timestamp, then compute total locomotion duration (Walking, Jogging, Upstairs, Downstairs) and total resting duration (Sitting, Standing). Among subjects with more locomotion than resting time, return the subject_id with the largest locomotion-minus-resting duration.",False,subject_id 19 has the largest positive locomotion-minus-resting duration: 131091.171906999982 seconds.,"The result is {'subject_id': 19, 'locomotion_duration': 131357.35168599998, 'resting_duration': 266.179779, 'duration_delta': 131091.17190699998}",False,True,"df = df[df['activity_label'].notna() & df['activity_label'].astype(str).str.strip().ne('')]
df = df.sort_values(['subject_id', 'timestamp']); df['dt_s'] = df.groupby(['subject_id'])['timestamp'].diff().dt.total_seconds().clip(lower=0).fillna(0.0)
# PARALLEL_AGGREGATE branches:
branch_0 = df[df['activity_label'].isin(['Downstairs', 'Jogging', 'Upstairs', 'Walking'])].groupby(['subject_id'])['dt_s'].sum()
branch_1 = df[df['activity_label'].isin(['Sitting', 'Standing'])].groupby(['subject_id'])['dt_s'].sum()
merged = branch_0.merge(branch_1, on=['subject_id'], how='outer')
merged[['locomotion_duration', 'resting_duration']] = merged[['locomotion_duration', 'resting_duration']].fillna(0)
df['duration_delta'] = df['locomotion_duration'] - df['resting_duration']
df = df[df['duration_delta'] > 0]
idx = df['duration_delta'].idxmax(); result = df.loc[idx, ['subject_id', 'locomotion_duration', 'resting_duration', 'duration_delta']].to_dict()",PASS,1.0,"The candidate answer identifies subject_id 19 with a locomotion-minus-resting duration of 131091.172 seconds, matching the ground truth.",SOUND,Ground truth is consistent with the computed result.,json,1,False,"{
  ""verdict"": ""PASS"",
  ""reason"": ""The candidate answer identifies subject_id 19 with a locomotion-minus-resting duration of 131091.172 seconds, matching the ground truth."",
  ""ground_truth_sanity"": ""SOUND"",
  ""ground_truth_note"": ""Ground truth is consistent with the computed result.""
}"
3,[in_memory_benchmark_run],FF_NO_CACHE,1,explicit,What is the maximum recorded x-acceleration for user 15?,False,Maximum x-acceleration for user 15 is 19.5700.,The result is 19.57,False,True,"df = df[df['subject_id'] == 15]
result = df['x'].max()",PASS,1.0,The candidate answer matches the ground truth value exactly.,SOUND,Clear and precise numeric answer.,json,1,False,"{
  ""verdict"": ""PASS"",
  ""reason"": ""The candidate answer matches the ground truth value exactly."",
  ""ground_truth_sanity"": ""SOUND"",
  ""ground_truth_note"": ""Clear and precise numeric answer.""
}"
3,[in_memory_benchmark_run],FF_NO_CACHE,2,explicit,How many users have the activity label walking?,False,Total users Walking in the dataset: 36.,The result is 36,False,True,"df = df[df['activity_label'].notna() & df['activity_label'].astype(str).str.strip().ne('')]
df = df[df['activity_label'] == 'Walking']
result = df['subject_id'].nunique()",PASS,1.0,The candidate answer '36' matches the ground truth '36' in both fact and meaning.,SOUND,Clear and consistent with the query.,json,1,False,"{
  ""verdict"": ""PASS"",
  ""reason"": ""The candidate answer '36' matches the ground truth '36' in both fact and meaning."",
  ""ground_truth_sanity"": ""SOUND"",
  ""ground_truth_note"": ""Clear and consistent with the query.""
}"
3,[in_memory_benchmark_run],FF_NO_CACHE,3,explicit,What is the average y-acceleration of user 5 with activity label Sitting?,False,Average y-acceleration for user 5 during Sitting is 3.0414.,The result is 3.0414423076923076,False,True,"df = df[df['subject_id'] == 5]
df = df[df['activity_label'] == 'Sitting']
result = df['y'].mean()",PASS,1.0,The candidate answer matches the ground truth value exactly.,SOUND,The value is precise and consistent with the query.,json,1,False,"{
  ""verdict"": ""PASS"",
  ""reason"": ""The candidate answer matches the ground truth value exactly."",
  ""ground_truth_sanity"": ""SOUND"",
  ""ground_truth_note"": ""The value is precise and consistent with the query.""
}"
3,[in_memory_benchmark_run],FF_NO_CACHE,4,explicit,Which user has the highest total number of recorded data samples?,False,User with the highest sample count is 20 with 56632 samples.,"The result is {'subject_id': 20, 'count': 56632}",False,True,"result = df.groupby('subject_id').size()
result = result.idxmax()",PASS,1.0,"The candidate answer identifies user 20 with 56632 samples, matching the ground truth.",SOUND,Clear and consistent with typical data summary format.,json,1,False,"{
  ""verdict"": ""PASS"",
  ""reason"": ""The candidate answer identifies user 20 with 56632 samples, matching the ground truth."",
  ""ground_truth_sanity"": ""SOUND"",
  ""ground_truth_note"": ""Clear and consistent with typical data summary format.""
}"
3,[in_memory_benchmark_run],FF_NO_CACHE,5,explicit,"Compare the overall acceleration magnitude between dynamic (walking,jogging,upstairs,downstairs) and resting (sitting,standing) states.",False,"Average magnitude for dynamic activities (walking,jogging,upstairs,downstairs) is 11.9625; resting activities (sitting,standing) is 9.8328; difference (dynamic-resting) is 2.1297.","The result is {'higher': 'dynamic', 'lower': 'resting', 'metric': 'mean acceleration_magnitude', 'dynamic': 11.962538760453763, 'resting': 9.832791762650903, 'difference': 2.12974699780286}",False,True,"df = df[df['activity_label'].notna() & df['activity_label'].astype(str).str.strip().ne('')]
df['acceleration_magnitude'] = (df['x']**2 + df['y']**2 + df['z']**2)**0.5
dynamic = df[df['activity_label'].isin(['Downstairs', 'Jogging', 'Upstairs', 'Walking'])]
resting = df[df['activity_label'].isin(['Sitting', 'Standing'])]
result = {label: agg(partition) for label in partitions}
result = compare(dynamic, resting, mode='difference')",PASS,1.0,The candidate answer provides the same numerical values and correctly identifies dynamic activities as having higher acceleration magnitude than resting activities.,SOUND,Values are consistent and appropriately contextualized.,json,1,False,"{
  ""verdict"": ""PASS"",
  ""reason"": ""The candidate answer provides the same numerical values and correctly identifies dynamic activities as having higher acceleration magnitude than resting activities."",
  ""ground_truth_sanity"": ""SOUND"",
  ""ground_truth_note"": ""Values are consistent and appropriately contextualized.""
}"
3,[in_memory_benchmark_run],FF_NO_CACHE,6,explicit,"Identify the user whose total recorded duration of resting states (sitting,standing) exceeds their duration of dynamic movements (walking,jogging,upstairs,downstairs) by the largest margin.",False,"Users [20, 6, 16] have total stationary duration (sitting, standing) exceeding locomotion duration (walking, jogging, upstairs, downstairs). User 20 has the largest margin (delta=54004.34s).","The result is {'subject_id': 20, 'resting_duration': 56906.660065, 'dynamic_duration': 2902.322246, 'duration_margin': 54004.33781899999}",False,True,"df = df[df['activity_label'].notna() & df['activity_label'].astype(str).str.strip().ne('')]
df = df.sort_values(['subject_id', 'timestamp']); df['dt_s'] = df.groupby(['subject_id'])['timestamp'].diff().dt.total_seconds().clip(lower=0).fillna(0.0)
# PARALLEL_AGGREGATE branches:
branch_0 = df[df['activity_label'].isin(['Sitting', 'Standing'])].groupby(['subject_id'])['dt_s'].sum()
branch_1 = df[df['activity_label'].isin(['Downstairs', 'Jogging', 'Upstairs', 'Walking'])].groupby(['subject_id'])['dt_s'].sum()
merged = branch_0.merge(branch_1, on=['subject_id'], how='outer')
merged[['resting_duration', 'dynamic_duration']] = merged[['resting_duration', 'dynamic_duration']].fillna(0)
df['duration_margin'] = df['resting_duration'] - df['dynamic_duration']
df = df[df['duration_margin'] > 0]
idx = df['duration_margin'].idxmax(); result = df.loc[idx, ['subject_id', 'resting_duration', 'dynamic_duration', 'duration_margin']].to_dict()",PASS,1.0,"The candidate correctly identifies user 20 as having the largest margin, with a duration difference matching the ground truth within acceptable rounding.",SOUND,Ground truth is consistent with the candidate's detailed numeric result.,json,1,False,"{
  ""verdict"": ""PASS"",
  ""reason"": ""The candidate correctly identifies user 20 as having the largest margin, with a duration difference matching the ground truth within acceptable rounding."",
  ""ground_truth_sanity"": ""SOUND"",
  ""ground_truth_note"": ""Ground truth is consistent with the candidate's detailed numeric result.""
}"
3,[in_memory_benchmark_run],FF_NO_CACHE,7,explicit,What is the median acceleration magnitude for user 20 with activity label Upstairs?,False,Median net acceleration vector length for user 20 while ascending steps is 9.8931.,The result is 9.893086174221672,False,True,"df = df[df['subject_id'] == 20]
df = df[df['activity_label'] == 'Upstairs']
df['acceleration_magnitude'] = (df['x']**2 + df['y']**2 + df['z']**2)**0.5
result = df['acceleration_magnitude'].median()",PASS,1.0,The candidate answer matches the ground truth value exactly.,SOUND,Clear and precise numeric answer consistent with the query.,json,2,False,"{
  ""verdict"": ""PASS"",
  ""reason"": ""The candidate answer matches the ground truth value exactly."",
  ""ground_truth_sanity"": ""SOUND"",
  ""ground_truth_note"": ""Clear and precise numeric answer consistent with the query.""
}"
3,[in_memory_benchmark_run],FF_NO_CACHE,8,explicit,Calculate the absolute difference between the mean z-axis acceleration of activity labels Upstairs and Downstairs.,False,Average z for ascending elevation changes is 0.3235; descending is 0.6841; absolute difference (ascending-descending) is 0.3605.,"The result is {'higher': 'downstairs', 'lower': 'upstairs', 'metric': 'mean z', 'upstairs': 0.323542237509624, 'downstairs': 0.6840876229507197, 'abs_difference': 0.36054538544109566}",False,True,"df = df[df['activity_label'].notna() & df['activity_label'].astype(str).str.strip().ne('')]
upstairs = df[df['activity_label'].isin(['Upstairs'])]
downstairs = df[df['activity_label'].isin(['Downstairs'])]
result = {label: agg(partition) for label in partitions}
result = compare(upstairs, downstairs, mode='abs_difference')",PASS,1.0,The candidate provides the same mean z values and absolute difference (0.361 ≈ 0.36) as the ground truth.,SOUND,Values are consistent and correctly interpreted.,json,1,False,"{
  ""verdict"": ""PASS"",
  ""reason"": ""The candidate provides the same mean z values and absolute difference (0.361 ≈ 0.36) as the ground truth."",
  ""ground_truth_sanity"": ""SOUND"",
  ""ground_truth_note"": ""Values are consistent and correctly interpreted.""
}"
3,[in_memory_benchmark_run],FF_NO_CACHE,13,explicit,"Sort all WISDM rows by timestamp in ascending order, using subject_id as the tie-breaker. Use the first 80% of rows for training and the final 20% as the chronological holdout. Train a logistic regression model using the features x, y and z. Predict the activity label for the first row in the holdout set.",False,Logistic regression predicts activity 'Jogging' for the first holdout row.,The result is Logistic regression predicts label 'Jogging' for the first holdout row.,False,True,"# sort_by=['timestamp', 'subject_id'] split=878558/1098198 model='logistic_regression' features=['x', 'y', 'z']
result = ""Logistic regression predicts label 'Jogging' for the first holdout row.""",PASS,1.0,The candidate answer is semantically and factually equivalent to the ground truth.,SOUND,Clear and consistent with the query's requirements.,json,3,False,"{
  ""verdict"": ""PASS"",
  ""reason"": ""The candidate answer is semantically and factually equivalent to the ground truth."",
  ""ground_truth_sanity"": ""SOUND"",
  ""ground_truth_note"": ""Clear and consistent with the query's requirements.""
}"
3,[in_memory_benchmark_run],FF_NO_CACHE,14,explicit,"Sort all WISDM rows by timestamp in ascending order, using subject_id as the tie-breaker. Use the first 80% of rows for training and the final 20% as the chronological holdout. Train a random forest model using the features x, y and z. Predict the activity label for the first row in the holdout set.",False,Random forest predicts activity 'Sitting' for the first holdout row.,The result is Random forest predicts label 'Sitting' for the first holdout row.,False,True,"# sort_by=['timestamp', 'subject_id'] split=878558/1098198 model='random_forest' features=['x', 'y', 'z']
result = ""Random forest predicts label 'Sitting' for the first holdout row.""",PASS,1.0,The candidate answer is semantically and factually equivalent to the ground truth.,SOUND,Clear and consistent with the query's requirements.,json,1,False,"{
  ""verdict"": ""PASS"",
  ""reason"": ""The candidate answer is semantically and factually equivalent to the ground truth."",
  ""ground_truth_sanity"": ""SOUND"",
  ""ground_truth_note"": ""Clear and consistent with the query's requirements.""
}"
3,[in_memory_benchmark_run],FF_NO_CACHE,15,explicit,"Sort all WISDM rows by timestamp in ascending order, using subject_id as the tie-breaker. Use the first 80% of rows for training and the final 20% as the chronological holdout. Train a 1-nearest-neighbor model using the features x, y and z. Predict the activity label for the first row in the holdout set.",False,1-nearest-neighbor predicts activity 'Sitting' for the first holdout row.,The result is 1-nearest-neighbor predicts label 'Sitting' for the first holdout row.,False,True,"# sort_by=['timestamp', 'subject_id'] split=878558/1098198 model='one_nearest_neighbor' features=['x', 'y', 'z']
result = ""1-nearest-neighbor predicts label 'Sitting' for the first holdout row.""",PASS,1.0,The candidate answer is semantically and factually equivalent to the ground truth.,SOUND,Clear and consistent with the query's requirements.,json,2,False,"{
  ""verdict"": ""PASS"",
  ""reason"": ""The candidate answer is semantically and factually equivalent to the ground truth."",
  ""ground_truth_sanity"": ""SOUND"",
  ""ground_truth_note"": ""Clear and consistent with the query's requirements.""
}"
3,[in_memory_benchmark_run],FF_NO_CACHE,16,explicit,"Sort all WISDM rows by timestamp in ascending order, using subject_id as the tie-breaker. Use the first 80% of rows for training and the final 20% as the chronological holdout. Train a hist gradient boosting model using the features x, y and z. Predict the activity label for the first row in the holdout set.",False,Hist gradient boosting predicts activity 'Sitting' for the first holdout row.,The result is Hist gradient boosting predicts label 'Sitting' for the first holdout row.,False,True,"# sort_by=['timestamp', 'subject_id'] split=878558/1098198 model='hist_gradient_boosting' features=['x', 'y', 'z']
result = ""Hist gradient boosting predicts label 'Sitting' for the first holdout row.""",PASS,1.0,The candidate answer is semantically and factually equivalent to the ground truth.,SOUND,"Answer is clear, specific, and consistent with the query.",json,2,False,"{
  ""verdict"": ""PASS"",
  ""reason"": ""The candidate answer is semantically and factually equivalent to the ground truth."",
  ""ground_truth_sanity"": ""SOUND"",
  ""ground_truth_note"": ""Answer is clear, specific, and consistent with the query.""
}"
3,[in_memory_benchmark_run],FF_NO_CACHE,17,explicit,"For every subject_id, compute mean acceleration magnitude separately for dynamic activities (Walking, Jogging, Upstairs, Downstairs) and resting activities (Sitting, Standing). Return the subject_id with the largest dynamic-minus-resting mean magnitude.",False,subject_id 24 has the largest dynamic-minus-resting mean magnitude: 4.739240077985.,"The result is {'subject_id': 24, 'dynamic_mean_mag': 13.872703393647935, 'resting_mean_mag': 9.133463315662746, 'magnitude_delta': 4.739240077985189}",False,True,"df = df[df['activity_label'].notna() & df['activity_label'].astype(str).str.strip().ne('')]
df['acceleration_magnitude'] = (df['x']**2 + df['y']**2 + df['z']**2)**0.5
# PARALLEL_AGGREGATE branches:
branch_0 = df[df['activity_label'].isin(['Downstairs', 'Jogging', 'Upstairs', 'Walking'])].groupby(['subject_id'])['acceleration_magnitude'].mean()
branch_1 = df[df['activity_label'].isin(['Sitting', 'Standing'])].groupby(['subject_id'])['acceleration_magnitude'].mean()
merged = branch_0.merge(branch_1, on=['subject_id'], how='outer')
df['magnitude_delta'] = df['dynamic_mean_mag'] - df['resting_mean_mag']
idx = df['magnitude_delta'].idxmax(); result = df.loc[idx, ['subject_id', 'dynamic_mean_mag', 'resting_mean_mag', 'magnitude_delta']].to_dict()",PASS,1.0,"The candidate answer identifies subject_id 24 with a dynamic-minus-resting mean magnitude of 4.739, matching the ground truth.",SOUND,Ground truth is consistent with the computed result.,json,1,False,"{
  ""verdict"": ""PASS"",
  ""reason"": ""The candidate answer identifies subject_id 24 with a dynamic-minus-resting mean magnitude of 4.739, matching the ground truth."",
  ""ground_truth_sanity"": ""SOUND"",
  ""ground_truth_note"": ""Ground truth is consistent with the computed result.""
}"
3,[in_memory_benchmark_run],FF_NO_CACHE,18,explicit,"For every subject_id, compute x-acceleration variance separately while Jogging and while Walking. Return the subject_id for whom Jogging pulls furthest ahead of Walking.",False,subject_id 12 has the most negative Jogging-minus-Walking x-variance difference (Walking exceeds Jogging by the largest margin): -16.746789937351.,The result is: 31,False,True,"df = df[df['activity_label'] != '']
jogging_var = df[df['activity_label'] == 'Jogging'].groupby('subject_id')['x'].var()
walking_var = df[df['activity_label'] == 'Walking'].groupby('subject_id')['x'].var()
diff = jogging_var - walking_var
result = diff.idxmax()",FAIL,0.0,Candidate answer (31) contradicts ground truth (subject_id 12).,SOUND,"Ground truth provides a clear, specific answer consistent with the query.",json,1,False,"{
  ""verdict"": ""FAIL"",
  ""reason"": ""Candidate answer (31) contradicts ground truth (subject_id 12)."",
  ""ground_truth_sanity"": ""SOUND"",
  ""ground_truth_note"": ""Ground truth provides a clear, specific answer consistent with the query.""
}"
3,[in_memory_benchmark_run],FF_NO_CACHE,19,explicit,"For every subject_id, compute mean acceleration magnitude while Jogging and while Walking. Report whether subjects who jog harder also walk harder, ranking subjects consistently across both activities.",False,Yes — subjects who jog harder also tend to walk harder: the Spearman rank correlation between per-subject Jogging and Walking mean magnitudes is 0.703812316716.,"The result is {'subject_id': 23, 'mean_jogging_mag': 17.04236300315029, 'mean_walking_mag': 12.89231971710706}",False,True,"df = df[df['activity_label'].notna() & df['activity_label'].astype(str).str.strip().ne('')]
df['acceleration_magnitude'] = (df['x']**2 + df['y']**2 + df['z']**2)**0.5
# PARALLEL_AGGREGATE branches:
branch_0 = df[df['activity_label'].isin(['Jogging'])].groupby(['subject_id'])['acceleration_magnitude'].mean()
branch_1 = df[df['activity_label'].isin(['Walking'])].groupby(['subject_id'])['acceleration_magnitude'].mean()
merged = branch_0.merge(branch_1, on=['subject_id'], how='outer')
idx = df['mean_jogging_mag'].idxmax(); result = df.loc[idx, ['subject_id', 'mean_jogging_mag', 'mean_walking_mag']].to_dict()",FAIL,0.0,Candidate provides data for only one subject instead of analyzing all subjects and computing a correlation as required.,SOUND,Ground truth correctly interprets the query by computing per-subject means and assessing rank consistency via Spearman correlation.,json,1,False,"{
  ""verdict"": ""FAIL"",
  ""reason"": ""Candidate provides data for only one subject instead of analyzing all subjects and computing a correlation as required."",
  ""ground_truth_sanity"": ""SOUND"",
  ""ground_truth_note"": ""Ground truth correctly interprets the query by computing per-subject means and assessing rank consistency via Spearman correlation.""
}"
3,[in_memory_benchmark_run],FF_NO_CACHE,20,explicit,"For every subject_id, derive elapsed seconds from timestamp, then compute total locomotion duration (Walking, Jogging, Upstairs, Downstairs) and total resting duration (Sitting, Standing). Among subjects with more locomotion than resting time, return the subject_id with the largest locomotion-minus-resting duration.",False,subject_id 19 has the largest positive locomotion-minus-resting duration: 131091.171906999982 seconds.,"The result is {'subject_id': 19, 'locomotion_duration': 131357.35168599998, 'resting_duration': 266.179779, 'duration_delta': 131091.17190699998}",False,True,"df = df[df['activity_label'].notna() & df['activity_label'].astype(str).str.strip().ne('')]
df = df.sort_values(['subject_id', 'timestamp']); df['dt_s'] = df.groupby(['subject_id'])['timestamp'].diff().dt.total_seconds().clip(lower=0).fillna(0.0)
# PARALLEL_AGGREGATE branches:
branch_0 = df[df['activity_label'].isin(['Downstairs', 'Jogging', 'Upstairs', 'Walking'])].groupby(['subject_id'])['dt_s'].sum()
branch_1 = df[df['activity_label'].isin(['Sitting', 'Standing'])].groupby(['subject_id'])['dt_s'].sum()
merged = branch_0.merge(branch_1, on=['subject_id'], how='outer')
merged[['locomotion_duration', 'resting_duration']] = merged[['locomotion_duration', 'resting_duration']].fillna(0)
df['duration_delta'] = df['locomotion_duration'] - df['resting_duration']
df = df[df['duration_delta'] > 0]
idx = df['duration_delta'].idxmax(); result = df.loc[idx, ['subject_id', 'locomotion_duration', 'resting_duration', 'duration_delta']].to_dict()",PASS,1.0,"The candidate answer identifies subject_id 19 with a locomotion-minus-resting duration of 131091.172 seconds, matching the ground truth.",SOUND,The ground truth is consistent with the computed result.,json,1,False,"{
  ""verdict"": ""PASS"",
  ""reason"": ""The candidate answer identifies subject_id 19 with a locomotion-minus-resting duration of 131091.172 seconds, matching the ground truth."",
  ""ground_truth_sanity"": ""SOUND"",
  ""ground_truth_note"": ""The ground truth is consistent with the computed result.""
}"
3,[in_memory_benchmark_run],FF_NO_PROMPT,1,explicit,What is the maximum recorded x-acceleration for user 15?,False,Maximum x-acceleration for user 15 is 19.5700.,The result is 19.57,False,True,"df = df[df['subject_id'].isin([15])]
result = df['x'].max()",PASS,1.0,The candidate answer matches the ground truth value exactly.,SOUND,The ground truth provides a clear and plausible numeric value.,json,1,False,"{
  ""verdict"": ""PASS"",
  ""reason"": ""The candidate answer matches the ground truth value exactly."",
  ""ground_truth_sanity"": ""SOUND"",
  ""ground_truth_note"": ""The ground truth provides a clear and plausible numeric value.""
}"
3,[in_memory_benchmark_run],FF_NO_PROMPT,2,explicit,How many users have the activity label walking?,False,Total users Walking in the dataset: 36.,The result is 36,False,True,"df = df[df['activity_label'].notna() & df['activity_label'].astype(str).str.strip().ne('')]
df = df[df['activity_label'].isin(['Walking'])]
result = df['subject_id'].nunique()",PASS,1.0,The candidate answer matches the ground truth in both value and meaning.,SOUND,Clear and consistent with the query.,json,1,False,"{
  ""verdict"": ""PASS"",
  ""reason"": ""The candidate answer matches the ground truth in both value and meaning."",
  ""ground_truth_sanity"": ""SOUND"",
  ""ground_truth_note"": ""Clear and consistent with the query.""
}"
3,[in_memory_benchmark_run],FF_NO_PROMPT,3,explicit,What is the average y-acceleration of user 5 with activity label Sitting?,False,Average y-acceleration for user 5 during Sitting is 3.0414.,The result is: 3.0414423076923076,False,True,result = df[(df['subject_id'] == 5) & (df['activity_label'] == 'Sitting')]['y'].mean(),PASS,1.0,The candidate answer matches the ground truth value exactly.,SOUND,The ground truth provides a clear and plausible numeric value.,json,1,False,"{
  ""verdict"": ""PASS"",
  ""reason"": ""The candidate answer matches the ground truth value exactly."",
  ""ground_truth_sanity"": ""SOUND"",
  ""ground_truth_note"": ""The ground truth provides a clear and plausible numeric value.""
}"
3,[in_memory_benchmark_run],FF_NO_PROMPT,4,explicit,Which user has the highest total number of recorded data samples?,False,User with the highest sample count is 20 with 56632 samples.,"The result is {'subject_id': 20, 'count': 56632}",False,True,"result = df.groupby('subject_id').size()
result = result.idxmax()",PASS,1.0,"The candidate answer identifies user 20 with 56632 samples, matching the ground truth.",SOUND,Clear and consistent with typical data summary format.,json,1,False,"{
  ""verdict"": ""PASS"",
  ""reason"": ""The candidate answer identifies user 20 with 56632 samples, matching the ground truth."",
  ""ground_truth_sanity"": ""SOUND"",
  ""ground_truth_note"": ""Clear and consistent with typical data summary format.""
}"
3,[in_memory_benchmark_run],FF_NO_PROMPT,5,explicit,"Compare the overall acceleration magnitude between dynamic (walking,jogging,upstairs,downstairs) and resting (sitting,standing) states.",False,"Average magnitude for dynamic activities (walking,jogging,upstairs,downstairs) is 11.9625; resting activities (sitting,standing) is 9.8328; difference (dynamic-resting) is 2.1297.","The result is: {""dynamic_mean"": 11.962538760453763, ""resting_mean"": 9.832791762650903}",False,True,"df = df[df['activity_label'] != '']
dynamic_activities = ['Walking', 'Jogging', 'Upstairs', 'Downstairs']
resting_activities = ['Sitting', 'Standing']
df['acceleration_magnitude'] = (df['x']**2 + df['y']**2 + df['z']**2)**0.5
dynamic_mean = df[df['activity_label'].isin(dynamic_activities)]['acceleration_magnitude'].mean()
resting_mean = df[df['activity_label'].isin(resting_activities)]['acceleration_magnitude'].mean()
result = {'dynamic_mean': dynamic_mean, 'resting_mean': resting_mean}",FAIL,0.0,Candidate answer omits the difference (2.13) specified in the ground truth.,SOUND,Ground truth provides complete comparison including means and their difference.,json,1,False,"{
  ""verdict"": ""FAIL"",
  ""reason"": ""Candidate answer omits the difference (2.13) specified in the ground truth."",
  ""ground_truth_sanity"": ""SOUND"",
  ""ground_truth_note"": ""Ground truth provides complete comparison including means and their difference.""
}"
3,[in_memory_benchmark_run],FF_NO_PROMPT,7,explicit,What is the median acceleration magnitude for user 20 with activity label Upstairs?,False,Median net acceleration vector length for user 20 while ascending steps is 9.8931.,The result is 9.893086174221672,False,True,"df = df[df['subject_id'].isin([20])]
df = df[df['activity_label'].isin(['Upstairs'])]
df['acceleration_magnitude'] = (df['x']**2 + df['y']**2 + df['z']**2)**0.5
result = df['acceleration_magnitude'].median()",PASS,1.0,The candidate answer matches the ground truth value exactly.,SOUND,Clear and consistent with the query.,json,1,False,"{
  ""verdict"": ""PASS"",
  ""reason"": ""The candidate answer matches the ground truth value exactly."",
  ""ground_truth_sanity"": ""SOUND"",
  ""ground_truth_note"": ""Clear and consistent with the query.""
}"
3,[in_memory_benchmark_run],FF_NO_PROMPT,8,explicit,Calculate the absolute difference between the mean z-axis acceleration of activity labels Upstairs and Downstairs.,False,Average z for ascending elevation changes is 0.3235; descending is 0.6841; absolute difference (ascending-descending) is 0.3605.,The result is: 0.36054538544109566,False,True,"# Filter out empty activity labels
df_filtered = df[df['activity_label'] != '']

# Calculate mean z-axis acceleration for 'Upstairs' and 'Downstairs'
mean_upstairs = df_filtered[df_filtered['activity_label'] == 'Upstairs']['z'].mean()
mean_downstairs = df_filtered[df_filtered['activity_label'] == 'Downstairs']['z'].mean()

# Calculate absolute difference
result = abs(mean_upstairs - mean_downstairs)",PASS,1.0,The candidate answer 0.361 is numerically equivalent to the ground truth 0.36 within the allowed rounding tolerance (< 0.01).,SOUND,Values and calculation are consistent with the query.,json,3,False,"{
  ""verdict"": ""PASS"",
  ""reason"": ""The candidate answer 0.361 is numerically equivalent to the ground truth 0.36 within the allowed rounding tolerance (< 0.01)."",
  ""ground_truth_sanity"": ""SOUND"",
  ""ground_truth_note"": ""Values and calculation are consistent with the query.""
}"
3,[in_memory_benchmark_run],FF_NO_PROMPT,13,explicit,"Sort all WISDM rows by timestamp in ascending order, using subject_id as the tie-breaker. Use the first 80% of rows for training and the final 20% as the chronological holdout. Train a logistic regression model using the features x, y and z. Predict the activity label for the first row in the holdout set.",False,Logistic regression predicts activity 'Jogging' for the first holdout row.,The result is Logistic regression predicts activity_label '1' for the first holdout row.,False,True,"df = df[df['activity_label'].notna() & df['activity_label'].astype(str).str.strip().ne('')]
# sort_by=['timestamp', 'subject_id'] split=878558/1098198 model='logistic_regression' features=['x', 'y', 'z']
result = ""Logistic regression predicts activity_label '1' for the first holdout row.""",FAIL,0.0,"The candidate answer uses label '1' while the ground truth specifies activity 'Jogging', and there's no indication that '1' maps to 'Jogging'.",SOUND,Assumes standard WISDM labeling where numeric codes correspond to known activities like Jogging.,json,3,False,"{
  ""verdict"": ""FAIL"",
  ""reason"": ""The candidate answer uses label '1' while the ground truth specifies activity 'Jogging', and there's no indication that '1' maps to 'Jogging'."",
  ""ground_truth_sanity"": ""SOUND"",
  ""ground_truth_note"": ""Assumes standard WISDM labeling where numeric codes correspond to known activities like Jogging.""
}"
3,[in_memory_benchmark_run],FF_NO_PROMPT,14,explicit,"Sort all WISDM rows by timestamp in ascending order, using subject_id as the tie-breaker. Use the first 80% of rows for training and the final 20% as the chronological holdout. Train a random forest model using the features x, y and z. Predict the activity label for the first row in the holdout set.",False,Random forest predicts activity 'Sitting' for the first holdout row.,The result is Random forest predicts activity_label '1' for the first holdout row.,False,True,"df = df[df['activity_label'].notna() & df['activity_label'].astype(str).str.strip().ne('')]
# sort_by=['timestamp', 'subject_id'] split=878558/1098198 model='random_forest' features=['x', 'y', 'z']
result = ""Random forest predicts activity_label '1' for the first holdout row.""",FAIL,0.0,"The candidate answer uses a numeric label '1' while the ground truth specifies the activity name 'Sitting'; without confirmation that '1' maps to 'Sitting', they are not semantically equivalent.",SOUND,Assumes standard WISDM labeling where 'Sitting' corresponds to label '1'.,json,1,False,"{
  ""verdict"": ""FAIL"",
  ""reason"": ""The candidate answer uses a numeric label '1' while the ground truth specifies the activity name 'Sitting'; without confirmation that '1' maps to 'Sitting', they are not semantically equivalent."",
  ""ground_truth_sanity"": ""SOUND"",
  ""ground_truth_note"": ""Assumes standard WISDM labeling where 'Sitting' corresponds to label '1'.""
}"
3,[in_memory_benchmark_run],FF_NO_PROMPT,15,explicit,"Sort all WISDM rows by timestamp in ascending order, using subject_id as the tie-breaker. Use the first 80% of rows for training and the final 20% as the chronological holdout. Train a 1-nearest-neighbor model using the features x, y and z. Predict the activity label for the first row in the holdout set.",False,1-nearest-neighbor predicts activity 'Sitting' for the first holdout row.,The result is 1-nearest-neighbor predicts activity_label '1' for the first holdout row.,False,True,"df = df[df['activity_label'].notna() & df['activity_label'].astype(str).str.strip().ne('')]
# sort_by=['timestamp', 'subject_id'] split=878558/1098198 model='one_nearest_neighbor' features=['x', 'y', 'z']
result = ""1-nearest-neighbor predicts activity_label '1' for the first holdout row.""",PASS,1.0,Deterministic override: candidate contains the same primary numeric value as ground truth.,SOUND,"Assumes standard WISDM label mapping where 'Sitting' corresponds to a descriptive label, not a numeric code.",json,2,True,"{
  ""verdict"": ""FAIL"",
  ""reason"": ""The candidate answer uses activity label '1' while the ground truth specifies 'Sitting', which are not semantically equivalent without a provided label mapping."",
  ""ground_truth_sanity"": ""SOUND"",
  ""ground_truth_note"": ""Assumes standard WISDM label mapping where 'Sitting' corresponds to a descriptive label, not a numeric code.""
}"
3,[in_memory_benchmark_run],FF_NO_PROMPT,16,explicit,"Sort all WISDM rows by timestamp in ascending order, using subject_id as the tie-breaker. Use the first 80% of rows for training and the final 20% as the chronological holdout. Train a hist gradient boosting model using the features x, y and z. Predict the activity label for the first row in the holdout set.",False,Hist gradient boosting predicts activity 'Sitting' for the first holdout row.,The result is Hist gradient boosting predicts activity_label '1' for the first holdout row.,False,True,"df = df[df['activity_label'].notna() & df['activity_label'].astype(str).str.strip().ne('')]
# sort_by=['timestamp', 'subject_id'] split=878558/1098198 model='hist_gradient_boosting' features=['x', 'y', 'z']
result = ""Hist gradient boosting predicts activity_label '1' for the first holdout row.""",FAIL,0.0,"The candidate answer uses a numeric label '1' while the ground truth specifies the activity name 'Sitting', and without confirmation that '1' maps to 'Sitting', they are not semantically equivalent.",SOUND,Assumes standard WISDM label encoding where 'Sitting' corresponds to a known string label.,json,2,False,"{
  ""verdict"": ""FAIL"",
  ""reason"": ""The candidate answer uses a numeric label '1' while the ground truth specifies the activity name 'Sitting', and without confirmation that '1' maps to 'Sitting', they are not semantically equivalent."",
  ""ground_truth_sanity"": ""SOUND"",
  ""ground_truth_note"": ""Assumes standard WISDM label encoding where 'Sitting' corresponds to a known string label.""
}"
3,[in_memory_benchmark_run],FF_NO_PROMPT,17,explicit,"For every subject_id, compute mean acceleration magnitude separately for dynamic activities (Walking, Jogging, Upstairs, Downstairs) and resting activities (Sitting, Standing). Return the subject_id with the largest dynamic-minus-resting mean magnitude.",False,subject_id 24 has the largest dynamic-minus-resting mean magnitude: 4.739240077985.,The result is: 24,False,True,"df = df[df['activity_label'] != '']
df['acc_magnitude'] = (df['x']**2 + df['y']**2 + df['z']**2)**0.5
dynamic_activities = ['Walking', 'Jogging', 'Upstairs', 'Downstairs']
resting_activities = ['Sitting', 'Standing']
df_dynamic = df[df['activity_label'].isin(dynamic_activities)]
df_resting = df[df['activity_label'].isin(resting_activities)]
mean_dynamic = df_dynamic.groupby('subject_id')['acc_magnitude'].mean()
mean_resting = df_resting.groupby('subject_id')['acc_magnitude'].mean()
diff = mean_dynamic - mean_resting
result = diff.idxmax()",PASS,1.0,"The candidate correctly identifies subject_id 24 as the answer, which matches the ground truth.",SOUND,Ground truth provides a clear and plausible numeric result with context.,json,1,False,"{
  ""verdict"": ""PASS"",
  ""reason"": ""The candidate correctly identifies subject_id 24 as the answer, which matches the ground truth."",
  ""ground_truth_sanity"": ""SOUND"",
  ""ground_truth_note"": ""Ground truth provides a clear and plausible numeric result with context.""
}"
3,[in_memory_benchmark_run],FF_NO_PROMPT,18,explicit,"For every subject_id, compute x-acceleration variance separately while Jogging and while Walking. Return the subject_id for whom Jogging pulls furthest ahead of Walking.",False,subject_id 12 has the most negative Jogging-minus-Walking x-variance difference (Walking exceeds Jogging by the largest margin): -16.746789937351.,"The result is {'subject_id': 8, 'jogging_var': 126.69033515064194}",False,True,"df = df[df['activity_label'].notna() & df['activity_label'].astype(str).str.strip().ne('')]
# PARALLEL_AGGREGATE branches:
branch_0 = df[df['activity_label'].isin(['Jogging'])].groupby(['subject_id'])['x'].var()
branch_1 = df[df['activity_label'].isin(['Walking'])].groupby(['subject_id'])['x'].var()
merged = branch_0.merge(branch_1, on=['subject_id'], how='outer')
idx = df['jogging_var'].idxmax(); result = df.loc[idx, ['subject_id']].to_dict()",FAIL,0.0,"Candidate identifies subject_id 8 as the answer, but ground truth states subject_id 12 has the most negative Jogging-minus-Walking x-variance difference.",SOUND,Ground truth correctly interprets the query as seeking the subject with the largest negative difference (Walking > Jogging).,json,1,False,"{
  ""verdict"": ""FAIL"",
  ""reason"": ""Candidate identifies subject_id 8 as the answer, but ground truth states subject_id 12 has the most negative Jogging-minus-Walking x-variance difference."",
  ""ground_truth_sanity"": ""SOUND"",
  ""ground_truth_note"": ""Ground truth correctly interprets the query as seeking the subject with the largest negative difference (Walking > Jogging).""
}"
3,[in_memory_benchmark_run],FF_NO_PROMPT,19,explicit,"For every subject_id, compute mean acceleration magnitude while Jogging and while Walking. Report whether subjects who jog harder also walk harder, ranking subjects consistently across both activities.",False,Yes — subjects who jog harder also tend to walk harder: the Spearman rank correlation between per-subject Jogging and Walking mean magnitudes is 0.703812316716.,"The result is {'groups': 36, 'columns': ['subject_id', 'mean_jogging', 'mean_walking']}",False,True,"df = df[df['activity_label'].notna() & df['activity_label'].astype(str).str.strip().ne('')]
df['acceleration_magnitude'] = (df['x']**2 + df['y']**2 + df['z']**2)**0.5
df = df[df['activity_label'].isin(['Jogging', 'Walking'])]
result = df.groupby(['subject_id', 'activity_label'])['acceleration_magnitude'].mean()
# PARALLEL_AGGREGATE branches:
branch_0 = df[df['activity_label'].isin(['Jogging'])].groupby(['subject_id'])['acceleration_magnitude'].mean()
branch_1 = df[df['activity_label'].isin(['Walking'])].groupby(['subject_id'])['acceleration_magnitude'].mean()
merged = branch_0.merge(branch_1, on=['subject_id'], how='outer')",FAIL,0.0,Candidate answer provides incomplete data without computing or reporting the required correlation or conclusion.,SOUND,Ground truth correctly interprets the query by computing per-subject means and assessing rank consistency via Spearman correlation.,json,2,False,"{
  ""verdict"": ""FAIL"",
  ""reason"": ""Candidate answer provides incomplete data without computing or reporting the required correlation or conclusion."",
  ""ground_truth_sanity"": ""SOUND"",
  ""ground_truth_note"": ""Ground truth correctly interprets the query by computing per-subject means and assessing rank consistency via Spearman correlation.""
}"
3,[in_memory_benchmark_run],FF_NO_PRUNE,1,explicit,What is the maximum recorded x-acceleration for user 15?,False,Maximum x-acceleration for user 15 is 19.5700.,The result is 19.57,False,True,"df = df[df['subject_id'] == 15]
result = df['x'].max()",PASS,1.0,The candidate answer matches the ground truth value exactly.,SOUND,The ground truth provides a clear and plausible numeric value.,json,1,False,"{
  ""verdict"": ""PASS"",
  ""reason"": ""The candidate answer matches the ground truth value exactly."",
  ""ground_truth_sanity"": ""SOUND"",
  ""ground_truth_note"": ""The ground truth provides a clear and plausible numeric value.""
}"
3,[in_memory_benchmark_run],FF_NO_PRUNE,2,explicit,How many users have the activity label walking?,False,Total users Walking in the dataset: 36.,The result is 36,False,True,"df = df[df['activity_label'].notna() & df['activity_label'].astype(str).str.strip().ne('')]
df = df[df['activity_label'].isin(['Walking'])]
result = df['subject_id'].nunique()",PASS,1.0,The candidate answer '36' matches the ground truth '36' in both fact and meaning.,SOUND,Clear and consistent with the query.,json,1,False,"{
  ""verdict"": ""PASS"",
  ""reason"": ""The candidate answer '36' matches the ground truth '36' in both fact and meaning."",
  ""ground_truth_sanity"": ""SOUND"",
  ""ground_truth_note"": ""Clear and consistent with the query.""
}"
3,[in_memory_benchmark_run],FF_NO_PRUNE,3,explicit,What is the average y-acceleration of user 5 with activity label Sitting?,False,Average y-acceleration for user 5 during Sitting is 3.0414.,The result is 3.0414423076923076,False,True,"df = df[df['subject_id'] == 5]
df = df[df['activity_label'].isin(['Sitting'])]
result = df['y'].mean()",PASS,1.0,The candidate answer matches the ground truth value exactly.,SOUND,Value is specific and consistent with the query.,json,1,False,"{
  ""verdict"": ""PASS"",
  ""reason"": ""The candidate answer matches the ground truth value exactly."",
  ""ground_truth_sanity"": ""SOUND"",
  ""ground_truth_note"": ""Value is specific and consistent with the query.""
}"
3,[in_memory_benchmark_run],FF_NO_PRUNE,4,explicit,Which user has the highest total number of recorded data samples?,False,User with the highest sample count is 20 with 56632 samples.,"The result is {'subject_id': 20, 'count': 56632}",False,True,"df = df[df['activity_label'].notna() & df['activity_label'].astype(str).str.strip().ne('')]
result = df.groupby('subject_id').size()
result = result.idxmax()",PASS,1.0,"The candidate answer identifies user 20 with 56632 samples, matching the ground truth.",SOUND,Clear and consistent with typical data summarization.,json,1,False,"{
  ""verdict"": ""PASS"",
  ""reason"": ""The candidate answer identifies user 20 with 56632 samples, matching the ground truth."",
  ""ground_truth_sanity"": ""SOUND"",
  ""ground_truth_note"": ""Clear and consistent with typical data summarization.""
}"
3,[in_memory_benchmark_run],FF_NO_PRUNE,5,explicit,"Compare the overall acceleration magnitude between dynamic (walking,jogging,upstairs,downstairs) and resting (sitting,standing) states.",False,"Average magnitude for dynamic activities (walking,jogging,upstairs,downstairs) is 11.9625; resting activities (sitting,standing) is 9.8328; difference (dynamic-resting) is 2.1297.","The result is {'higher': 'dynamic', 'lower': 'resting', 'metric': 'mean acceleration_magnitude', 'dynamic': 11.962538760453763, 'resting': 9.832791762650903, 'difference': 2.12974699780286}",False,True,"df = df[df['activity_label'].notna() & df['activity_label'].astype(str).str.strip().ne('')]
df['acceleration_magnitude'] = (df['x']**2 + df['y']**2 + df['z']**2)**0.5
dynamic = df[df['activity_label'].isin(['Downstairs', 'Jogging', 'Upstairs', 'Walking'])]
resting = df[df['activity_label'].isin(['Sitting', 'Standing'])]
result = {label: agg(partition) for label in partitions}
result = compare(dynamic, resting, mode='difference')",PASS,1.0,The candidate answer provides the same numerical values and correctly identifies dynamic activities as having higher acceleration magnitude than resting activities.,SOUND,Ground truth contains consistent and plausible numeric comparisons.,json,1,False,"{
  ""verdict"": ""PASS"",
  ""reason"": ""The candidate answer provides the same numerical values and correctly identifies dynamic activities as having higher acceleration magnitude than resting activities."",
  ""ground_truth_sanity"": ""SOUND"",
  ""ground_truth_note"": ""Ground truth contains consistent and plausible numeric comparisons.""
}"
3,[in_memory_benchmark_run],FF_NO_PRUNE,6,explicit,"Identify the user whose total recorded duration of resting states (sitting,standing) exceeds their duration of dynamic movements (walking,jogging,upstairs,downstairs) by the largest margin.",False,"Users [20, 6, 16] have total stationary duration (sitting, standing) exceeding locomotion duration (walking, jogging, upstairs, downstairs). User 20 has the largest margin (delta=54004.34s).","The result is {'subject_id': 20, 'resting_duration': 56906.660065, 'dynamic_duration': 2902.322246, 'duration_delta': 54004.33781899999}",False,True,"df = df[df['activity_label'].notna() & df['activity_label'].astype(str).str.strip().ne('')]
df = df.sort_values(['subject_id', 'timestamp']); df['dt_s'] = df.groupby(['subject_id'])['timestamp'].diff().dt.total_seconds().clip(lower=0).fillna(0.0)
# PARALLEL_AGGREGATE branches:
branch_0 = df[df['activity_label'].isin(['Sitting', 'Standing'])].groupby(['subject_id'])['dt_s'].sum()
branch_1 = df[df['activity_label'].isin(['Downstairs', 'Jogging', 'Upstairs', 'Walking'])].groupby(['subject_id'])['dt_s'].sum()
merged = branch_0.merge(branch_1, on=['subject_id'], how='outer')
merged[['resting_duration', 'dynamic_duration']] = merged[['resting_duration', 'dynamic_duration']].fillna(0)
df['duration_delta'] = df['resting_duration'] - df['dynamic_duration']
df = df[df['duration_delta'] > 0]
idx = df['duration_delta'].idxmax(); result = df.loc[idx, ['subject_id', 'resting_duration', 'dynamic_duration', 'duration_delta']].to_dict()",FAIL,0.0,Judge infrastructure fallback: unable to obtain valid JSON verdict after retries (invoke_error:TooManyRequestsResponseError:Rate limit exceeded: qwen/qwen3-max/5e31ba3c-d5bf-4ced-a52d-96e2e6635f95. High demand for qwen/qwen3-max on OpenRouter - limited to 20 requests per minute. Please retry shortly.).,,,fallback:invalid:invoke_error:TooManyRequestsResponseError:Rate limit exceeded: qwen/qwen3-max/5e31ba3c-d5bf-4ced-a52d-96e2e6635f95. High demand for qwen/qwen3-max on OpenRouter - limited to 20 requests per minute. Please retry shortly.,4,False,
3,[in_memory_benchmark_run],FF_NO_PRUNE,7,explicit,What is the median acceleration magnitude for user 20 with activity label Upstairs?,False,Median net acceleration vector length for user 20 while ascending steps is 9.8931.,The result is 9.893086174221672,False,True,"df = df[df['subject_id'].isin([20])]
df = df[df['activity_label'].isin(['Upstairs'])]
df['acceleration_magnitude'] = (df['x']**2 + df['y']**2 + df['z']**2)**0.5
result = df['acceleration_magnitude'].median()",PASS,1.0,The candidate answer matches the ground truth value exactly.,SOUND,Clear and precise numeric answer consistent with the query.,json,4,False,"{
  ""verdict"": ""PASS"",
  ""reason"": ""The candidate answer matches the ground truth value exactly."",
  ""ground_truth_sanity"": ""SOUND"",
  ""ground_truth_note"": ""Clear and precise numeric answer consistent with the query.""
}"
3,[in_memory_benchmark_run],FF_NO_PRUNE,8,explicit,Calculate the absolute difference between the mean z-axis acceleration of activity labels Upstairs and Downstairs.,False,Average z for ascending elevation changes is 0.3235; descending is 0.6841; absolute difference (ascending-descending) is 0.3605.,"The result is {'higher': 'downstairs', 'lower': 'upstairs', 'metric': 'mean z', 'upstairs': 0.323542237509624, 'downstairs': 0.6840876229507197, 'abs_difference': 0.36054538544109566}",False,True,"df = df[df['activity_label'].notna() & df['activity_label'].astype(str).str.strip().ne('')]
upstairs = df[df['activity_label'].isin(['Upstairs'])]
downstairs = df[df['activity_label'].isin(['Downstairs'])]
result = {label: agg(partition) for label in partitions}
result = compare(upstairs, downstairs, mode='abs_difference')",PASS,1.0,The candidate provides the same mean z values and absolute difference (0.361 ≈ 0.36) as the ground truth.,SOUND,Values are consistent and correctly interpreted.,json,2,False,"{
  ""verdict"": ""PASS"",
  ""reason"": ""The candidate provides the same mean z values and absolute difference (0.361 ≈ 0.36) as the ground truth."",
  ""ground_truth_sanity"": ""SOUND"",
  ""ground_truth_note"": ""Values are consistent and correctly interpreted.""
}"
3,[in_memory_benchmark_run],FF_NO_PRUNE,13,explicit,"Sort all WISDM rows by timestamp in ascending order, using subject_id as the tie-breaker. Use the first 80% of rows for training and the final 20% as the chronological holdout. Train a logistic regression model using the features x, y and z. Predict the activity label for the first row in the holdout set.",False,Logistic regression predicts activity 'Jogging' for the first holdout row.,The result is Logistic regression predicts activity_label 'Jogging' for the first holdout row.,False,True,"# sort_by=['timestamp', 'subject_id'] split=878558/1098198 model='logistic_regression' features=['x', 'y', 'z']
result = ""Logistic regression predicts activity_label 'Jogging' for the first holdout row.""",PASS,1.0,The candidate answer is semantically and factually equivalent to the ground truth.,SOUND,Clear and consistent with the query's requirements.,json,2,False,"{
  ""verdict"": ""PASS"",
  ""reason"": ""The candidate answer is semantically and factually equivalent to the ground truth."",
  ""ground_truth_sanity"": ""SOUND"",
  ""ground_truth_note"": ""Clear and consistent with the query's requirements.""
}"
3,[in_memory_benchmark_run],FF_NO_PRUNE,14,explicit,"Sort all WISDM rows by timestamp in ascending order, using subject_id as the tie-breaker. Use the first 80% of rows for training and the final 20% as the chronological holdout. Train a random forest model using the features x, y and z. Predict the activity label for the first row in the holdout set.",False,Random forest predicts activity 'Sitting' for the first holdout row.,The result is Random forest predicts activity_label 'Sitting' for the first holdout row.,False,True,"# sort_by=['timestamp', 'subject_id'] split=878558/1098198 model='random_forest' features=['x', 'y', 'z']
result = ""Random forest predicts activity_label 'Sitting' for the first holdout row.""",PASS,1.0,The candidate answer is semantically and factually equivalent to the ground truth.,SOUND,The ground truth is clear and consistent with the query.,json,1,False,"{
  ""verdict"": ""PASS"",
  ""reason"": ""The candidate answer is semantically and factually equivalent to the ground truth."",
  ""ground_truth_sanity"": ""SOUND"",
  ""ground_truth_note"": ""The ground truth is clear and consistent with the query.""
}"
3,[in_memory_benchmark_run],FF_NO_PRUNE,15,explicit,"Sort all WISDM rows by timestamp in ascending order, using subject_id as the tie-breaker. Use the first 80% of rows for training and the final 20% as the chronological holdout. Train a 1-nearest-neighbor model using the features x, y and z. Predict the activity label for the first row in the holdout set.",False,1-nearest-neighbor predicts activity 'Sitting' for the first holdout row.,The result is 1-nearest-neighbor predicts label 'Sitting' for the first holdout row.,False,True,"# sort_by=['timestamp', 'subject_id'] split=878558/1098198 model='one_nearest_neighbor' features=['x', 'y', 'z']
result = ""1-nearest-neighbor predicts label 'Sitting' for the first holdout row.""",PASS,1.0,The candidate answer is factually and semantically equivalent to the ground truth.,SOUND,Clear and consistent with the query's requirements.,json,3,False,"{
  ""verdict"": ""PASS"",
  ""reason"": ""The candidate answer is factually and semantically equivalent to the ground truth."",
  ""ground_truth_sanity"": ""SOUND"",
  ""ground_truth_note"": ""Clear and consistent with the query's requirements.""
}"
3,[in_memory_benchmark_run],FF_NO_PRUNE,16,explicit,"Sort all WISDM rows by timestamp in ascending order, using subject_id as the tie-breaker. Use the first 80% of rows for training and the final 20% as the chronological holdout. Train a hist gradient boosting model using the features x, y and z. Predict the activity label for the first row in the holdout set.",False,Hist gradient boosting predicts activity 'Sitting' for the first holdout row.,The predicted behavior label for the first holdout row is: Sitting.,False,True,"# Filter out rows with empty activity_label
df = df[df['activity_label'] != '']

# Sort by timestamp and subject_id
df = df.sort_values(['timestamp', 'subject_id'])

# Split into train (80%) and holdout (20%)
n = len(df)
train_end = int(0.8 * n)
train_df = df.iloc[:train_end]
holdout_df = df.iloc[train_end:]

# Prepare features and target
X_train = train_df[['x', 'y', 'z']]
y_train = train_df['activity_label']

# Train HistGradientBoostingClassifier
from sklearn.ensemble import HistGradientBoostingClassifier
model = HistGradientBoostingClassifier()
model.fit(X_train, y_train)

# Predict the first row in holdout set
first_holdout = holdout_df.iloc[0][['x', 'y', 'z']].values.reshape(1, -1)
result = model.predict(first_holdout)[0]",PASS,1.0,The candidate answer matches the ground truth in predicting 'Sitting' for the first holdout row.,SOUND,Prediction aligns with expected model behavior on WISDM data.,json,3,False,"{
  ""verdict"": ""PASS"",
  ""reason"": ""The candidate answer matches the ground truth in predicting 'Sitting' for the first holdout row."",
  ""ground_truth_sanity"": ""SOUND"",
  ""ground_truth_note"": ""Prediction aligns with expected model behavior on WISDM data.""
}"
3,[in_memory_benchmark_run],FF_NO_PRUNE,17,explicit,"For every subject_id, compute mean acceleration magnitude separately for dynamic activities (Walking, Jogging, Upstairs, Downstairs) and resting activities (Sitting, Standing). Return the subject_id with the largest dynamic-minus-resting mean magnitude.",False,subject_id 24 has the largest dynamic-minus-resting mean magnitude: 4.739240077985.,"The result is {'subject_id': 24, 'dynamic_mean_magnitude': 13.872703393647935, 'resting_mean_magnitude': 9.133463315662746, 'magnitude_difference': 4.739240077985189}",False,True,"df = df[df['activity_label'].notna() & df['activity_label'].astype(str).str.strip().ne('')]
df['acceleration_magnitude'] = (df['x']**2 + df['y']**2 + df['z']**2)**0.5
# PARALLEL_AGGREGATE branches:
branch_0 = df[df['activity_label'].isin(['Downstairs', 'Jogging', 'Upstairs', 'Walking'])].groupby(['subject_id'])['acceleration_magnitude'].mean()
branch_1 = df[df['activity_label'].isin(['Sitting', 'Standing'])].groupby(['subject_id'])['acceleration_magnitude'].mean()
merged = branch_0.merge(branch_1, on=['subject_id'], how='outer')
df['magnitude_difference'] = df['dynamic_mean_magnitude'] - df['resting_mean_magnitude']
idx = df['magnitude_difference'].idxmax(); result = df.loc[idx, ['subject_id', 'dynamic_mean_magnitude', 'resting_mean_magnitude', 'magnitude_difference']].to_dict()",PASS,1.0,"The candidate answer identifies subject_id 24 with a dynamic-minus-resting magnitude difference of 4.739, matching the ground truth.",SOUND,Ground truth is consistent with the candidate's detailed breakdown.,json,3,False,"{
  ""verdict"": ""PASS"",
  ""reason"": ""The candidate answer identifies subject_id 24 with a dynamic-minus-resting magnitude difference of 4.739, matching the ground truth."",
  ""ground_truth_sanity"": ""SOUND"",
  ""ground_truth_note"": ""Ground truth is consistent with the candidate's detailed breakdown.""
}"
3,[in_memory_benchmark_run],FF_NO_PRUNE,18,explicit,"For every subject_id, compute x-acceleration variance separately while Jogging and while Walking. Return the subject_id for whom Jogging pulls furthest ahead of Walking.",False,subject_id 12 has the most negative Jogging-minus-Walking x-variance difference (Walking exceeds Jogging by the largest margin): -16.746789937351.,"The result is {'subject_id': 31, 'jogging_x_var': 109.50167848631395, 'walking_x_var': 7.69762219970115, 'variance_delta': 101.8040562866128}",False,True,"df = df[df['activity_label'].notna() & df['activity_label'].astype(str).str.strip().ne('')]
# PARALLEL_AGGREGATE branches:
branch_0 = df[df['activity_label'].isin(['Jogging'])].groupby(['subject_id'])['x'].var()
branch_1 = df[df['activity_label'].isin(['Walking'])].groupby(['subject_id'])['x'].var()
merged = branch_0.merge(branch_1, on=['subject_id'], how='outer')
df['variance_delta'] = df['jogging_x_var'] - df['walking_x_var']
idx = df['variance_delta'].idxmax(); result = df.loc[idx, ['subject_id', 'jogging_x_var', 'walking_x_var', 'variance_delta']].to_dict()",FAIL,0.0,"Candidate identifies subject_id 31 as having the largest positive difference (Jogging > Walking), but ground truth identifies subject_id 12 as having the most negative difference (Walking > Jogging).",SOUND,"Ground truth correctly interprets 'pulls furthest ahead' as the largest positive Jogging-minus-Walking difference; however, it reports a negative value, which contradicts the phrasing. Despite this, the note clarifies the intended meaning.",json,1,False,"{
  ""verdict"": ""FAIL"",
  ""reason"": ""Candidate identifies subject_id 31 as having the largest positive difference (Jogging > Walking), but ground truth identifies subject_id 12 as having the most negative difference (Walking > Jogging)."",
  ""ground_truth_sanity"": ""SOUND"",
  ""ground_truth_note"": ""Ground truth correctly interprets 'pulls furthest ahead' as the largest positive Jogging-minus-Walking difference; however, it reports a negative value, which contradicts the phrasing. Despite this, the note clarifies the intended meaning.""
}"
3,[in_memory_benchmark_run],FF_NO_PRUNE,19,explicit,"For every subject_id, compute mean acceleration magnitude while Jogging and while Walking. Report whether subjects who jog harder also walk harder, ranking subjects consistently across both activities.",False,Yes — subjects who jog harder also tend to walk harder: the Spearman rank correlation between per-subject Jogging and Walking mean magnitudes is 0.703812316716.,The result is 0.7491948405475497,False,True,"df = df[df['activity_label'].notna() & df['activity_label'].astype(str).str.strip().ne('')]
df['acceleration_magnitude'] = (df['x']**2 + df['y']**2 + df['z']**2)**0.5
# PARALLEL_AGGREGATE branches:
branch_0 = df[df['activity_label'].isin(['Jogging'])].groupby(['subject_id'])['acceleration_magnitude'].mean()
branch_1 = df[df['activity_label'].isin(['Walking'])].groupby(['subject_id'])['acceleration_magnitude'].mean()
merged = branch_0.merge(branch_1, on=['subject_id'], how='outer')
result = df['mean_jogging_mag'].corr(df['mean_walking_mag'], method='pearson')",FAIL,0.0,"The candidate answer provides a different correlation value (0.749) than the ground truth (0.704), which exceeds the allowed rounding tolerance.",SOUND,The ground truth provides a plausible Spearman correlation with clear interpretation.,json,1,False,"{
  ""verdict"": ""FAIL"",
  ""reason"": ""The candidate answer provides a different correlation value (0.749) than the ground truth (0.704), which exceeds the allowed rounding tolerance."",
  ""ground_truth_sanity"": ""SOUND"",
  ""ground_truth_note"": ""The ground truth provides a plausible Spearman correlation with clear interpretation.""
}"
3,[in_memory_benchmark_run],FF_NO_PRUNE,20,explicit,"For every subject_id, derive elapsed seconds from timestamp, then compute total locomotion duration (Walking, Jogging, Upstairs, Downstairs) and total resting duration (Sitting, Standing). Among subjects with more locomotion than resting time, return the subject_id with the largest locomotion-minus-resting duration.",False,subject_id 19 has the largest positive locomotion-minus-resting duration: 131091.171906999982 seconds.,"The result is {'subject_id': 19, 'locomotion_duration': 131357.35168599998, 'resting_duration': 266.179779, 'duration_delta': 131091.17190699998}",False,True,"df = df[df['activity_label'].notna() & df['activity_label'].astype(str).str.strip().ne('')]
df = df.sort_values(['subject_id', 'timestamp']); df['dt_s'] = df.groupby(['subject_id'])['timestamp'].diff().dt.total_seconds().clip(lower=0).fillna(0.0)
# PARALLEL_AGGREGATE branches:
branch_0 = df[df['activity_label'].isin(['Downstairs', 'Jogging', 'Upstairs', 'Walking'])].groupby(['subject_id'])['dt_s'].sum()
branch_1 = df[df['activity_label'].isin(['Sitting', 'Standing'])].groupby(['subject_id'])['dt_s'].sum()
merged = branch_0.merge(branch_1, on=['subject_id'], how='outer')
merged[['locomotion_duration', 'resting_duration']] = merged[['locomotion_duration', 'resting_duration']].fillna(0)
df['duration_delta'] = df['locomotion_duration'] - df['resting_duration']
df = df[df['duration_delta'] > 0]
idx = df['duration_delta'].idxmax(); result = df.loc[idx, ['subject_id', 'locomotion_duration', 'resting_duration', 'duration_delta']].to_dict()",PASS,1.0,"The candidate answer identifies subject_id 19 with a locomotion-minus-resting duration of 131091.172 seconds, matching the ground truth.",SOUND,Ground truth is consistent with the computed delta in the candidate answer.,json,2,False,"{
  ""verdict"": ""PASS"",
  ""reason"": ""The candidate answer identifies subject_id 19 with a locomotion-minus-resting duration of 131091.172 seconds, matching the ground truth."",
  ""ground_truth_sanity"": ""SOUND"",
  ""ground_truth_note"": ""Ground truth is consistent with the computed delta in the candidate answer.""
}"
